{"val_loss":0.10351054423621722,"train_loss":0.08840682719730669,"val_total":851,"_wandb":{"runtime":352},"val_correct":828,"train_samples_used":3404,"specificity":0.97741935480718,"auc":0.9933635442132253,"val_accuracy":97.2972972972973,"val_incorrect":23,"checkpoint_path":"Checkpoints/Hyperparametersuch-noTu-T/scarlet-sweep-91/checkpoint_epoch_020.pt","_timestamp":1.7480933289453201e+09,"sensitivity":0.9704251386142251,"val_probs_labels":{"_type":"table-file","sha256":"c72a7ffe9480278dffbff35294c3518d5651d4422f8689fdd0e57ddf7de9d69b","size":22024,"artifact_path":"wandb-client-artifact://wcuv7m17xzzzoacaxfvlmgw1le3vw369fhyhcl40uadcn38lxfd9rg1rhe46lh1ln1v11rqwyyk3rkwoxyi1qz7tlaxfbtp1mqiia8e05hsmwvzvwb8l8ny92g9lzjkq/val_probs_labels.table.json","_latest_artifact_path":"wandb-client-artifact://tpcmvg4qgbqaqvoka5mj09r3h4w9a6gy1w5qogvv8p8a9qzl79git8mi9d4xctvd711qj94cu79tudey142ahta0ftx7mjwaubqpx4yiurf69b5idxeswuiabbbjfuga:latest/val_probs_labels.table.json","path":"media/table/val_probs_labels_27_c72a7ffe9480278dffbf.table.json","ncols":2,"nrows":851},"epoch":26,"_step":27,"_runtime":352.098301861}