{"_wandb":{"runtime":299},"val_incorrect":34,"_runtime":299.791579942,"epoch":22,"_timestamp":1.7480970805466607e+09,"val_accuracy":96.00470035252644,"val_loss":0.20426337846687861,"val_correct":817,"sensitivity":0.9611829944369467,"auc":0.9882773835787967,"_step":23,"specificity":0.9580645160981269,"train_loss":0.03431849000561568,"val_total":851,"train_samples_used":3404,"val_probs_labels":{"_latest_artifact_path":"wandb-client-artifact://7vmqprcbrjyup34tz70fvmxfblx7c1zfvp35hi52pjtpv0yedwe35acw12mjtyhtqnepwfgbr1zntkcer0rliehkg8n3p6t9fi58pp0ncs1hg0tqu5q5o04ur34pv2yq:latest/val_probs_labels.table.json","path":"media/table/val_probs_labels_23_3320164f91a4dd6c0a06.table.json","ncols":2,"nrows":851,"_type":"table-file","sha256":"3320164f91a4dd6c0a063c14d30185c47981bdfadb1f09cdd3eecefed7267206","size":22115,"artifact_path":"wandb-client-artifact://kkywp750atrkmfym0dlm7shkh02dcmvypb4itpy4pjy04ajicyhoa1rtnd5fz47pbsk9av2thjhd7gtzoiwohwrhef4a0cshh6t3w19evojc9k8217ovjev4fy0rm9gi/val_probs_labels.table.json"},"checkpoint_path":"Checkpoints/Hyperparametersuch-noTu-T/resilient-sweep-98/checkpoint_epoch_020.pt"}