{"test_specificity":0.9728395061488188,"no_tumor_train":1276,"val_loss":0.09408451816333192,"test_correct":968,"_timestamp":1.7504389911552563e+09,"train_loss":0.03804660073824619,"specificity":0.9874608150160671,"val_accuracy":97.88484136310224,"_runtime":577.931697472,"train_samples_used":2340,"_wandb":{"runtime":577},"test_auc":0.9884855152181886,"epoch":44,"val_probs_labels":{"_latest_artifact_path":"wandb-client-artifact://2ha80xiisydswodfpg9lij1y1h8734a3h44kskpuwijv0qbvhzn7l3j7wnnq7sjvqd50khsqyj1q773qk9a7unlmqp3qc7y6hysqfwksxdwljo795uvp590wqvgpim5p:latest/val_probs_labels.table.json","path":"media/table/val_probs_labels_43_0a456b83bb6f845c0df4.table.json","ncols":2,"nrows":851,"_type":"table-file","sha256":"0a456b83bb6f845c0df48fcf2671243d03396d43096af53d74a8b5601891d0f8","size":22192,"artifact_path":"wandb-client-artifact://xxckojh1eybdqkw2fbi05yubjjw1ys0hyahbvrjlqzhgqfq32k8g0gvl6ity5zyqj06vi1ka8sm4uhz9bge367qtd3tov944o1m8dbpgermtus0hzxc4cp8hh3hcbpiv/val_probs_labels.table.json"},"test_sensitivity":0.947194719456317,"_step":44,"sensitivity":0.9736842105080135,"test_total":1011,"test_incorrect":43,"auc":0.9952329884271809,"test_accuracy":95.74678536102869,"tumor_train":1064}