{"test_correct":928,"_runtime":269.787901776,"auc":0.9864826188062725,"epoch":31,"train_samples_used":1702,"_wandb":{"runtime":269},"test_specificity":0.9679012345440025,"train_percent_used":0.5,"val_accuracy":94.47708578143362,"test_total":1011,"_timestamp":1.7498148658303185e+09,"val_loss":0.2011064663529396,"test_auc":0.9758586969808092,"test_sensitivity":0.884488448830289,"sensitivity":0.9741219962851364,"_step":31,"train_loss":0.03827758106802191,"test_incorrect":83,"val_probs_labels":{"nrows":851,"_type":"table-file","sha256":"acdd041a5de2e05e5eabfbd9e0b510fca123389c75300d04490d82d4c8a62ef7","size":21952,"artifact_path":"wandb-client-artifact://d0smp7615obr49pphubuhpl7uzwpziwnoeox550pgikxdjyfigs3tddkodgunywo1onx9zgntkxp8ie227fvw4rkaducrcoe8wfs12dmoffsgr6a7i6vwoclvntwrafn/val_probs_labels.table.json","_latest_artifact_path":"wandb-client-artifact://wolvh5e7rez7kaa83otjap347njvb5lt10fcq271ahjaw4pi8ul2s4ct2hb21c4h1vnryn7k3wlfvlrnuqasygw50gssp5jaowuhpluwj95smrba0n7u6kii7i12w9ui:latest/val_probs_labels.table.json","path":"media/table/val_probs_labels_30_acdd041a5de2e05e5eab.table.json","ncols":2},"specificity":0.89354838706795,"test_accuracy":91.79030662710188}