{"test_specificity":0.8839506172621246,"val_loss":0.2497170636696475,"test_auc":0.9475166035122031,"_runtime":183.173753039,"test_incorrect":124,"train_loss":0.05358253667751948,"test_correct":887,"train_percent_used":0.2,"_step":26,"val_probs_labels":{"nrows":851,"_type":"table-file","sha256":"968d499eab3acff27fc499603429fcc93c8682280902883ed140663be5e28cd3","size":22159,"artifact_path":"wandb-client-artifact://xi5ih1y2icamozjjl8sep5y8jejgpwvhw10t4iu13y8wv05t0buoxvepocftaliussxk5jt1izsgpqfrtk6cvdoofoz232zbnzhcun1doc6f6pss6ehxrgakiwpogl5h/val_probs_labels.table.json","_latest_artifact_path":"wandb-client-artifact://15p4w2yafk0d85d3onbm0bldxvtd65eg8028ke23e41tw7t6vcsg2ljw03ssbmx496gytm0mncapvfk20lj7jggoq5zimq6b7la0w4m4cisn2yyspbgu79070bj55ytd:latest/val_probs_labels.table.json","path":"media/table/val_probs_labels_25_968d499eab3acff27fc4.table.json","ncols":2},"test_total":1011,"_wandb":{"runtime":183},"test_sensitivity":0.872937293714968,"epoch":26,"specificity":0.9161290322285119,"auc":0.9807226760479398,"_timestamp":1.7498119588796072e+09,"val_accuracy":93.6545240893067,"train_samples_used":680,"sensitivity":0.948243992588757,"test_accuracy":87.73491592482691}