{"val_loss":0.3556729097138433,"sensitivity":0.8697318007329604,"_wandb":{"runtime":146},"val_incorrect":60,"train_loss":0.08307635599274689,"train_samples_used":1064,"epoch":26,"val_total":532,"checkpoint_path":"Checkpoints/Messung-Gli-Men/trainsample_1064/checkpoint_epoch_020.pt","specificity":0.9040590405570458,"val_correct":472,"best_model_path":"Checkpoints/Messung-Gli-Men/trainsample_1064/best_model.pt","_timestamp":1.748461371973865e+09,"val_accuracy":88.7218045112782,"_step":34,"val_probs_labels":{"_latest_artifact_path":"wandb-client-artifact://er37pksxayxu1u6gpd1nid4kqn3z6992zlirqcxed26u0zwoq7z7i0utn6p8zyahvag71f8as85znj363m9asfln98qbfon04agdquj7elomhyvijair9ic6f071dlsn:latest/val_probs_labels.table.json","path":"media/table/val_probs_labels_34_358926cf15404ce354ea.table.json","ncols":2,"nrows":532,"_type":"table-file","sha256":"358926cf15404ce354ea5715bf5a3446f09b3344e95344000df1d5d9b8afa9d4","size":13822,"artifact_path":"wandb-client-artifact://0zw5fk7dn50re0mb059qk8okpo4inl3dpd951pvle7jxxbj2ugrhtul15ic2qislj7ngaqxuxgnbsrl35tb4x9m5qnzht9pu4lekgqshf3qrqi6msqfbbnfr1vohh1vw/val_probs_labels.table.json"},"auc":0.9556064526162504,"_runtime":146.525146993}