{"_runtime":602.150960335,"auc":0.9857064087882258,"val_probs_labels":{"nrows":532,"_type":"table-file","sha256":"75ed953a46f09a8cce0b21127e60013f727ed5d983accf7318e7e8cc06c551e3","size":13821,"artifact_path":"wandb-client-artifact://o1cls3zkfluv0xm46oqtef1mp71q70mkol2vxhaddc7845tgi4xbshm0or3xfzzanni4d17fb9dobck5uwr32spd91yt9lkq531zx69chflsn5janm8qqs1d6fz08c34/val_probs_labels.table.json","_latest_artifact_path":"wandb-client-artifact://rlzymvc9twae7p952ydliaotwg81a5cktjmbvtkrj8k2n64uz26k5z8e9y5gywwhmdbwsywth9tj7g6erd27ds1b2g8usnmsln46sluxg2n4ylki2g2o7yuvijk5ki3a:latest/val_probs_labels.table.json","path":"media/table/val_probs_labels_94_75ed953a46f09a8cce0b.table.json","ncols":2},"sensitivity":0.9655172413423173,"_timestamp":1.7486915153477023e+09,"_wandb":{"runtime":602},"val_total":532,"epoch":64,"val_correct":504,"checkpoint_path":"Checkpoints/Messungen-Gli-Men/trainsample_2128/checkpoint_epoch_060.pt","val_accuracy":94.73684210526315,"val_incorrect":28,"specificity":0.9298892988586757,"val_loss":0.19959087967872619,"train_loss":0.09619999282500323,"best_model_path":"Checkpoints/Messungen-Gli-Men/trainsample_2128/best_model.pt","_step":94,"train_samples_used":2128}