{"_wandb":{"runtime":242},"epoch":28,"test_correct":907,"val_accuracy":93.88954171562868,"_timestamp":1.7498077415212588e+09,"test_accuracy":89.7131552917903,"test_auc":0.9511754879191623,"test_total":1011,"test_incorrect":104,"val_probs_labels":{"size":22096,"artifact_path":"wandb-client-artifact://tgvflet3pnkwom3kiie900ay7lmmuo59dueiwyi11dggvul2pi2ssgex5dlme2criaml3bx65yv76q5syo6kggp2smzpicjji3fp8a7uc3vsdra6zyukvgd3grhmyrjj/val_probs_labels.table.json","_latest_artifact_path":"wandb-client-artifact://jrv10dv8ltq8q5qw17pkaytyevy1wsq2i8zak5jv1nlu7l0z9b3e3jfc0o75ca3jkzjyl4um2hifa9xf7u2wgr85raks970snyccrpe2dss75t660n40xabe2yg2gp47:latest/val_probs_labels.table.json","path":"media/table/val_probs_labels_27_ee0722342c69f70e41b8.table.json","ncols":2,"nrows":851,"_type":"table-file","sha256":"ee0722342c69f70e41b83993ffc007fef12f5f4366fa52df6dde34a15139cfe9"},"val_loss":0.23028442370040075,"_step":28,"auc":0.9813249060878898,"train_loss":0.05503257503733039,"train_percent_used":0.3,"_runtime":242.69689364,"test_specificity":0.90370370368139,"test_sensitivity":0.8927392739126611,"sensitivity":0.9390018484114787,"train_samples_used":1021,"specificity":0.9387096773890738}