{"test_total":1011,"test_sensitivity":0.8927392739126611,"val_accuracy":95.18213866039953,"val_loss":0.32545279817921774,"tumor_train":212,"sensitivity":0.9398496240424841,"epoch":19,"test_auc":0.9259096279998371,"train_samples_used":1488,"no_tumor_train":1276,"test_correct":857,"val_probs_labels":{"ncols":2,"nrows":851,"_type":"table-file","sha256":"fb1e727b34037a32e9a97c0d74def26179a26627bbdc8448165a928e138b34bc","size":22216,"artifact_path":"wandb-client-artifact://d937i7dqe21k26quygucxmylctdxd3rx1enryf5t7fcjvyojyxm8f7i26izfxltkk1vcsy1ykhv6r0i9hkr6axpkzx0es39pe59rurjaci5wfwh7c3zksl6h6ymzgqpi/val_probs_labels.table.json","_latest_artifact_path":"wandb-client-artifact://ni4vj8tvk2771wxb10h8hbbhw00vqpow5nrtptzkb9z7w30dzuj7k6w9o11fvvyv1wbx7p854wrqpz86urtn9skg75mz1qf0kejohzqhgd2dz5wd1u8diq3mt8hkhcuf:latest/val_probs_labels.table.json","path":"media/table/val_probs_labels_18_fb1e727b34037a32e9a9.table.json"},"test_specificity":0.7802469135609815,"test_incorrect":154,"_runtime":189.407834311,"_step":19,"specificity":0.9717868338253358,"auc":0.9853984491008084,"_wandb":{"runtime":189},"train_loss":0.0795916747301817,"test_accuracy":84.7675568743818,"_timestamp":1.750463618187996e+09}