{"val_incorrect":31,"val_loss":0.15108715796044894,"val_correct":820,"sensitivity":0.9519408502596683,"val_probs_labels":{"path":"media/table/val_probs_labels_60_f89e3247af4313a32669.table.json","ncols":2,"nrows":851,"_type":"table-file","sha256":"f89e3247af4313a32669bd4ee876458f255e67f81ccea8a48f465f6fdbbc0180","size":22156,"artifact_path":"wandb-client-artifact://qkxp91nvxk06nztcl9f5ywfh1thq3z9xod88bxtw7aktg3rziuxkmufau8qrhbdflzx2qe1f493753ysggvgzku0nocmwhrpqjme89fyafuoyr5o1guf123l1reimjps/val_probs_labels.table.json","_latest_artifact_path":"wandb-client-artifact://pdj621mnvcx57z5wjtm0hevu9ajrx2p87a918p9mfy99g195k411fk8tegdlzb8egr0xp44mnz2paejnr8s25zc8422vkp62o8lozuks0bvmvsyd8a70wvpnpd6v4qqo:latest/val_probs_labels.table.json"},"_runtime":527.574694946,"_timestamp":1.7486481544700687e+09,"best_model_path":"Checkpoints/Messungen-noTu-Tu/trainsample_3064/best_model.pt","epoch":42,"val_accuracy":96.3572267920094,"_step":60,"_wandb":{"runtime":527},"train_samples_used":3064,"train_loss":0.06118296777519087,"checkpoint_path":"Checkpoints/Messungen-noTu-Tu/trainsample_3064/checkpoint_epoch_040.pt","auc":0.9937988193906148,"val_total":851,"specificity":0.9838709677101977}