{"no_tumor_train":1276,"_step":41,"_timestamp":1.7504267646328037e+09,"train_loss":0.03093490140357365,"val_accuracy":97.88484136310224,"_runtime":853.688072352,"epoch":41,"test_sensitivity":0.9620462046045867,"test_accuracy":97.13155291790306,"test_auc":0.9948783767265615,"train_samples_used":2978,"sensitivity":0.9699248120118436,"test_total":1011,"_wandb":{"runtime":853},"val_loss":0.09212175064853259,"test_correct":982,"tumor_train":1702,"test_specificity":0.9851851851608596,"test_incorrect":29,"auc":0.9974839135456196,"specificity":0.9937304074923595,"val_probs_labels":{"_type":"table-file","sha256":"b54490748398bba1c8a3a1fbb566fc242d7a08a6aab6462a2f6dc8e2d2e60572","size":22305,"artifact_path":"wandb-client-artifact://lveimh7eu4o2gsr1j0kr61ili36chf00ffgtalxfp53ibleju238jcu1t0mw5hl1lsexuvr6pkdv0mbbauamz5z2tgtd9bbx2tjbnit6o21lhyvqlb0g4um8nppz7gqp/val_probs_labels.table.json","_latest_artifact_path":"wandb-client-artifact://ld2e8f08zvlvalazaannnl4uxvmhw9hbmym0ixbvhf8jjvtjp08tzwnwtlwhr3dacxt8crtzjixmd1pzyvmip1lhfmnjk3h4olxnpyn4vrkehaqcnpqub7yebplssfns:latest/val_probs_labels.table.json","path":"media/table/val_probs_labels_40_b54490748398bba1c8a3.table.json","ncols":2,"nrows":851}}