{"train_samples_used":3404,"specificity":0.9612903225496358,"val_correct":826,"auc":0.9967026414644327,"_runtime":488.282844274,"train_loss":0.011148156251120209,"val_incorrect":25,"_wandb":{"runtime":488},"val_total":851,"val_accuracy":97.06227967097533,"_step":38,"_timestamp":1.7480902904553604e+09,"val_loss":0.09298956447413989,"checkpoint_path":"Checkpoints/Hyperparametersuch-noTu-T/dainty-sweep-87/checkpoint_epoch_030.pt","sensitivity":0.9759704251205921,"epoch":36,"val_probs_labels":{"path":"media/table/val_probs_labels_38_c19bf0d9897414fc90fc.table.json","ncols":2,"nrows":851,"_type":"table-file","sha256":"c19bf0d9897414fc90fc695467125ad246ae4af20a50fa143547f985dd744b15","size":20574,"artifact_path":"wandb-client-artifact://rq4prnfmjb5n0e6t5qccf2s788gruo2kyeflnexqz4afcpap1c32jg1cm49b95q79fnhe7adzmhbfc7yjwczdvf6lv8jiv3kcf8nh218qcp1lpgmjuh4gway1dkgdauv/val_probs_labels.table.json","_latest_artifact_path":"wandb-client-artifact://llv9aboukgflmilsrgwdxr1wiz9nzdmvxtssaae3phvamfn93v3mb68sdukslnut2cc9j6nzb1hdyk64q5tvjj6jlemtitw82mpqt6gnx1lyzs9m24zp4s7tql93wqua:latest/val_probs_labels.table.json"}}