{"_runtime":139.053786502,"val_probs_labels":{"sha256":"8f70880464eb4ec7577a132b9fae05bff480dddc9408a465010d4c4475840c07","size":22000,"artifact_path":"wandb-client-artifact://4nbr1d23p0q6ba4gjsgcjz6d0xblfuve6gf1ugxp171zoqqw2s81obrrw0ksjoj6b8mis244zf9k1rc9xz3wv152neg2vulaqcfwh83vku41574hy93x8tjenkh7dxij/val_probs_labels.table.json","_latest_artifact_path":"wandb-client-artifact://evuz8k7c4eef5zpgaiuino8ee39zaffu5eedf8ivl7p7bdm5vym5yd7gur7d5w2tmp1n38x8sml941sp948niyrfzyhybizcnausi13ssrqckjcwhizxnnpga21atkta:latest/val_probs_labels.table.json","path":"media/table/val_probs_labels_54_8f70880464eb4ec7577a.table.json","ncols":2,"nrows":851,"_type":"table-file"},"sensitivity":0.953789279095124,"_wandb":{"runtime":139},"train_samples_used":340,"_step":54,"epoch":36,"auc":0.9557629240951643,"val_total":851,"val_correct":769,"best_model_path":"Checkpoints/Messungen-noTu-Tu/trainsample_340/best_model.pt","specificity":0.8161290322317377,"train_loss":0.07461261252562205,"_timestamp":1.748643023454947e+09,"val_incorrect":82,"val_loss":0.3559372531516211,"val_accuracy":90.36427732079906,"checkpoint_path":"Checkpoints/Messungen-noTu-Tu/trainsample_340/checkpoint_epoch_030.pt"}