{"auc":0.9674080257587502,"test_accuracy":85.36102868447082,"test_auc":0.9318583710222873,"val_loss":0.2866514506084578,"train_percent_used":0.1,"test_incorrect":148,"test_specificity":0.8395061728187776,"_wandb":{"runtime":208},"train_samples_used":340,"val_accuracy":92.8319623971798,"specificity":0.8806451612619146,"val_probs_labels":{"sha256":"baaf9e4d8bee7e8f215e6bd0445d7accfd2e041a5a78eabfe1ea00ff79f2d77d","size":22045,"artifact_path":"wandb-client-artifact://8f6ik43rctgdyc8a58erb4ifhyxor7ohdqq8yiwqwysv9a3n2jyywgds1js9bytjin3dx0f5c1rl3745e5tdxowgwvmwihapbqk79wo98f8szl1areekq6uv6htgyc3k/val_probs_labels.table.json","_latest_artifact_path":"wandb-client-artifact://hvqgavnmkjdebgds1ujwjne1q5az5f2xeekwekqu3h9ma295q3iq0as3jqtsxcewvi9uvfj3f648m4m2fgsepvqiefmqqz56w3io7c9felqyhvwckmtlipib86rlppl6:latest/val_probs_labels.table.json","path":"media/table/val_probs_labels_37_baaf9e4d8bee7e8f215e.table.json","ncols":2,"nrows":851,"_type":"table-file"},"_timestamp":1.7497864003796084e+09,"_runtime":208.284409533,"sensitivity":0.9556377079305797,"test_sensitivity":0.8630363036161215,"test_total":1011,"test_correct":863,"epoch":38,"train_loss":0.06936908513307571,"_step":38}