{"_wandb":{"runtime":82},"epoch":5,"train_loss":0.2189151409351937,"val_loss":0.2962251319377511,"_timestamp":1.7472493615264452e+09,"_runtime":82.596643679,"_step":4}