{"train_loss":0.02949366964061152,"test_auc":0.9880902905105327,"val_probs_labels":{"artifact_path":"wandb-client-artifact://wpvy56bphqs7wutxvvi0nyazwxr118jcm0rph3vcnxatp39to9un2qurx2g4v5yrtmrr3buwpip8tgqt9yz2egqba86team2l4ucnfgm5avavxed049a8z3bvvkn38sg/val_probs_labels.table.json","_latest_artifact_path":"wandb-client-artifact://cygujl5x5915b3xigdviwixsgdox3ue98ngaxzz967bi6ai1ywf9pg92dx2ombjj4akv8l1qa4l2pct74shgyr4ea231lk83vdqlu906bw0j70atf9mialowghh6a0k6:latest/val_probs_labels.table.json","path":"media/table/val_probs_labels_28_3a02cc66103a17a4f7db.table.json","ncols":2,"nrows":851,"_type":"table-file","sha256":"3a02cc66103a17a4f7dbb9e2d0a44ea6c8dc91c00e05601436edaceef9a2864c","size":22110},"_step":29,"specificity":0.9290322580345474,"test_incorrect":50,"test_total":1011,"train_percent_used":0.8,"train_samples_used":2723,"_wandb":{"runtime":336},"sensitivity":0.9722735674496807,"_runtime":336.192263699,"val_loss":0.18004434662205832,"test_correct":961,"test_accuracy":95.0544015825915,"_timestamp":1.7498171885113723e+09,"test_sensitivity":0.9273927392586239,"auc":0.9894102915747421,"epoch":29,"test_specificity":0.9851851851608596,"val_accuracy":95.65217391304348}