{"val_total":851,"_timestamp":1.7486315866892915e+09,"sensitivity":0.9685767097787694,"epoch":28,"_wandb":{"runtime":319},"val_loss":0.16397423829351152,"val_incorrect":31,"checkpoint_path":"Checkpoints/Messungen-noTu-Tu/trainsample_2723/checkpoint_epoch_020.pt","auc":0.991485302009421,"val_probs_labels":{"path":"media/table/val_probs_labels_38_6583c29d590d0dac796f.table.json","ncols":2,"nrows":851,"_type":"table-file","sha256":"6583c29d590d0dac796ff6232516ec17a9d1580fb79ca7b8b9c30654c79718f0","size":21687,"artifact_path":"wandb-client-artifact://o0jyi21t3xrctmqz5wpyvduv89qezeverq0gdetldbo5gg8qr9qmd8boaepxjhg5deqmdq4gbcztqiemq6x41915hhec7b8mo6vjin4xuul9x71jnihch4jvflzfth2g/val_probs_labels.table.json","_latest_artifact_path":"wandb-client-artifact://hb77ggd5sa28pzpph25a8xgkyw5mmszt74sni7cc7bq6ysl36u4dfa7199v2lokq2y5tq3jzgl3bpkwcfxn5g61ucjjzwnnihq435gdyuxq9dphwnj5horau0lvhrhdc:latest/val_probs_labels.table.json"},"train_samples_used":2723,"val_correct":820,"val_accuracy":96.3572267920094,"_runtime":319.142831462,"best_model_path":"Checkpoints/Messungen-noTu-Tu/trainsample_2723/best_model.pt","specificity":0.9548387096466181,"train_loss":0.029504618406380443,"_step":38}