{"_runtime":419.714996078,"_timestamp":1.7504627045971758e+09,"_step":32,"no_tumor_train":1276,"test_correct":959,"test_total":1011,"test_incorrect":52,"tumor_train":851,"test_specificity":0.9876543209632678,"specificity":0.9905956112542132,"test_accuracy":94.85657764589516,"sensitivity":0.9793233082522683,"test_sensitivity":0.9224422442092006,"epoch":32,"val_accuracy":98.35487661574618,"_wandb":{"runtime":419},"train_loss":0.023186408805058283,"val_loss":0.11938906693831086,"auc":0.9955629669785749,"val_probs_labels":{"path":"media/table/val_probs_labels_31_3108bc94a8e904bacee9.table.json","ncols":2,"nrows":851,"_type":"table-file","sha256":"3108bc94a8e904bacee97dd8fe262a3c9a4fdb89f3eceaa6fe3ff8c098d56347","size":21621,"artifact_path":"wandb-client-artifact://2iym9pjwa3bkiwjkv182b35a7s4n18njjgnbwgxxlv8otevjpjrjiu00urd4cdu3liib6iomezvogd0f2nuryex0ft5f2btxs9bfialmyeyvk2bh9dudx0t8ocfdwge9/val_probs_labels.table.json","_latest_artifact_path":"wandb-client-artifact://obh7gkhmnl0nsakl82oqmjtb0e7kf0e7d43sl2uhjmoc1uxgpgdgy8w32kxigza09sk3is1cwe03wgqzupn7yc1qugmcanndjmwcwwwidtus0yduekf6ztpopluand0b:latest/val_probs_labels.table.json"},"train_samples_used":2127,"test_auc":0.9844640019557512}