{"test_specificity":0.962962962939186,"auc":0.9853467294734959,"val_probs_labels":{"path":"media/table/val_probs_labels_28_ba76405154731b0c1700.table.json","ncols":2,"nrows":851,"_type":"table-file","sha256":"ba76405154731b0c17008a35343ad228fc56039800cc08d22b6c9dc42b17e9a0","size":21927,"artifact_path":"wandb-client-artifact://pv1apnd5c40ydvpo9d2vcdp9b9wnfay8aivvk3sk2yjvuqfv9q9bu11hhj46fajr3lpc5eoyimmmrdcu8qp0cd0q2f0k6ikjy3nm5rm220dcknicefwmd6jqspmnlkos/val_probs_labels.table.json","_latest_artifact_path":"wandb-client-artifact://w5nb8h2rjqprc1sg68r6yxovkwego4knfbdd2cosuhbltlnbhc8njhsywscin13z490b6bw4icqf69sasgmxr257buqhqdr245e567quwgzu4e1x9lkktywdf4jkjpqo:latest/val_probs_labels.table.json"},"train_percent_used":0.5,"test_sensitivity":0.884488448830289,"val_loss":0.17105239842619216,"epoch":29,"test_correct":926,"test_accuracy":91.59248269040555,"sensitivity":0.9796672827915034,"train_loss":0.05457531035478626,"_runtime":338.00147306,"test_auc":0.9696573361039809,"val_accuracy":95.06462984723855,"specificity":0.8999999999709677,"test_total":1011,"test_incorrect":85,"_timestamp":1.7497853892965567e+09,"_step":29,"_wandb":{"runtime":338},"train_samples_used":1702}