{"_timestamp":1.7504311688102117e+09,"_step":41,"train_samples_used":3191,"test_correct":989,"val_accuracy":98.2373678025852,"test_specificity":0.9999999999753086,"val_loss":0.09175439331946629,"test_incorrect":22,"_runtime":733.978296418,"train_loss":0.022777425388339906,"sensitivity":0.9793233082522683,"test_accuracy":97.82393669634025,"auc":0.996499870365569,"test_auc":0.9930937538198263,"no_tumor_train":1276,"epoch":41,"tumor_train":1915,"specificity":0.9874608150160671,"test_total":1011,"val_probs_labels":{"artifact_path":"wandb-client-artifact://e4blj3ypf68mnsie5s2h1c5chbjsw5qdymvlivihufrr8ayksxzct2xqolhgsz1ytn72qywkwx01c2u8xjkyqhwwztchxqylvhttl4uxq9dbhdklwtsnbjm8ws18gfhj/val_probs_labels.table.json","_latest_artifact_path":"wandb-client-artifact://qq1peqzejh6r0x3uudbul30yf78e1nts54mv1ii96im0cbsei3190mzyd01jxvw3f7dn2w9mgyvbwn0uo2hctl3xfsm19ggyyn3ond24mkzau0r63jsz0qu2sdx05n9h:latest/val_probs_labels.table.json","path":"media/table/val_probs_labels_40_69176680676a658f689c.table.json","ncols":2,"nrows":851,"_type":"table-file","sha256":"69176680676a658f689cf591683e851ba37b98495087e9ff2aea4969872c58cb","size":21897},"_wandb":{"runtime":733},"test_sensitivity":0.9636963696210611}