{"tumor_train":2128,"_wandb":{"runtime":1016},"test_accuracy":97.62611275964392,"_runtime":1016.597382778,"val_accuracy":98.47238542890717,"epoch":53,"train_loss":0.028703222844611714,"auc":0.9971539349942254,"train_samples_used":3404,"specificity":0.9905956112542132,"sensitivity":0.9812030075003533,"test_correct":987,"test_auc":0.9957584647353623,"test_specificity":0.9999999999753086,"test_total":1011,"val_probs_labels":{"path":"media/table/val_probs_labels_52_88cc9cc1c3affc9544aa.table.json","ncols":2,"nrows":851,"_type":"table-file","sha256":"88cc9cc1c3affc9544aa832df715e8a9fcf8cfae44e35e96e554d2ce303a3be4","size":22084,"artifact_path":"wandb-client-artifact://cb8gkmyqk13s72j8881zuvpoe7vel0ptdyo0fseblx6m8lggryho4dlkubm873fwiddhbx0r51q3pdn1a494mteplpi9kymyj62cchsrunq8jzpjseqr2cxnoly5u88z/val_probs_labels.table.json","_latest_artifact_path":"wandb-client-artifact://nn6sejwr9zzd4bb8fju4udpcq7vvtmz4ui1kko4zc0uzadftof6crmuhjkw6rnecx22ewfl0bd97cws5i3aocqni4j19cr0dpx9r0uzjshfb74c0asgaop8thjyk69z6:latest/val_probs_labels.table.json"},"no_tumor_train":1276,"test_incorrect":24,"val_loss":0.05296659602650574,"_step":53,"test_sensitivity":0.9603960395881123,"_timestamp":1.7504211032013845e+09}