{"val_accuracy":97.64982373678026,"train_samples_used":2340,"val_loss":0.18243377363043173,"_step":35,"sensitivity":0.9699248120118436,"no_tumor_train":1276,"_timestamp":1.749830328750915e+09,"test_accuracy":95.84569732937686,"auc":0.9924517406368587,"test_specificity":0.962962962939186,"train_loss":0.030518735734451758,"test_total":1011,"specificity":0.9874608150160671,"tumor_train":1064,"test_sensitivity":0.955445544538689,"test_incorrect":42,"epoch":35,"val_probs_labels":{"path":"media/table/val_probs_labels_34_e0bf4a54fddf25a01dea.table.json","ncols":2,"nrows":851,"_type":"table-file","sha256":"e0bf4a54fddf25a01dead926f2512502a99a469847d6594bd9ebc6d2a845157f","size":22028,"artifact_path":"wandb-client-artifact://t6pu1o0950gnc2lc82uppl1kkfyvx1brjv3n43vi34cp8m84m8prybjhiu8r78ux0d8h7cx3o6luv8e95y2qe2h488m1fb861lpgwy9rtmi3z34nuiwgokpfq40k9yir/val_probs_labels.table.json","_latest_artifact_path":"wandb-client-artifact://vs3tj1l1kw6fssq059b2gbqosohnylu7uqon1cxtdrcjyz3byqu4uonpj9f30kzhh63l1nookvw7oolwc30qyhsd3msif4re4qpx0hpc9mspo2l4ynlxy6pbzd27fwr7:latest/val_probs_labels.table.json"},"test_auc":0.987360958318054,"test_correct":969,"_wandb":{"runtime":511},"_runtime":511.675395559}