{"test_correct":989,"test_accuracy":97.82393669634025,"sensitivity":0.9774436090041834,"test_total":1011,"no_tumor_train":1276,"_runtime":793.283673437,"val_accuracy":98.1198589894242,"_wandb":{"runtime":793},"test_specificity":0.9975308641729005,"train_loss":0.030769703350961207,"specificity":0.9874608150160671,"tumor_train":1915,"epoch":46,"val_loss":0.09511604163396571,"val_probs_labels":{"nrows":851,"_type":"table-file","sha256":"7a66fdb2a500acbce39d673811b24190e833e0d3f807a5173c8f2c69f81966b2","size":22120,"artifact_path":"wandb-client-artifact://hehjfg7u8q3jidn9v3aryo9n8sp3a6xyrfqt27lvlyy947qchihglxq58v81rxndrltmch5f3vno0lm6j2vempy6tytim245j00zqqwgdjxssyzcfh7f5mmr8y6u97e2/val_probs_labels.table.json","_latest_artifact_path":"wandb-client-artifact://12cl8w6d2wnguv4uhkuq9pn0a1zsqvplit1yf8sai51yc915vgt8uyhexdz8n5hgbdqxuy3x1mbgvf58yr1k19dbms1li8vpbgeh4bt5oo5txz5psqr0wfcn2abfnmnl:latest/val_probs_labels.table.json","path":"media/table/val_probs_labels_45_7a66fdb2a500acbce39d.table.json","ncols":2},"train_samples_used":3191,"test_incorrect":22,"_step":46,"_timestamp":1.7504602073590815e+09,"test_sensitivity":0.9653465346375355,"auc":0.9965293327362292,"test_auc":0.9940960762742941}