{"meningioma_train":1072,"test_correct":543,"val_probs_labels":{"artifact_path":"wandb-client-artifact://9o3ws903asolckxz1ts2i2cxb269xh3gn2ki71nihxb9c8ya2u64iacfhskca5elo8uydt2aycg3qz5j7a0ekyqzg9w5o2e51joht1ga1zya8rqq6la28u4497yauy54/val_probs_labels.table.json","_latest_artifact_path":"wandb-client-artifact://3lmoz1ltydxorfgngcvgy470g9s17tuqy8x5g4u9645yl1u17y5kvp2dnkaiez35c50rvyf1xgjr96svm67weg19a3ws2kczwkavb52xzjdf61febc4qlzl92own8keq:latest/val_probs_labels.table.json","path":"media/table/val_probs_labels_21_27203ef7a4d90a0e7e7e.table.json","ncols":2,"nrows":531,"_type":"table-file","sha256":"27203ef7a4d90a0e7e7e4f415267f0f7fcefcf981c89f292dc788e1fbc84981c","size":13617},"specificity":0.8560606060281795,"train_loss":0.07286044994594831,"test_sensitivity":0.9117647058525566,"test_total":606,"test_probs_labels":{"nrows":606,"_type":"table-file","sha256":"b6467e0b52a13df3309dcce7b47eb294f1a0c9c063d6de491800054fa6639f84","size":15213,"artifact_path":"wandb-client-artifact://tafbj9ft82br09bh8topx7pz57yhbvigpzpk9hyu2tmlrsigfdmv7pvqoe2awbv69dv3qbtbkl6lzj3zrmaimqgw405vp3yx2v0otpduny38agpfo2jlaem3y3178xxn/test_probs_labels.table.json","_latest_artifact_path":"wandb-client-artifact://kvmmv6fc7m8pco21r8rrhq236zrhp1x1c6s12nunj6ebi4xkxc3gtjcxnyfg10zs6ccthds17lsziqrb6nbp52881jc9ce59ywbe3cbvygzm4ipc046pvvn5q8ycq0sc:latest/test_probs_labels.table.json","path":"media/table/test_probs_labels_22_b6467e0b52a13df3309d.table.json","ncols":2},"test_incorrect":63,"test_auc":0.9661002178649238,"train_samples_used":1811,"_step":22,"test_accuracy":89.60396039603961,"val_accuracy":91.1487758945386,"sensitivity":0.9662921347952699,"_wandb":{"runtime":241},"glioma_train":739,"_runtime":241.292805065,"auc":0.9589575530586767,"test_confusion_matrix_table":{"nrows":4,"_type":"table-file","sha256":"6f5e6107171f30aff7cc29f543fd35878a7589b99ed469254f2ae674edebd67f","size":192,"artifact_path":"wandb-client-artifact://7xi62hh6xbya4gc22qfqxjub5wta2rtu3turzm4b8t80860u7vceyg5l6fpnpng6ct3h2vuz0wiyph83ady5orp8h7yzrynd1db1tgti8wqpue7z4zsp80i4df88jgbf/test_confusion_matrix_table.table.json","_latest_artifact_path":"wandb-client-artifact://39v7p3v8gm1c8y6ktmj22a439t5gucl5xxcwgyin8xi3iv7k2vfq3iv5qwz43g1xb395ojd2c76m00wzj45z2atltbudgldvw1dexgmot78x4oxxmbn2zg7515274osc:latest/test_confusion_matrix_table.table.json","path":"media/table/test_confusion_matrix_table_22_6f5e6107171f30aff7cc.table.json","ncols":3},"test_specificity":0.8799999999706667,"val_loss":0.35394926582161773,"epoch":22,"_timestamp":1.7497674418367944e+09}