{"glioma_train":634,"val_loss":0.4286188696517938,"_wandb":{"runtime":296},"test_sensitivity":0.9313725489891708,"test_probs_labels":{"_type":"table-file","sha256":"1e7cfa5b80677dde5586ca42fc66bc856fa477a677123e9dd3137b47a2ce05cb","size":14928,"artifact_path":"wandb-client-artifact://sccgsdy596nvepd87q77wagdsbiiect1rkav6q270d3k2l1klal62no7967zfg8lirnxm5ub3zmgzs2zrdkukm7wb4aqs7y5kc7pn3spre78itts715oc4jwscckwmy0/test_probs_labels.table.json","_latest_artifact_path":"wandb-client-artifact://wb4kkp9xlqb2wkpwaejpbo0cef328v2xscif8c02zlt4jzx7k945l9sdj6i4whuzv8ok8uteaxklagnipxkx8woo2voeygm775oaul41ob4rre7a5evtbtsry5uhj25x:latest/test_probs_labels.table.json","path":"media/table/test_probs_labels_29_1e7cfa5b80677dde5586.table.json","ncols":2,"nrows":606},"test_accuracy":92.40924092409242,"epoch":29,"specificity":0.8674242423913854,"test_auc":0.9752178649237473,"meningioma_train":1072,"_runtime":296.863290851,"train_loss":0.03930620452558848,"test_specificity":0.9166666666361111,"_step":29,"test_correct":560,"auc":0.9596101464078992,"sensitivity":0.9588014980914307,"train_samples_used":1706,"val_probs_labels":{"path":"media/table/val_probs_labels_28_2dbd642bfc6de42d98be.table.json","ncols":2,"nrows":531,"_type":"table-file","sha256":"2dbd642bfc6de42d98befdd4290ed60d7ec8ea94ec686b5905cb261100b002b1","size":13372,"artifact_path":"wandb-client-artifact://wwzyzdzme8lvynb26nysai46b4j8nusp21d7rkog94rm2u2ns30z65e2qlx6emdqhoi7e1a18tprj258u11gtxhlbw6bo6o6m1jwll5xlt09uv5qrnfrbvwo0jgy4glh/val_probs_labels.table.json","_latest_artifact_path":"wandb-client-artifact://2pgofbg8qt5h9psjt2v69ntsyqvd4nwhhkvq7f264k03j8tu57bgbrd61xl6f18z3l80mb4nhcto9agpufiljrlckh2m4q6wufcdqtv7biacq513fs5hlo4e21ar0hj5:latest/val_probs_labels.table.json"},"test_incorrect":46,"val_accuracy":91.33709981167608,"test_total":606,"test_confusion_matrix_table":{"path":"media/table/test_confusion_matrix_table_29_15e9058873d1ec40b396.table.json","ncols":3,"nrows":4,"_type":"table-file","sha256":"15e9058873d1ec40b396aae1955a5488d188fa70ac15007a6cd62349637ee47b","size":192,"artifact_path":"wandb-client-artifact://yo4y74f2oqqknddlczi89ca1esxichznbyu9zfgmi6djvcxobv8211es43pztbs460g9en9ixt3ai77thhb1gh78jleslsxq5opd2yfri8nt0de1o92ekpmwuyxi7p6v/test_confusion_matrix_table.table.json","_latest_artifact_path":"wandb-client-artifact://yjmk4y3mhdilagd622pkftbx91ip2lwjz6kcm0cj98iy8gtdnmjigmh0q3826xbu9qb3rky0em103k9awd6op8urh1at55mwv26ipy5en4rnn1oaxdrpxedc27nax35f:latest/test_confusion_matrix_table.table.json"},"_timestamp":1.74978365874361e+09}