{"_runtime":1316.953897348,"val_correct":489,"specificity":0.9151291512577443,"checkpoint_path":"Checkpoints/Hyperparametersuch-Gli-Men/brisk-sweep-76/checkpoint_epoch_140.pt","val_probs_labels":{"ncols":2,"nrows":532,"_type":"table-file","sha256":"166deb785edab531e987010d4d1ac794026a750e3e6e8cd959fc13bd83b4dc63","size":13553,"artifact_path":"wandb-client-artifact://dgtfn238gt0u9fl2kh4jwnv8vhte8jmxrdj23uborfdlmsvn1pxts7eajyzjs185o619vkf5c0xfwc0zabg4xufyf1vm7gr34zrpaw1qba8j4qa010lipjk082e678za/val_probs_labels.table.json","_latest_artifact_path":"wandb-client-artifact://22fqngh415lzsvxgag0p8gvy795plf1qs6vbf23d5sdhtjqxx0qza07s2bl4ifzzlro2oglc3eedyt1fv6vfkktgc9xd456yri4v3nck2cx14p8hivqciyplk4eq2mm5:latest/val_probs_labels.table.json","path":"media/table/val_probs_labels_156_166deb785edab531e987.table.json"},"train_samples_used":2128,"auc":0.9697515940676649,"_wandb":{"runtime":1316},"sensitivity":0.9233716474742003,"val_accuracy":91.9172932330827,"val_incorrect":43,"val_total":532,"epoch":143,"_step":156,"val_loss":0.2802911102771759,"train_loss":0.07983753523405861,"_timestamp":1.7481250626876752e+09}