{"_timestamp":1.748055322332761e+09,"val_loss":0.17488817870616913,"train_loss":0.03421555237447912,"val_probs_labels":{"_latest_artifact_path":"wandb-client-artifact://zq0va8eupalvd9iwsxxhzk93rwgagly6spf7efe5u0hgiazxni2oq5gevs0zral9ngi0rxuvojpjjpadey6h6009b9w5difhagrgnd0l4214fz6e8htwutpp8j6479px:latest/val_probs_labels.table.json","path":"media/table/val_probs_labels_20_9c05c8fcefd3652c9e3a.table.json","ncols":2,"nrows":851,"_type":"table-file","sha256":"9c05c8fcefd3652c9e3abae3456f64a833dd0288daa0dd71858f9f4c83c5da78","size":22186,"artifact_path":"wandb-client-artifact://0q83ye68zqqvsz9bhlj2asp6kyrp0a3dmszisb81cv4bdn4bv0em1oevug1tmnq0vu91pbcmkj4k8a4xarhq9fnbwwhvthb7cy6nb4r1jhknj3i3wtaob4vch667a19u/val_probs_labels.table.json"},"val_incorrect":33,"_step":20,"epoch":20,"_wandb":{"runtime":271},"val_accuracy":96.12220916568742,"checkpoint_path":"Checkpoints/Hyperparametersuch-noTu-T/comfy-sweep-70/checkpoint_epoch_010.pt","sensitivity":0.9500924214242127,"_runtime":271.103636966,"val_correct":818,"val_total":851,"train_samples_used":3404,"auc":0.9911692803052888,"specificity":0.9806451612586888}