{"test_correct":953,"train_percent_used":0.7,"test_auc":0.9874831927637208,"specificity":0.9483870967436004,"epoch":33,"_timestamp":1.749772682623789e+09,"auc":0.991348160515175,"train_loss":0.03326893129729127,"sensitivity":0.9741219962851364,"test_incorrect":58,"train_samples_used":2382,"val_probs_labels":{"path":"media/table/val_probs_labels_32_bceb0791a736defcc183.table.json","ncols":2,"nrows":851,"_type":"table-file","sha256":"bceb0791a736defcc1836758a495d7b45a5b87fa4491e129c9025a05bb8b302c","size":22081,"artifact_path":"wandb-client-artifact://hw0r9qi1rd8gh64xuafxlshyxqmbhwd0j88imtnxjrd3eq1vh66p35wnwenhkyen1qqk5egjr6u811ewhqftxeud883s5hszy9fg8o9teha24ghv8bm32p60qtt9o3fn/val_probs_labels.table.json","_latest_artifact_path":"wandb-client-artifact://v2g4dgoxjc71d77s2oa9qkeinkxlfiea76hhn83oir9fkegpe5xhjq3caricybusfha37ize3lm91mu2podpprhjf8m4r9yop6b5s0rjer0d7nhb20pkh0q5ax2s0o0l:latest/val_probs_labels.table.json"},"test_sensitivity":0.947194719456317,"test_accuracy":94.26310583580614,"test_specificity":0.9358024691126963,"_runtime":487.104286051,"val_loss":0.1523547119327954,"test_total":1011,"_step":33,"_wandb":{"runtime":487},"val_accuracy":96.4747356051704}