{"epoch":17,"_wandb":{"runtime":230},"val_loss":0.1274853168967335,"auc":0.9941983185260271,"train_loss":0.03349457040757498,"val_accuracy":96.82726204465335,"specificity":0.9516129031951093,"val_probs_labels":{"ncols":2,"nrows":851,"_type":"table-file","sha256":"40676c377b6adec373d746b39c4e521e1cba47ed27db6029f8a7c87528c2ce34","size":20416,"artifact_path":"wandb-client-artifact://1t5i4y83fsc6d69za06v00oq3g33yjsvnsd4lyf2mg30e37o2xcn3uj42b0tqsndqlbn674jr63jn5x454vuaw1ohxtki2wvfj0ba6m1e2m4n6se6xnlc76aw80nxfho/val_probs_labels.table.json","_latest_artifact_path":"wandb-client-artifact://0z2aejfaddx1xqocpve3rkccs5ko6ul8orgawbdr1a3gxku8swph2bz2deb2wna3q51cc4qmc9jz6q2g4wddmvqrsycrekyeimhuhcga92yv077el73m4ylvmkxb5gzr:latest/val_probs_labels.table.json","path":"media/table/val_probs_labels_17_40676c377b6adec373d7.table.json"},"sensitivity":0.9778188539560477,"_timestamp":1.748032346997138e+09,"checkpoint_path":"Checkpoints/Hyperparametersuch-noTu-T/daily-sweep-2/checkpoint_epoch_010.pt","_runtime":230.431179005,"train_samples_used":3404,"val_correct":824,"val_total":851,"val_incorrect":27,"_step":17}