{"auc":0.9906368586041908,"val_probs_labels":{"sha256":"2ad94b53c35e8ceb68886797b5b35a08908bd562125c35b0bd2ef7a05a0e4974","size":22138,"artifact_path":"wandb-client-artifact://8ijhoy48cmeq2oj9m6qs881lamuoe5rtalnitsnmnr7pacr0dqrjzsefttwdn6wqa4hiygedmki2y2h7597xvheut02wj0m3006ugh33wq1lr4r1tkibxcvs4bjxrot6/val_probs_labels.table.json","_latest_artifact_path":"wandb-client-artifact://3liodf5remc4eosdvaha3j4tzu89gqdncshc6l7rfrt6q77yyt3a0kg7lev7tp4scihxjq6nx5n595yx7fhnz1loc6b6ay6i95dzj961hcghsvnxgwpgmtbblkh7eood:latest/val_probs_labels.table.json","path":"media/table/val_probs_labels_27_2ad94b53c35e8ceb6888.table.json","ncols":2,"nrows":851,"_type":"table-file"},"no_tumor_train":1276,"specificity":0.9811912225397745,"test_correct":916,"tumor_train":425,"val_accuracy":96.00470035252644,"test_incorrect":95,"test_auc":0.9605997636800716,"epoch":28,"train_samples_used":1701,"_wandb":{"runtime":255},"_step":28,"test_sensitivity":0.9075907590609308,"_runtime":255.48358172,"test_total":1011,"_timestamp":1.7504586328941658e+09,"test_specificity":0.90370370368139,"train_loss":0.06900936232081481,"val_loss":0.1985652968287468,"sensitivity":0.9473684210348239,"test_accuracy":90.60336300692384}