{"test_auc":0.9446929878173004,"_runtime":188.047444721,"specificity":0.9811912225397745,"test_accuracy":88.52621167161226,"train_samples_used":1488,"test_incorrect":116,"test_sensitivity":0.8646864686325959,"val_accuracy":95.18213866039953,"test_total":1011,"test_specificity":0.9160493826934308,"test_correct":895,"_wandb":{"runtime":188},"sensitivity":0.9342105262982291,"_timestamp":1.7498595438371313e+09,"auc":0.9839194380936668,"val_loss":0.39824499615601133,"val_probs_labels":{"nrows":851,"_type":"table-file","sha256":"aeb798374595a8bfc69c1f85c5c3d93cc42ee11d0936c2ab8f316620f4838acd","size":22246,"artifact_path":"wandb-client-artifact://5onu7mu7839vmttqq54h4pxml1917p4ca1mgh5t6q0tccj2we6sy63t5tzz04tatkitj239zztzuzq0c0oaz7nf5jfldsbnziinnbaca4126mk0kqk348tj8hip1l2wo/val_probs_labels.table.json","_latest_artifact_path":"wandb-client-artifact://wquls4w9q7r71vx4wsj9ffinpbuze02r1jl61yp0o6syk363k7derr6154x2ov3xg9c209c43fhn8nhsetad7f7ft0i77uy9694ow3098swtsut0wrhdgjzrmgo13qkn:latest/val_probs_labels.table.json","path":"media/table/val_probs_labels_18_aeb798374595a8bfc69c.table.json","ncols":2},"_step":19,"tumor_train":212,"no_tumor_train":1276,"train_loss":0.0979016637429595,"epoch":19}