{"_runtime":353.837735725,"val_accuracy":96.70975323149236,"_timestamp":1.7480985265606635e+09,"val_total":851,"train_loss":0.020997110251940926,"checkpoint_path":"Checkpoints/Hyperparametersuch-noTu-T/curious-sweep-100/checkpoint_epoch_020.pt","val_loss":0.10267621957297836,"_wandb":{"runtime":353},"val_incorrect":28,"_step":26,"epoch":25,"specificity":0.9451612902920915,"auc":0.9959632699302366,"train_samples_used":3404,"val_probs_labels":{"sha256":"0e4cfe44a1d99f3a49ebc57fd7c5457f15fd35ba8997782d34739d2f5f2fbc9f","size":21039,"artifact_path":"wandb-client-artifact://ym1d9ua6iwaxes892rgjkd0yanf92win3e783vj7e4ftun5ss9xz512pm8xo9hfi618sfv9mqo5aopo9tjsshaxs0b4bxb36pqi1by2e8gwn8ownw86pqfez8q2jjhzq/val_probs_labels.table.json","_latest_artifact_path":"wandb-client-artifact://drz8atyyl1r3li9omy6259r2i7jkw2c905x9yx0zscuv2nhv0satscsxqiy3c9l04d4lrh2vp04i877bobukobbp4b67irgpdxbndd1qym59ysmm7lfbthr39lel6wo8:latest/val_probs_labels.table.json","path":"media/table/val_probs_labels_26_0e4cfe44a1d99f3a49eb.table.json","ncols":2,"nrows":851,"_type":"table-file"},"val_correct":823,"sensitivity":0.9796672827915034}