{"auc":0.9887066960825235,"val_accuracy":96.23971797884842,"val_probs_labels":{"_latest_artifact_path":"wandb-client-artifact://7psq4cuyeihlccgdwuvtzo381fg8y8ju2i405lserdtvhlaqvqchzlqq2yry4w120obqjp3e0idtkybc4q8eyzc71a29qiyhkvnm11gc3fqp154qtf3kqw913mqergtz:latest/val_probs_labels.table.json","path":"media/table/val_probs_labels_42_304a8f291d5472530255.table.json","ncols":2,"nrows":851,"_type":"table-file","sha256":"304a8f291d547253025597f1cfde98ff94869d2e2fbab28d7f3eead4474c4521","size":22140,"artifact_path":"wandb-client-artifact://yb8haaji5lmrgnpzhea68wzvtjiuc75hc6p7b6n2gis8998h04av079wja4lds3a0x4nwt2td8s4jwnb6v8buk749k99fpnym2s2iuszltt32yoaxjf7br9gqb368r6u/val_probs_labels.table.json"},"_runtime":362.46489287,"val_total":851,"train_samples_used":3064,"specificity":0.9548387096466181,"_timestamp":1.7485470247855973e+09,"checkpoint_path":"Checkpoints/Messung-noTu-Tu/trainsample_3064/checkpoint_epoch_020.pt","val_incorrect":32,"train_loss":0.04520985753818726,"sensitivity":0.9667282809433136,"_wandb":{"runtime":362},"epoch":29,"best_model_path":"Checkpoints/Messung-noTu-Tu/trainsample_3064/best_model.pt","_step":42,"val_loss":0.16294500763927186,"val_correct":819}