{"_step":38,"_timestamp":1.7486371769458792e+09,"_runtime":350.950103868,"sensitivity":0.9685767097787694,"val_loss":0.10838471778801509,"val_incorrect":27,"train_samples_used":3404,"specificity":0.9677419354526534,"val_correct":824,"val_total":851,"checkpoint_path":"Checkpoints/Messungen-noTu-Tu/trainsample_3404/checkpoint_epoch_020.pt","epoch":25,"auc":0.9933039174765964,"val_probs_labels":{"_type":"table-file","sha256":"2cba8152e751e0805b928505987c97557be529e4b31d6bfe8a38534427366072","size":22067,"artifact_path":"wandb-client-artifact://8u2i2bfeic3o1ttsm0ndcxq2vmawu0k6lm88tv3gn0fliwamz75wh7qtixniul43mt9ql6a50vz7c6xdu7vqaz7wxfmijopg7ucxmazq0meg8qt5h6he7nemeaukgmq0/val_probs_labels.table.json","_latest_artifact_path":"wandb-client-artifact://1ehncxuhohr6dn16x19p4ls9yimtctkc2zngxtn8ki64pur4z0wnvuoqkez09uzo0a52tv1q41eh8iqtl55csaquh4y9tlfh23ylxwndwkg7qxx5zae501mr7n6i8p5v:latest/val_probs_labels.table.json","path":"media/table/val_probs_labels_38_2cba8152e751e0805b92.table.json","ncols":2,"nrows":851},"train_loss":0.0575503951145543,"best_model_path":"Checkpoints/Messungen-noTu-Tu/trainsample_3404/best_model.pt","_wandb":{"runtime":350},"val_accuracy":96.82726204465335}