{"epoch":54,"val_loss":0.12358131775626033,"val_total":851,"_timestamp":1.7480396782912066e+09,"train_samples_used":3404,"auc":0.9954206666269154,"_step":58,"val_correct":830,"sensitivity":0.9722735674496807,"val_incorrect":21,"val_accuracy":97.53231492361927,"val_probs_labels":{"sha256":"42fd0a127e2bfa13d6d28698adff9f25d4ee3b9fdb3dbfa3fcb25a5d7933d0ae","size":20273,"artifact_path":"wandb-client-artifact://8ep7tn68rscm0e2pk6wsme6u3y314vaj4wsrh7dhmunem4glnie31da57ryfv2jsiieflw2f6yk23u7qmnhe3elk2dgr6speo695irnj5qswwoteu5nbpror3ml9sufr/val_probs_labels.table.json","_latest_artifact_path":"wandb-client-artifact://71rs9nj2vaqya563irptxz7slt57yfpx2ea5b72zcitmwnqjiju5i258s3wzt75iuvj9fmm71k50acdao6xcf9gqmzhv8e9frv42xrwbdgwnj39wj6quvyexilcsq02z:latest/val_probs_labels.table.json","path":"media/table/val_probs_labels_58_42fd0a127e2bfa13d6d2.table.json","ncols":2,"nrows":851,"_type":"table-file"},"checkpoint_path":"Checkpoints/Hyperparametersuch-noTu-T/soft-sweep-26/checkpoint_epoch_050.pt","_wandb":{"runtime":749},"train_loss":0.0077555957029298355,"specificity":0.9806451612586888,"_runtime":749.102525463}