{"specificity":0,"val_total":532,"val_probs_labels":{"sha256":"d76627356306ea618b6f8bd044b8882e9903dbf069c4bb759b48ead6a5398048","size":13340,"artifact_path":"wandb-client-artifact://iett127lq6a069vc4lk7yg57he0tosgmzf9054p8pdez773tq7mmsc5m9yjgrhow61bzshu88c3eyv53hr6i0o579yd4fnhbdkjf8g7cje0pj65qwq77cfe1b99mx452/val_probs_labels.table.json","_latest_artifact_path":"wandb-client-artifact://hew7mf9terrvvr3o24wnog9tgf2mv6cblhtp5sw9yvkt3zpbrtej050sratbte5phj72gykm1ftbcr4wf6pr2fecu0bw73xstl3jgpz5cw7pz6w4qm1vkfjvmaqcpm20:latest/val_probs_labels.table.json","path":"media/table/val_probs_labels_13_d76627356306ea618b6f.table.json","ncols":2,"nrows":532,"_type":"table-file"},"checkpoint_path":"Checkpoints/Hyperparametersuch-Gli-Men/fluent-sweep-23/checkpoint_epoch_010.pt","train_loss":0.6937313644509566,"val_loss":0.6948129254228929,"_runtime":120.754706818,"train_samples_used":2128,"val_incorrect":271,"auc":0.5,"_timestamp":1.7481056468972888e+09,"_wandb":{"runtime":120},"val_accuracy":49.06015037593985,"epoch":13,"_step":13,"sensitivity":0.9999999999616858,"val_correct":261}