{"auc":0.9926957247629837,"val_correct":818,"val_total":851,"train_samples_used":3404,"val_loss":0.13648442538189037,"val_accuracy":96.12220916568742,"val_incorrect":33,"checkpoint_path":"Checkpoints/Hyperparametersuch-noTu-T/rose-sweep-65/checkpoint_epoch_010.pt","_timestamp":1.7480535208421476e+09,"_wandb":{"runtime":217},"_step":16,"epoch":16,"sensitivity":0.9759704251205921,"train_loss":0.05097431489438922,"specificity":0.935483870937565,"_runtime":217.821404544,"val_probs_labels":{"size":22040,"artifact_path":"wandb-client-artifact://wa2r17supysfvzguifjq8za82u5baqtdmw9f6yu481zjunge569l8pe8hi2mu6pn2kio7vy36zh26c07h2vj9hmf4wu40wofov57qwcdfbh0vagn2j6uwlpeh1js1qei/val_probs_labels.table.json","_latest_artifact_path":"wandb-client-artifact://ko7r9zjrkak5sk55mjlijwdt2abj7zexlgonvkqmppdo93p53030zdvydq9y3a8zrnm3bxembvsp8anni923k1k5w2pzh7pi1u6nroni3mkd5rifi6ofobxh6v926vq5:latest/val_probs_labels.table.json","path":"media/table/val_probs_labels_16_21833506bfd39880d627.table.json","ncols":2,"nrows":851,"_type":"table-file","sha256":"21833506bfd39880d6277b98d17c86dd562549ae6bd95f2bcbeabaccf9ef93c5"}}