{"test_accuracy":574,"test_correct":861,"test_incorrect":150,"test_total":150,"_timestamp":1.7472499232112334e+09,"_wandb":{"runtime":0},"_runtime":0.590166549,"_step":0}