{"test_sensitivity":0.9999999999834983,"test_accuracy":59.940652818991104,"no_tumor_train":1276,"sensitivity":0,"tumor_train":1702,"test_auc":0.5,"epoch":13,"_step":13,"test_total":1011,"_timestamp":1.7498239733840246e+09,"specificity":0.999999999968652,"test_incorrect":405,"test_correct":606,"test_specificity":0,"val_accuracy":37.485311398354874,"train_samples_used":2978,"_wandb":{"runtime":227},"auc":0.5,"_runtime":227.842879404,"val_loss":0.6940492306436811,"train_loss":0.6931164388855299,"val_probs_labels":{"_latest_artifact_path":"wandb-client-artifact://0xy9cu5xpc6jzbgcnmv0l55khj69zohnh7yf0mujkg7m1r8z5g9hpaxndrjm8hqq49u7n375y5kh0zl4g29pvngcqvk4fm830nb19bhfzcp5c1upeygq0ntowhch4w82:latest/val_probs_labels.table.json","path":"media/table/val_probs_labels_12_a1a5cd5bccf9ff905b8f.table.json","ncols":2,"nrows":851,"_type":"table-file","sha256":"a1a5cd5bccf9ff905b8fc1ab642fbae70757759a7563197bc3afcefa92471c91","size":22166,"artifact_path":"wandb-client-artifact://vgq4q1txq2k21n2w0fr6jr98r6ckai5qwjr0s1biu0itdp4tfl3xnwuy2obf6n8owntdluxdn2rp42smsylreytd7rg2udj6xmxyiq0zcfrtl18xqt9l6vndoohy6drm/val_probs_labels.table.json"}}