{"train_samples_used":3191,"test_incorrect":22,"test_correct":989,"_step":30,"_wandb":{"runtime":503},"no_tumor_train":1276,"sensitivity":0.9906015037407782,"tumor_train":1915,"test_sensitivity":0.9669966996540099,"train_loss":0.03868454474955797,"_timestamp":1.7504414719176574e+09,"epoch":30,"test_specificity":0.9950617283704923,"auc":0.9964114832535885,"specificity":0.9623824451108971,"test_total":1011,"val_loss":0.08010899874248675,"_runtime":503.726093389,"val_probs_labels":{"path":"media/table/val_probs_labels_29_b3133b929a90ee138ccb.table.json","ncols":2,"nrows":851,"_type":"table-file","sha256":"b3133b929a90ee138ccbbd79c8553db70375b26a5005a207356c1b96836e727c","size":19422,"artifact_path":"wandb-client-artifact://vjvw1rdga3qri3ewkxi0u6dimkb9u2ttu0q3bukiz6rks8vwf96e4tuuea7wsin5w48f267eo7v41vzwues57c1y7in69gh2ppxpzlnctpuk2iyqvtkupy6oxjd2a8pj/val_probs_labels.table.json","_latest_artifact_path":"wandb-client-artifact://j3g7dwas1arj48bcxp37hpf35zei67lwv82kw68h8krtuxodcst8x3uf1wuwcz0t0kwiqag63nr4jhatrejntnff0h8oedk2u7xrx3zpjxaj25xib4ejry1iwh24n8cl:latest/val_probs_labels.table.json"},"test_accuracy":97.82393669634025,"test_auc":0.9932322861915821,"val_accuracy":98.00235017626322}