{"specificity":0,"_step":11,"val_accuracy":62.51468860164512,"test_total":1011,"_timestamp":1.7498535949323144e+09,"_runtime":143.808451014,"test_correct":606,"auc":0.5,"train_loss":0.6948787815430585,"test_accuracy":59.940652818991104,"train_samples_used":2127,"test_incorrect":405,"no_tumor_train":1276,"test_sensitivity":0.9999999999834983,"test_auc":0.41681334800146674,"val_probs_labels":{"sha256":"d97f63371ea504071287eda915dba4ace143e1beee2b30e9259da19a55fb52b3","size":21315,"artifact_path":"wandb-client-artifact://qnzw0goygcimhhmvovv5gc7zfwurpiwqbwfy9jmi48hnmegllqafiy2p992j8qvr3tpnu9bay89cvjiye17d0zupou1n0lsvk9as0ie2033u7efwkl41phvx9ezludnd/val_probs_labels.table.json","_latest_artifact_path":"wandb-client-artifact://y8jniciwthvokvuqzxsw4skpb29vb06v0m3ikymjd7hqvtguxaoid2eelymhs5pnv4pz9cudu2rka59yjduebyb1qwxwbxviviiasloza7i3w8z90uuqotqnunx1sesm:latest/val_probs_labels.table.json","path":"media/table/val_probs_labels_10_d97f63371ea504071287.table.json","ncols":2,"nrows":851,"_type":"table-file"},"sensitivity":0.999999999981203,"test_specificity":0,"val_loss":0.6561038153512138,"tumor_train":851,"epoch":11,"_wandb":{"runtime":143}}