{"_timestamp":1.7504244734964073e+09,"val_probs_labels":{"ncols":2,"nrows":851,"_type":"table-file","sha256":"957a4d89e1e2d858a28ec84b9537a29466c14128b409d638e4c7ad92a3db1eb4","size":22069,"artifact_path":"wandb-client-artifact://fmgrdxcfup6izg22no5epyk1e0q9r4qjtx1ooc10l1m2jjnicpifgt0dqduqmronmwea5cslfloxhfp01rt6c9kkbqmr5a4eqi3fdvph3qg1ze6tvlvg0qunujjjvgrn/val_probs_labels.table.json","_latest_artifact_path":"wandb-client-artifact://wfllfbnnjmzx6lv16ci7ugrfwzf96kvb7exr6zotgq2pzr8t8wz40o8rbg91ooka2xj4kq4gb5vvm60jcw8okcb5qmq6d09spq761jiydo5rewgyml8n2z0bqu895l4r:latest/val_probs_labels.table.json","path":"media/table/val_probs_labels_30_957a4d89e1e2d858a28e.table.json"},"epoch":31,"specificity":0.9749216300634821,"_step":31,"auc":0.9920864072406722,"no_tumor_train":1276,"test_total":1011,"train_samples_used":1914,"val_loss":0.183401492025171,"test_accuracy":92.48269040553907,"_runtime":364.753215921,"val_accuracy":96.82726204465335,"train_loss":0.038236507959663865,"test_incorrect":76,"test_auc":0.9718412581998941,"test_sensitivity":0.8960396039456099,"test_correct":935,"_wandb":{"runtime":364},"test_specificity":0.9679012345440025,"sensitivity":0.9642857142675886,"tumor_train":638}