{"epoch":33,"test_sensitivity":0.9719471947034332,"_timestamp":1.7504431549201589e+09,"tumor_train":1276,"_step":33,"val_accuracy":97.88484136310224,"auc":0.9949913969877673,"test_accuracy":97.23046488625123,"_wandb":{"runtime":459},"_runtime":459.949063615,"val_probs_labels":{"artifact_path":"wandb-client-artifact://tjmzgf48h5o97o3uengnu1cqx4ccjx03f6bgurcaka5bgcccs1zbx04nx2ycs5axhi36ee7i70ed1lb3fr4ag1m4viwzt8j1y42cehvayguv80bp604vg58jg72h4i1u/val_probs_labels.table.json","_latest_artifact_path":"wandb-client-artifact://2gl3nw31or8a12wzo5sfexq3ehyj1a7uk25pemte0dgh72w6sx6xqwsponeol9ehin2hssqzqbgcn1bf69yv40nq1l1y4e53u1nw6z36whh90r9v9ffnvppjtrq02ias:latest/val_probs_labels.table.json","path":"media/table/val_probs_labels_32_c7d30754ee1e64363c9b.table.json","ncols":2,"nrows":851,"_type":"table-file","sha256":"c7d30754ee1e64363c9b22b3c7d81b6fc11a41ae913645a77e51ec2908e70528","size":22171},"test_incorrect":28,"test_specificity":0.9728395061488188,"val_loss":0.11106043748025383,"train_loss":0.04460022561252117,"test_auc":0.9935174998981379,"sensitivity":0.9774436090041834,"no_tumor_train":1276,"test_total":1011,"train_samples_used":2552,"specificity":0.9811912225397745,"test_correct":983}