{"val_accuracy":97.41480611045829,"val_incorrect":22,"train_samples_used":3404,"specificity":0.9580645160981269,"val_loss":0.15986371137047659,"auc":0.9948512312921113,"val_total":851,"_runtime":323.903244442,"_step":25,"_timestamp":1.7480353779773867e+09,"val_probs_labels":{"nrows":851,"_type":"table-file","sha256":"ab8a60dbf38d3d2e74d5d77cee4d7958cf12de585472bce9dcdfcf4e4d954e1f","size":17057,"artifact_path":"wandb-client-artifact://wpq044e2gko4bgqt1908mu8s7y4iw74b9umwi1j4vkwlveumgihwf9u3hvf9cgv7a2mlrr0ob1vn7qkzb554a56ukmnaqg59apn3izvsf8zt7swouw7ysx0bpjr1c865/val_probs_labels.table.json","_latest_artifact_path":"wandb-client-artifact://6i8ct2ytrrdgf0avo5inaom5t9rrc09dwcgde5pwqag22lmmd7td8fwhyfak05h3i5ue6ym4g53z1jzwxh4qpx7wo75o7clvssv4oljbk6hpbmg4ewkap8iv5ygnsdil:latest/val_probs_labels.table.json","path":"media/table/val_probs_labels_25_ab8a60dbf38d3d2e74d5.table.json","ncols":2},"checkpoint_path":"Checkpoints/Hyperparametersuch-noTu-T/hopeful-sweep-12/checkpoint_epoch_020.pt","_wandb":{"runtime":323},"epoch":24,"sensitivity":0.9833641404624147,"train_loss":0.001580904314558007,"val_correct":829}