{"no_tumor_train":1276,"test_specificity":0.9876543209632678,"tumor_train":851,"auc":0.9928583213519693,"val_probs_labels":{"artifact_path":"wandb-client-artifact://skfax9t645iqp6zy4uu4vxku9vsi9qcy50qyvj3ygm7qnf07xhojwcgasohdrf2eb09zn7m538ag41z2aw0x3ykzcmyoxedhypsmrentwbi9uqe45y56x4is19snv9jk/val_probs_labels.table.json","_latest_artifact_path":"wandb-client-artifact://f82kum77bp71di2a36zxu6ltcutyaxx8qnkmxpxyz9521t3d77d9wqxdy092vh5azpvjbvm81vu5lczdg80a09htxunhli4kp2v2qn5ov3lizkczskltxv6zyaz138c3:latest/val_probs_labels.table.json","path":"media/table/val_probs_labels_43_4be4d788842f14ef5dfe.table.json","ncols":2,"nrows":851,"_type":"table-file","sha256":"4be4d788842f14ef5dfe8a68c4cec0fa9b1191aee4717a54cfc2d57239db5d02","size":22183},"test_correct":943,"test_incorrect":68,"val_loss":0.1427509162042822,"_timestamp":1.7504441942952738e+09,"test_total":1011,"train_loss":0.04660483756486107,"test_auc":0.9774436702929551,"val_accuracy":97.64982373678026,"specificity":0.9905956112542132,"test_accuracy":93.27398615232443,"test_sensitivity":0.8960396039456099,"_runtime":567.394104215,"_wandb":{"runtime":567},"_step":44,"epoch":44,"sensitivity":0.9680451127637585,"train_samples_used":2127}