{"specificity":0.9709677419041624,"val_probs_labels":{"nrows":851,"_type":"table-file","sha256":"ac4e69ab73df0730126cdfda73a4b0c4d9db937dac2290a1ab06cbd6d1c5fb42","size":22101,"artifact_path":"wandb-client-artifact://3ynd4d8u8e9yep5s5gqln301lqzodeajmou768kk0rs2en9qcf3zkz0yxgn4thpr9hgllzzmaspkdpn8t2qvmfde2rrpwu3sn4nu9ubj9plwls6a0y6sae4co42v5v6o/val_probs_labels.table.json","_latest_artifact_path":"wandb-client-artifact://p6lvricvxlf71t0e83d57vyni09w9i4uvtrei9sb15x4nnsiixkg5z00eddw9rpv8hodlpqkkrv3otbdzeyqofe72z2i5gzj1su1h51zvi7si42pobqmva29faajlbij:latest/val_probs_labels.table.json","path":"media/table/val_probs_labels_53_ac4e69ab73df0730126c.table.json","ncols":2},"val_correct":828,"val_accuracy":97.2972972972973,"_timestamp":1.7480560040374546e+09,"sensitivity":0.9741219962851364,"val_incorrect":23,"epoch":50,"val_total":851,"_wandb":{"runtime":673},"train_loss":0.024070233154041623,"val_loss":0.08884928867753063,"checkpoint_path":"Checkpoints/Hyperparametersuch-noTu-T/deft-sweep-71/checkpoint_epoch_040.pt","_runtime":673.510650358,"auc":0.9953193011746467,"_step":53,"train_samples_used":3404}