{"val_correct":827,"train_loss":0.008737260421100056,"val_probs_labels":{"_latest_artifact_path":"wandb-client-artifact://bbvolkylmidfvgo19b997wv2sznaf7okeyfogcm9yhd7fdb8uve9p4kgd11nhkvyy6y5aomz1qohje6fp6j2h4e4sp6jjc5r9b68het94qs4ued7xdj12k5bww6pvx8z:latest/val_probs_labels.table.json","path":"media/table/val_probs_labels_23_878408d6b26cd1dae4ee.table.json","ncols":2,"nrows":851,"_type":"table-file","sha256":"878408d6b26cd1dae4ee2f455f1cf9a19615a0f1c230d6f5390d2c9893d5699b","size":19743,"artifact_path":"wandb-client-artifact://582kitogmit8coxh6jqp455ld3kxaqe85zgf2wu9gf9h1lyifzo41297tgbep65d35tmg6e4e8re4u3vxp438orrbkvbv9ifsarr4gir80h3wailzwft8lxmro7p55va/val_probs_labels.table.json"},"_timestamp":1.7480421786983218e+09,"train_samples_used":3404,"specificity":0.9677419354526534,"auc":0.9938524834535806,"epoch":22,"_wandb":{"runtime":305},"checkpoint_path":"Checkpoints/Hyperparametersuch-noTu-T/chocolate-sweep-34/checkpoint_epoch_020.pt","_runtime":305.773519968,"val_loss":0.15517961748722614,"val_incorrect":24,"val_accuracy":97.17978848413631,"_step":23,"val_total":851,"sensitivity":0.9741219962851364}