{"val_incorrect":55,"_timestamp":1.7481148201185417e+09,"specificity":0.8376383763528547,"auc":0.9608304703736692,"train_samples_used":2128,"val_correct":477,"val_accuracy":89.66165413533834,"sensitivity":0.9578544060935688,"_step":66,"train_loss":0.14529316740877488,"val_probs_labels":{"size":13443,"artifact_path":"wandb-client-artifact://pyu2ziwpox2vzx7otqhd8lhyf1sbdvbf4c91toff9vi4919xt7t1rro6zfao9wyy03oilsklyvmineu8x1cpzk3hnmxgqbphpdj0zk3926xxum756d2edrtp2t8z7xhy/val_probs_labels.table.json","_latest_artifact_path":"wandb-client-artifact://0h6nhigtm1ed6a7u4r0e0efvdbedcxu74ior0eztx6w9djmotokk0kq02avdpe30s47hfx7bc7n6h3770iqbwo9p62vupash01sz3w7uih33g83jhb6uw9grw3pqbxj5:latest/val_probs_labels.table.json","path":"media/table/val_probs_labels_66_94d551eb9409b2db8635.table.json","ncols":2,"nrows":532,"_type":"table-file","sha256":"94d551eb9409b2db8635012aaebd34609f7c5a96e1be4ad0f6cb13cd44e0ed73"},"_wandb":{"runtime":581},"val_loss":0.32550006442599827,"val_total":532,"checkpoint_path":"Checkpoints/Hyperparametersuch-Gli-Men/fearless-sweep-51/checkpoint_epoch_060.pt","epoch":61,"_runtime":581.068776069}