{"_wandb":{"runtime":533},"train_loss":0.13686581197030404,"val_loss":0.47057809233665465,"sensitivity":0.9655172413423173,"val_incorrect":61,"specificity":0.8081180811509919,"checkpoint_path":"Checkpoints/Messungen-Gli-Men/trainsample_2128/checkpoint_epoch_050.pt","_timestamp":1.7486883117643702e+09,"val_probs_labels":{"_type":"table-file","sha256":"2b718f07c3b6866692bc1eb1cc5ba48e39c7cfa872484edb328ee6b5b7b46bc0","size":13341,"artifact_path":"wandb-client-artifact://02ks99wy43od13sg0wo9v6bbmbwdv6xsw15032kn3oj1skkm0xry06l4mlfetl4n7y536mxzd9lxh1fhewl33sqq7naxq21lie2yfr9y66n0fght4chqra30l1ehvfi7/val_probs_labels.table.json","_latest_artifact_path":"wandb-client-artifact://gcv4bjvwsokor90ulugt08jd8ev6ju7gwpy8d6lv058tx6frjcgy7wrnqmrgc024gjd2kt4q82wip674d62bix018ggow88sp5r654r4dx9t4o02ag2z9afs4nm3p8w2:latest/val_probs_labels.table.json","path":"media/table/val_probs_labels_81_2b718f07c3b6866692bc.table.json","ncols":2,"nrows":532},"val_total":532,"epoch":57,"auc":0.9608587465184997,"train_samples_used":2128,"_step":81,"best_model_path":"Checkpoints/Messungen-Gli-Men/trainsample_2128/best_model.pt","val_accuracy":88.53383458646617,"_runtime":533.194736923,"val_correct":471}