{"test_incorrect":179,"train_loss":0.30893502837029574,"_wandb":{"runtime":666},"_timestamp":1.7473190449482424e+09,"test_accuracy":82.29475766567754,"epoch":50,"val_loss":0.42972371258117537,"_step":50,"test_correct":832,"test_total":1011,"_runtime":666.370181954}