{"auc":0.993406321446249,"test_incorrect":109,"test_accuracy":89.21859545004945,"epoch":23,"no_tumor_train":1276,"val_accuracy":97.17978848413631,"_step":23,"_runtime":273.139669066,"train_loss":0.031910318229347465,"_wandb":{"runtime":273},"train_samples_used":1914,"test_correct":902,"val_loss":0.14086103865078517,"test_total":1011,"test_specificity":0.90370370368139,"val_probs_labels":{"path":"media/table/val_probs_labels_22_b10c03e1af085dc04e93.table.json","ncols":2,"nrows":851,"_type":"table-file","sha256":"b10c03e1af085dc04e9305b98e1cc068c6eccd5527a0ef6d9c7e9834456af5d3","size":22094,"artifact_path":"wandb-client-artifact://nzpzffqsmi35i37wt5ccg7wvxjnkz5y4qxjyj7a4wz2gb1n77ilrr2eg32jt30xu75wgqb5aq3nq8yki9c3b7r4dt6qdxli5ybm50k65r9l1dipnsg03rlqabi50gqvg/val_probs_labels.table.json","_latest_artifact_path":"wandb-client-artifact://4nbgax5bd67r9upp5ozxtnhspya8chkt64jrgiqcmsqgha5n33obn6cl0y4mq0244av6c424ofvz6y1g8t4mtwzdo3q53vdd5bhgzkuu3fafjs4qph08uj9qwhe5o371:latest/val_probs_labels.table.json"},"specificity":0.9780564263016283,"tumor_train":638,"sensitivity":0.9680451127637585,"test_sensitivity":0.884488448830289,"_timestamp":1.7504195910196898e+09,"test_auc":0.9573686998329463}