{"best_model_path":"Checkpoints/Messungen-Gli-Men/trainsample_1277/best_model.pt","train_samples_used":1277,"train_loss":0.15983564034104347,"val_loss":0.37304733097553255,"val_probs_labels":{"_type":"table-file","sha256":"638418bf3a9c48a12cc257f9485485343f798ffd307574bb01d0e754734957be","size":13667,"artifact_path":"wandb-client-artifact://ges8477utghr27yjy0ly0ddz1uhovfmw09z76ad2tht85kcwvxne65s5o3y3r0jdjm55d42kepjk8m3ksqjl5ulrbvo963txjcad9o2mcl5q8ot4iyu8oup9u1a81u42/val_probs_labels.table.json","_latest_artifact_path":"wandb-client-artifact://aa6o975udzagl04oro0dw3b4dq3ontkyi0nzhk30copgfb386mnw0ax5a7vfeyyniitamd12tc5akg9lix30242b2uz31sju50mfjcbb4lillw46pwd5mi7207t1khmn:latest/val_probs_labels.table.json","path":"media/table/val_probs_labels_49_638418bf3a9c48a12cc2.table.json","ncols":2,"nrows":532},"_wandb":{"runtime":209},"_runtime":209.071092743,"val_incorrect":56,"specificity":0.8892988929561144,"auc":0.9509126125744016,"sensitivity":0.9003831417279546,"_step":49,"val_accuracy":89.47368421052632,"val_correct":476,"epoch":33,"val_total":532,"_timestamp":1.7486867525347137e+09,"checkpoint_path":"Checkpoints/Messungen-Gli-Men/trainsample_1277/checkpoint_epoch_030.pt"}