{"test_accuracy":93.3728981206726,"auc":0.98845030111502,"val_correct":820,"train_samples_used":3064,"train_loss":0.052926418681939445,"val_total":851,"sensitivity":0.9685767097787694,"test_auc":0.9852666748156298,"test_specificity":0.9679012345440025,"_timestamp":1.748790585895778e+09,"test_confusion_matrix_table":{"_type":"table-file","sha256":"f150afb07c1b83c152eeb51786408033155fa9549199cf09da28db7e7592cc60","size":180,"artifact_path":"wandb-client-artifact://syoxtdybag2l29tbibtzmbawcu8eqqa7uns0snmkrn2navylvns6cgvlx4d2t2elp8p1zs3xpz3zseuk4z1f433kg8jzi3mbbz0ue12pzc5anor58plow2dl28vjd97b/test_confusion_matrix_table.table.json","_latest_artifact_path":"wandb-client-artifact://9tm8f6ggtavcmczk5ym1qoytokqam1239on8sbsy16o0pqer8cdjzdr9ifpwju8lnvz37v6ughtq87fju2lmuan6b7xvv1eg150xhr4yyvu20joexq7bx2fle3qbprqu:latest/test_confusion_matrix_table.table.json","path":"media/table/test_confusion_matrix_table_41_f150afb07c1b83c152ee.table.json","ncols":3,"nrows":4},"val_accuracy":96.3572267920094,"_wandb":{"runtime":345},"_runtime":345.636968117,"test_incorrect":67,"_step":41,"test_total":1011,"val_loss":0.15710411433662688,"test_correct":944,"test_probs_labels":{"path":"media/table/test_probs_labels_41_28c0c5c68762920ba02d.table.json","ncols":2,"nrows":1011,"_type":"table-file","sha256":"28c0c5c68762920ba02dea4b4886930cf121647978c6c59df298485e67bece2b","size":26330,"artifact_path":"wandb-client-artifact://vn3nv37xm6ldtihpw03i7269luz15f8x6v9me5e7333tg3a199lqantdjk0yanwprlri4b1ooi6h57dkql02ipev7z2qzd8t0ridvygjukotmcvmvj2782g5jkuftgwj/test_probs_labels.table.json","_latest_artifact_path":"wandb-client-artifact://utho5fnvx8zxsi0s0v4cvabofdlwb604jos34svdbf6hcg2po555jah2yrm1sw579efl24nq3136x7z5e1l6nilg6v57bjjbc7javy805opbmws8tlljxjww6t8n4n1e:latest/test_probs_labels.table.json"},"epoch":27,"specificity":0.9548387096466181,"test_sensitivity":0.9108910890938797,"val_probs_labels":{"sha256":"1a15c7bc0dbddcb3207779724398555eee8aa99e68513dc4b8e0472e0d472bbd","size":22070,"artifact_path":"wandb-client-artifact://jdn1ukmstxw17gs76i62w5m33efh4ma8i5gx2w9nvurqj1euv0cf8rnxqzmt9y86d94x35yfskzwll3y8xj7lei20msk9uoa2z9gjbylvegsqidunssnvniymx84gw3e/val_probs_labels.table.json","_latest_artifact_path":"wandb-client-artifact://21zepfnof2767vpmnfzafqievvjp1rswktkx0dy6b4xtk9rg5rxfb3tfdzvmhqzuvoud1hyn95ljzi0bab5gbwiw46i5n3ib40idfcyrc0gibcxm742yeq3nvlgcyhw7:latest/val_probs_labels.table.json","path":"media/table/val_probs_labels_40_1a15c7bc0dbddcb32077.table.json","ncols":2,"nrows":851,"_type":"table-file"},"best_model_path":"Checkpoints/2-Messungen-noTu-Tu/trainsample_3064/run_4/best_model.pt","val_incorrect":31,"checkpoint_path":"Checkpoints/2-Messungen-noTu-Tu/trainsample_3064/run_4/checkpoint_epoch_020.pt"}