{"train_samples_used":3404,"_timestamp":1.748057316697448e+09,"_step":22,"_runtime":283.130920998,"val_probs_labels":{"sha256":"fdcc407ae9243320a2a551c17cde075a27462f93234a97cc912b2522592f43e5","size":22080,"artifact_path":"wandb-client-artifact://xvdal42gme8n0u5xj8hdvhxso5xedb0ui88s01e6vl4qd8zo8imu1sdv94g3k7cagtpkwgdng5qh13fm5lg6qrr1ihb8mdlool01vshj4hfvtust5como8g3ycxzxhf3/val_probs_labels.table.json","_latest_artifact_path":"wandb-client-artifact://y34d45ba5nb4j97nunmvo5gnr6vmqxi3jhm5rfsw840eebx0bltrbjz2hulfa2i1nkyw2x589kpwwhel25nrsfbx7pc9eq5vg012ems059cjrugp8z888p5psi3d5ed8:latest/val_probs_labels.table.json","path":"media/table/val_probs_labels_22_fdcc407ae9243320a2a5.table.json","ncols":2,"nrows":851,"_type":"table-file"},"val_loss":0.16978585267705576,"_wandb":{"runtime":283},"train_loss":0.02598833332444041,"val_accuracy":96.23971797884842,"auc":0.991622443503667,"specificity":0.9645161290011446,"checkpoint_path":"Checkpoints/Hyperparametersuch-noTu-T/mild-sweep-75/checkpoint_epoch_020.pt","epoch":21,"sensitivity":0.9611829944369467,"val_incorrect":32,"val_total":851,"val_correct":819}