{"_wandb":{"runtime":1095},"sensitivity":0.9822560202726094,"auc":0.9927308179779663,"_step":33,"test_sensitivity":0.9768976897528565,"train_loss":0.05233841334702447,"val_loss":0.10684201223775744,"test_specificity":0.9753086419512269,"_runtime":1095.542775609,"specificity":0.9466666666569573,"_timestamp":1.7494656589472156e+09,"test_correct":987,"test_incorrect":24,"val_accuracy":96.86643164904034,"test_total":1011,"test_auc":0.9940634804221163,"val_probs_labels":{"_latest_artifact_path":"wandb-client-artifact://xqisrhqxpi4wii8knjtyb3j30kcw0kyasmh85zkmbkzxoo6fmdmgnaewq5lumwrj8yvy4nd7r1v14t0rng0piqwk5hpfzdvpiftl3l1qgbns8sw2399ic2vne9olm9cz:latest/val_probs_labels.table.json","path":"media/table/val_probs_labels_32_41059befd561da6834db.table.json","ncols":2,"nrows":2553,"_type":"table-file","sha256":"41059befd561da6834dbb094cfeacddc1b962ecc87555bbdca29bd1d3b4e16d2","size":65973,"artifact_path":"wandb-client-artifact://3wt8vl1i8i4ohe9fivh4abuefh4g0x19fc31y5hq8v4thc214zc1xbrcemm38dr2zxk3pi70bbtx68z2zq67wyksk3dztm8c1ca0z82cjqp6l6cj05zqia9ru0p2fmo0/val_probs_labels.table.json"},"train_percent_used":0.5,"train_samples_used":5106,"epoch":33,"test_accuracy":97.62611275964392}