{"test_auc":0.990799820722813,"test_accuracy":96.53808110781405,"auc":0.9916761075666329,"test_specificity":0.9728395061488188,"_runtime":436.832044671,"val_loss":0.16392956567662104,"train_samples_used":2042,"_timestamp":1.7498067938605757e+09,"test_sensitivity":0.9603960395881123,"_step":32,"test_incorrect":35,"train_percent_used":0.6,"val_accuracy":96.70975323149236,"test_correct":976,"train_loss":0.01784817112638848,"specificity":0.9387096773890738,"epoch":32,"sensitivity":0.9833641404624147,"_wandb":{"runtime":436},"val_probs_labels":{"path":"media/table/val_probs_labels_31_4b80fc08c28ade0af537.table.json","ncols":2,"nrows":851,"_type":"table-file","sha256":"4b80fc08c28ade0af537b08ac26a719845152da771eaa1209dcc4c08f1d9de48","size":20598,"artifact_path":"wandb-client-artifact://di1nugm6bd0v7qxp0t578gd6ojquueqhieutwt5jscg6a54k3etejlr1vmd9xk4gg7g0jn64ojpx5vio9xsytb655psg1g3qsgpdpvzu8cblwso5tvpp5haak8o4xi7i/val_probs_labels.table.json","_latest_artifact_path":"wandb-client-artifact://2y6ridrda05i6gmgpklx1k8bkuhte5hodujalepefpd6h9gqnu7ay87ka3e7v6jedw2syd7u2q8joynflm272bfltq4jxhu78wpbtcguy55svolaytzf8r4lzmmklqbk:latest/val_probs_labels.table.json"},"test_total":1011}