{"val_probs_labels":{"sha256":"8c04da9a39bce446f37932437ff66380beef2f832189a266d27a071955edb623","size":22131,"artifact_path":"wandb-client-artifact://61p4aa3bq3251w673k9z2od5f4yn0e5d3cw6den0i7vsydnovaa45ll9ksopfphbl2bcaczmde8a4oehr8z5ch53j0chtxfribkgnsdzisjjz691bwsqdilgxrg3p7r0/val_probs_labels.table.json","_latest_artifact_path":"wandb-client-artifact://l8tgm1ekrir1zkcjbkmkjjkiyx9tdvzkdxblltkrjfa2ywtn4lcrzjasjoyicdcdi4xukm7gnljlkg9jr8g6z01aukko97z2kyxf1v8ms67acuz2eumxjok58x4g9dri:latest/val_probs_labels.table.json","path":"media/table/val_probs_labels_26_8c04da9a39bce446f379.table.json","ncols":2,"nrows":851,"_type":"table-file"},"_timestamp":1.7504622725270174e+09,"test_total":1011,"_wandb":{"runtime":362},"val_loss":0.07467050105333328,"sensitivity":0.9736842105080135,"test_specificity":0.9580246913343697,"train_samples_used":2340,"test_correct":947,"test_accuracy":93.6696340257171,"auc":0.996493977891437,"test_incorrect":64,"tumor_train":1064,"_step":27,"val_accuracy":98.1198589894242,"test_auc":0.9780955873365115,"test_sensitivity":0.9224422442092006,"epoch":27,"train_loss":0.06645841906337362,"specificity":0.9937304074923595,"no_tumor_train":1276,"_runtime":362.400199111}