{"auc":0.9950688688808061,"sensitivity":0.9778188539560477,"val_loss":0.13003426369479193,"val_incorrect":22,"val_accuracy":97.41480611045829,"_timestamp":1.7480570248568501e+09,"train_loss":0.003456100668834686,"_wandb":{"runtime":326},"val_correct":829,"train_samples_used":3404,"val_probs_labels":{"ncols":2,"nrows":851,"_type":"table-file","sha256":"816901f325c3ef8f2ddf08fe1879bf85e356a6a5f0cf76ad9e6e3b5233ff254b","size":19874,"artifact_path":"wandb-client-artifact://75vt8lthfxuxnhpcvmsfvceley409rhmy44cy3764yj2mqf5iy0bzwzgmqhegrqjia9xf0dg4nbvns8i71tgvg01orx2kmi4z2tbwc21hkyw0zgiatck4mertkdh3e9v/val_probs_labels.table.json","_latest_artifact_path":"wandb-client-artifact://9m3ecllvd0j62vic36o6avbonn762pl0a9txlla7zkcesit2wev3ubbipuk7sj6vpvgfmyvvfeyiv9fdo2faqtbmqcj00wo6ljuhn95qi5og726xlk0cvgfkftms12c8:latest/val_probs_labels.table.json","path":"media/table/val_probs_labels_25_816901f325c3ef8f2ddf.table.json"},"_runtime":326.391357151,"val_total":851,"checkpoint_path":"Checkpoints/Hyperparametersuch-noTu-T/magic-sweep-74/checkpoint_epoch_020.pt","epoch":24,"_step":25,"specificity":0.9677419354526534}