{"val_loss":0.09758725515308066,"val_correct":826,"val_total":851,"checkpoint_path":"Checkpoints/Hyperparametersuch-noTu-T/genial-sweep-31/checkpoint_epoch_040.pt","train_samples_used":3404,"_timestamp":1.7480413220771558e+09,"specificity":0.9483870967436004,"val_incorrect":25,"_wandb":{"runtime":623},"auc":0.9961600381611114,"val_accuracy":97.06227967097533,"epoch":45,"train_loss":0.01959179549953448,"_step":48,"_runtime":623.115400637,"sensitivity":0.9833641404624147,"val_probs_labels":{"sha256":"b8be7afb10dc6d489f55d2cb3655f666fd1f57399a6335a9fa9cdb71f5f8ea2e","size":20838,"artifact_path":"wandb-client-artifact://lf638aak98nbp0olb8zdokgeimj0eqyf5c356m485f4gpn4zgko00q35l2krrii6x2e10krhw3uftfoz412ep20kulirtcnml3cp4xjbfj4g0uhukzw419zuksymothq/val_probs_labels.table.json","_latest_artifact_path":"wandb-client-artifact://hvsnt9x14esopquj6w5sm2dvni9wh882gq7obe0glm1z6gwc7rj8hn54gm2ej0g37xxx8w6rhy3kwj0tq9lb46s7fgjwm0dic207nk45sj5xt0asg29ka23qbjlre1v5:latest/val_probs_labels.table.json","path":"media/table/val_probs_labels_48_b8be7afb10dc6d489f55.table.json","ncols":2,"nrows":851,"_type":"table-file"}}