{"val_loss":0.27450406354139834,"epoch":53,"val_probs_labels":{"nrows":532,"_type":"table-file","sha256":"701d21aa747f372a3a149308c41efad7b468dbacab0902808e40772a682e9842","size":13733,"artifact_path":"wandb-client-artifact://om6a9szj9oqezw0jlhuhk7fwe0luvlq9ypeijnofvwitcqybbganwtledtv9unk0alcntdmdcvp2n137y9065oqrae2gbsrimbah0sbzgqfzgfovn36s7nsxza4ah1fj/val_probs_labels.table.json","_latest_artifact_path":"wandb-client-artifact://429pf4m5hm4z2sl2e6hum7ouy4xzxyzxvzubz7qonwk88f1w16mrrblrw7gbupad6r2log617m92z9cbbbx7wpjcbqh795e9h7wg5ibdbv9tclt9o45oll60vrmjsbzq:latest/val_probs_labels.table.json","path":"media/table/val_probs_labels_57_701d21aa747f372a3a14.table.json","ncols":2},"_timestamp":1.7481065265507915e+09,"specificity":0.9335793357589085,"_wandb":{"runtime":505},"checkpoint_path":"Checkpoints/Hyperparametersuch-Gli-Men/glowing-sweep-26/checkpoint_epoch_050.pt","_step":57,"val_incorrect":52,"val_accuracy":90.22556390977444,"auc":0.9672845004312113,"val_correct":480,"sensitivity":0.8697318007329604,"_runtime":505.632252611,"train_loss":0.09188524886632143,"train_samples_used":2128,"val_total":532}