{"tumor_train":1702,"val_accuracy":98.35487661574618,"no_tumor_train":1276,"test_correct":978,"auc":0.9969005586065477,"_wandb":{"runtime":371},"test_auc":0.9908650124271686,"_timestamp":1.7498664778811412e+09,"test_sensitivity":0.9620462046045867,"train_loss":0.03856204973999411,"val_probs_labels":{"sha256":"ac5616ce9e1a30abb38c1ffda2c4bdd3538a86a41c4910d9c4618eb8856b2147","size":22165,"artifact_path":"wandb-client-artifact://yj59h8rkoapigsbd1bfams2fqsq0acp3arzord126ti8t0u9d4vchkmxub2vpug75hao4h2k1mxncfh0eh5eru4ujqlqj1g4t8zxnvdfe0xncvt1nhn9cu0u3is4pyc3/val_probs_labels.table.json","_latest_artifact_path":"wandb-client-artifact://i0kviahuf5cihp34naadxaxdtt7wra7vcrh0vzrklxftm0e1ctcf6hmtzqdktzz5epcz1bw7ls9qrvmx0bhyau7rm9kxug5xhaqbi81062nlm8u4etjinzpdedcybpo0:latest/val_probs_labels.table.json","path":"media/table/val_probs_labels_27_ac5616ce9e1a30abb38c.table.json","ncols":2,"nrows":851,"_type":"table-file"},"val_loss":0.06264317354985646,"test_accuracy":96.73590504451039,"epoch":28,"test_incorrect":33,"test_total":1011,"test_specificity":0.9753086419512269,"_step":28,"specificity":0.9874608150160671,"sensitivity":0.9812030075003533,"_runtime":371.469481929,"train_samples_used":2978}