{"_timestamp":1.7480527448037055e+09,"_runtime":239.786364201,"val_total":851,"val_incorrect":24,"epoch":17,"val_accuracy":97.17978848413631,"sensitivity":0.9796672827915034,"val_probs_labels":{"_type":"table-file","sha256":"2bf5dea979f8e3495ff8f47ef930c088997cf2e4ed837c91d91e624d4cf1598a","size":19715,"artifact_path":"wandb-client-artifact://i6r3aqszctl3iug69j0ocs6vxq6f3ctro2io4t3c9y2i3crq64uinzv5xazecn289nd2vhn9mzfuehed1q0i7cn1ac9qdxn1l52nrlfsyli1exd251wfjyvnnj6bf1fl/val_probs_labels.table.json","_latest_artifact_path":"wandb-client-artifact://4i6fnxesfzlwavsujqu40wglu527v3jtp994jfn5zbb58ir0cuhhknbnb9wf77ells08ubclpvr4oejthmwlh74r6yrw2wyc2sjyd9ickk100i44jmjb84rah4dftp2h:latest/val_probs_labels.table.json","path":"media/table/val_probs_labels_17_2bf5dea979f8e3495ff8.table.json","ncols":2,"nrows":851},"train_samples_used":3404,"train_loss":0.004610632823894573,"auc":0.9960586727088426,"_wandb":{"runtime":239},"specificity":0.9580645160981269,"val_correct":827,"checkpoint_path":"Checkpoints/Hyperparametersuch-noTu-T/scarlet-sweep-62/checkpoint_epoch_010.pt","val_loss":0.1187801451638474,"_step":17}