{"_step":40,"train_loss":0.3562934920191765,"val_probs_labels":{"nrows":532,"_type":"table-file","sha256":"bf4ad481b0780091f09751d96a2fb3a1a104b977fb582bbfe3ca70fda4993a7d","size":13436,"artifact_path":"wandb-client-artifact://nq25keegz0io58dnakcs96y47i5bz55676c895j6nadw27bjhymds6oqk48ujtpd134eim6po3tihohmp04m3f2ci0dcaoowfskp8tqrnig9n3m8li2qjyi8zxa44669/val_probs_labels.table.json","_latest_artifact_path":"wandb-client-artifact://e9jnmw6gh8eenn0uetkco7zmhfvw1pi0dgvmej5wu90aeqrklvbilq1linr98q3pppcx8weu8znldzrjqpg6obux0gu6r44s9pf9y9fvsdvruu1xuoous80pzf3eqxgj:latest/val_probs_labels.table.json","path":"media/table/val_probs_labels_40_bf4ad481b0780091f097.table.json","ncols":2},"val_total":532,"epoch":27,"val_correct":437,"_timestamp":1.748684610402113e+09,"val_loss":0.4365150034427643,"_runtime":92.348440504,"val_incorrect":95,"train_samples_used":426,"best_model_path":"Checkpoints/Messungen-Gli-Men/trainsample_426/best_model.pt","_wandb":{"runtime":92},"specificity":0.7970479704502934,"auc":0.8880123283991461,"checkpoint_path":"Checkpoints/Messungen-Gli-Men/trainsample_426/checkpoint_epoch_020.pt","val_accuracy":82.14285714285714,"sensitivity":0.8467432949867147}