{"test_sensitivity":0.9587458745716378,"test_auc":0.9924703581469259,"test_correct":985,"val_loss":0.07257583338235106,"specificity":0.9968652037305058,"test_total":1011,"train_loss":0.025519190249421324,"epoch":33,"train_samples_used":2978,"tumor_train":1702,"test_accuracy":97.42828882294758,"val_accuracy":98.35487661574618,"_step":33,"_wandb":{"runtime":595},"test_incorrect":26,"_runtime":595.49826209,"test_specificity":0.9975308641729005,"no_tumor_train":1276,"_timestamp":1.7498335307691586e+09,"val_probs_labels":{"path":"media/table/val_probs_labels_32_89918ef64d272522e269.table.json","ncols":2,"nrows":851,"_type":"table-file","sha256":"89918ef64d272522e269c81d51cd5dd5c306e9aab6116275ce61167c091847e2","size":22040,"artifact_path":"wandb-client-artifact://8ihpcw4mi42pwuz9dtih2f7gxa42cw7wup8lf508dtrgjvccbsz1l9wkck8vpktwx91q4f79fwgdnev00dr3iukl36lutqzg75u9jy0ix19zjx3mikwd2g95i6jrxn6a/val_probs_labels.table.json","_latest_artifact_path":"wandb-client-artifact://tlcev65kbt3f24i65fud46g7p14jjgxntoclurd8kkrwe8ipmti7qzf475oypbfn3w188iwyosm4u1ba1y5zklrpqib7d1lbuf00tlqp5mivvxf9u55j5vpzbafbwbvh:latest/val_probs_labels.table.json"},"sensitivity":0.9755639097560984,"auc":0.9970125156150564}