{"auc":0.9926897620893208,"epoch":34,"val_loss":0.1252754745738847,"_runtime":353.022711429,"best_model_path":"Checkpoints/Messungen-noTu-Tu/trainsample_2383/best_model.pt","val_total":851,"train_samples_used":2383,"checkpoint_path":"Checkpoints/Messungen-noTu-Tu/trainsample_2383/checkpoint_epoch_030.pt","_wandb":{"runtime":353},"val_correct":820,"val_incorrect":31,"specificity":0.9483870967436004,"val_accuracy":96.3572267920094,"train_loss":0.03163870039248937,"_step":51,"sensitivity":0.9722735674496807,"val_probs_labels":{"_type":"table-file","sha256":"5a703f04d7cc96081a08996b76631b4b534b0e836209685f33b15f443b226eca","size":22113,"artifact_path":"wandb-client-artifact://51861jqubj6vo48oz0hu3weasfw3a6duragcyptnf2tcawtq6khf83havugnlk16j76smkw6n0uckxe0kt650h8gftuwc7k45kl2eouq7cgzt8m7z1exzas7p7yotfvh/val_probs_labels.table.json","_latest_artifact_path":"wandb-client-artifact://cy57gsefbb9r2mdxayvg1ftq4rffq91ffj2nrikl35he7v15c6xv66ns3zjmqetqhwydlmi8wb0ibr4m81zkcfwofhwirfdsgcknpzu9x19ajmmlq0bmkp9vqoo4ejfn:latest/val_probs_labels.table.json","path":"media/table/val_probs_labels_51_5a703f04d7cc96081a08.table.json","ncols":2,"nrows":851},"_timestamp":1.748635392669854e+09}