{"_wandb":{"runtime":562},"_step":28,"sensitivity":0.9887218044926932,"test_sensitivity":0.9653465346375355,"no_tumor_train":1276,"specificity":0.9592476488727508,"test_specificity":0.9975308641729005,"tumor_train":2128,"val_probs_labels":{"nrows":851,"_type":"table-file","sha256":"c0141dce2e50ad311e030ccd790d3f04a4c2932f5f1f870da65e0580dcf74df0","size":21880,"artifact_path":"wandb-client-artifact://gs8qa9jkz59e29xtcbgmvw2fdmhlw3lnu2x8zes8ftx1mkxkaiwy05p67g8uxshzuj1wl7g84cp3hju9j8dr1zdj8hg746wf2fz1zbaw6l7dp6f7x5iy2a5nnujp9np1/val_probs_labels.table.json","_latest_artifact_path":"wandb-client-artifact://cpd3c19v0u34x4gvboeak7y7n04mp1p6cmnbwowsiornmq93o46p2h1tvkvuvfbrk5jbm4edv3zk8wiy2a099exle8g0hr69b1xc47ooa9faaf7ewsi2b3ccnch76ag2:latest/val_probs_labels.table.json","path":"media/table/val_probs_labels_27_c0141dce2e50ad311e03.table.json","ncols":2},"test_incorrect":22,"_runtime":562.940237872,"train_samples_used":3404,"test_accuracy":97.82393669634025,"val_loss":0.09224038571119308,"auc":0.9961875692365711,"epoch":28,"val_accuracy":97.76733254994124,"test_auc":0.9958847736625513,"test_correct":989,"_timestamp":1.7498230072074745e+09,"train_loss":0.03323861973843089,"test_total":1011}