{"train_samples_used":2723,"epoch":22,"_step":22,"_wandb":{"runtime":367},"val_accuracy":95.41715628672151,"val_loss":0.1869954126221793,"val_probs_labels":{"sha256":"43c01c3ef5c9c48e7d9ef2c24b48b916eb2a1b884d82810e52b41fe5fd7a336f","size":22160,"artifact_path":"wandb-client-artifact://aarw3c5n59105cvjvll3nejvfw9ckksz55we4bbj97viy3xvxt14qgjqol8zbrc7ecyjmxje5k2wikzggqunyrwpafv90ipeo5xywi5fi0vr7aefovsn5zl9b86y81y3/val_probs_labels.table.json","_latest_artifact_path":"wandb-client-artifact://u33z1vglc9y4u39km93su7tdu1pf7imawx5l6q7xlknho7sqnmz1zk8dt8cacwugi9dd3uwj3nyq4pxgr4x0ldtaxik22v1e05492dsig44v3firb6zmjls4rs4gh20d:latest/val_probs_labels.table.json","path":"media/table/val_probs_labels_21_43c01c3ef5c9c48e7d9e.table.json","ncols":2,"nrows":851,"_type":"table-file"},"auc":0.9893804782064278,"test_accuracy":93.47181008902076,"test_incorrect":66,"_timestamp":1.749763487074336e+09,"_runtime":367.21187863,"test_correct":945,"sensitivity":0.953789279095124,"test_total":1011,"specificity":0.9548387096466181,"test_sensitivity":0.9125412541103541,"test_specificity":0.9679012345440025,"train_percent_used":0.8,"test_auc":0.9832742533512611,"train_loss":0.05497291415337135}