{"auc":0.9582195456442669,"epoch":36,"val_total":851,"train_samples_used":340,"_runtime":139.029956052,"val_accuracy":91.7743830787309,"_step":53,"train_loss":0.04661455502112707,"val_incorrect":70,"sensitivity":0.9463955637533014,"best_model_path":"Checkpoints/Messungen-noTu-Tu/trainsample_340/best_model.pt","checkpoint_path":"Checkpoints/Messungen-noTu-Tu/trainsample_340/checkpoint_epoch_030.pt","specificity":0.8677419354558793,"_timestamp":1.7485567758664215e+09,"val_loss":0.3627363443374634,"val_probs_labels":{"artifact_path":"wandb-client-artifact://bravt5ki3rn92x5s9tn7z27fu7ponev3g2cx8009q53bfgtwtcpj7t7j2nv8m1plp93fxn2ehd8gf8ibzm7qcuet3pzfutht4nhp72rc5e4coe0qn26husvf1jrs2qo5/val_probs_labels.table.json","_latest_artifact_path":"wandb-client-artifact://v1q9t5goug2wofvqokdq8h9r5g4l9rxjg8t24jdzjnjf06nr6by2uvwan62z4y2d9zl3ektl6q0ds5uzn8s6mwtohl9uqfcdi1h1fl2voxfbjveiy4cjdyykm75ryhc0:latest/val_probs_labels.table.json","path":"media/table/val_probs_labels_53_753b203e4d8790df154e.table.json","ncols":2,"nrows":851,"_type":"table-file","sha256":"753b203e4d8790df154ea7d08f64558d6526d90b120641fc3bbb342ba9c052a0","size":22063},"_wandb":{"runtime":139},"val_correct":781}