{"test_specificity":0.9876543209632678,"test_total":1011,"no_tumor_train":1276,"sensitivity":0.9736842105080135,"specificity":0.9780564263016283,"val_accuracy":97.53231492361927,"test_sensitivity":0.9521452145057402,"test_correct":977,"auc":0.9956631390388195,"val_loss":0.09964325604960322,"train_samples_used":3404,"val_probs_labels":{"size":21327,"artifact_path":"wandb-client-artifact://6wp6qq91o6lg08l3rgp36j0rz5te1o9eg31ajwkt2qtotvkd0cpcwvue7y43v9ocr37490o3p0xiot5o5lgj86gxtppmsbooho5k2ab1uk88gag56mdh3v8kumc33xf0/val_probs_labels.table.json","_latest_artifact_path":"wandb-client-artifact://57ay7ne4j7tssaavv6qk9h63w4icifwviny2dvand5ympm1ekw5px3zumseaoe8u1oedkpv4wpg0uhfub3lcjtv11fgxjoua9rjuwxb5hmemvyt2j8dmdzvg9fpzsvw4:latest/val_probs_labels.table.json","path":"media/table/val_probs_labels_29_7e2debda4597b0ad0fd2.table.json","ncols":2,"nrows":851,"_type":"table-file","sha256":"7e2debda4597b0ad0fd2ec4fd6259a2e91698023f07ead3cf6cbf3d98a923c34"},"_timestamp":1.7498275291331785e+09,"train_loss":0.023061239048493682,"test_auc":0.9953021228048731,"_wandb":{"runtime":582},"_runtime":582.796440542,"_step":30,"tumor_train":2128,"epoch":30,"test_accuracy":96.63699307616221,"test_incorrect":34}