{"train_samples_used":1362,"val_correct":807,"epoch":21,"val_loss":0.20933167955705098,"_wandb":{"runtime":151},"train_loss":0.05957574939185923,"specificity":0.9225806451315296,"val_total":851,"checkpoint_path":"Checkpoints/Messungen-noTu-Tu/trainsample_1362/checkpoint_epoch_020.pt","_step":31,"_runtime":151.116793456,"sensitivity":0.9630314232724023,"val_accuracy":94.82961222091657,"val_incorrect":44,"_timestamp":1.7486326947620833e+09,"val_probs_labels":{"sha256":"cbbdf4615a29e1237bd22ecabff717e9f3f3db69b9c14236120a90c3aed9fab5","size":22032,"artifact_path":"wandb-client-artifact://2794pjirjewqni4ywqv3a4yhhs13cuwk3kfp6ojzgp8984hnm3iaquiiwwwk53ly7490sllcu7abja7t95t3dl7dzfys79p1w16mt97lwo2bb8cs4fbbpg7trqfasdzs/val_probs_labels.table.json","_latest_artifact_path":"wandb-client-artifact://34l99avo3l89mb9y5eebcy5hj350jy776rxwmyie1tmw5v72fvfujlevga7rfqv3mhjg9ztvg2tz9l594b2hnrnm3uiocikxfuvdd3iauytpjeelx1inqhd13cp65zq4:latest/val_probs_labels.table.json","path":"media/table/val_probs_labels_31_cbbdf4615a29e1237bd2.table.json","ncols":2,"nrows":851,"_type":"table-file"},"best_model_path":"Checkpoints/Messungen-noTu-Tu/trainsample_1362/best_model.pt","auc":0.9819152107805139}