{"auc":0.9876513028441952,"val_incorrect":38,"_step":47,"specificity":0.9225806451315296,"val_probs_labels":{"path":"media/table/val_probs_labels_47_5c9147e168d971b9b2cc.table.json","ncols":2,"nrows":851,"_type":"table-file","sha256":"5c9147e168d971b9b2ccd19471e96755f074c269b56ae41d6652b4e3198ab28f","size":21662,"artifact_path":"wandb-client-artifact://n9xk290rjc2kkntn0k43uupwl55oe0uis3tl3uu9epcga44ukjvk0b3ci2ipheqwkubtzk53a5g3aie09r9itikn2grgzficuvr88y4v2lkcq6sfyuok2ts2o887equ5/val_probs_labels.table.json","_latest_artifact_path":"wandb-client-artifact://59r0rs1cp3w9xy2q22qa4nfmwlfbk2kte1zk93ga2hptwsiehmc47hme4mzaiomblxstkwyxj9z37y2di8l5grq3pcqc0nnvuodwb7uil2ndxgxiky24c1q0i3fbj8d7:latest/val_probs_labels.table.json"},"train_samples_used":1702,"_runtime":254.740317605,"train_loss":0.03164046636915633,"val_total":851,"val_loss":0.20569536622081483,"best_model_path":"Checkpoints/Messung-noTu-Tu/trainsample_1702/best_model.pt","epoch":31,"val_accuracy":95.53466509988249,"_timestamp":1.748530786092501e+09,"sensitivity":0.9741219962851364,"val_correct":813,"_wandb":{"runtime":254},"checkpoint_path":"Checkpoints/Messung-noTu-Tu/trainsample_1702/checkpoint_epoch_030.pt"}