{"auc":0.9968397829586786,"specificity":0.9903225806132154,"val_total":851,"train_loss":0.019890356375577137,"_timestamp":1.7480896007648776e+09,"checkpoint_path":"Checkpoints/Hyperparametersuch-noTu-T/fancy-sweep-85/checkpoint_epoch_020.pt","val_incorrect":25,"epoch":26,"val_correct":826,"_wandb":{"runtime":365},"val_probs_labels":{"path":"media/table/val_probs_labels_27_e4800f4fbd7491b06042.table.json","ncols":2,"nrows":851,"_type":"table-file","sha256":"e4800f4fbd7491b06042e4a88e8d73804499a3d36658a4fa0380b86c2650b4b2","size":21998,"artifact_path":"wandb-client-artifact://3wvf5qy9srnr6ed6lf08pnxhhjvwezw3bsst9187og9ahh0c3sdbnhghywny7gnrl9467fg7yipgexxyb7gi8ugk1efi7c2p2xgbq0ytkw3wratfeltjl3efp2o0yeys/val_probs_labels.table.json","_latest_artifact_path":"wandb-client-artifact://9wfy1q9qsrpvrv2y51tdwb3tz92zw8rq8icbfwcvdwr48kcwhtqbhupbdlb5407n7jlmvulu8i47svr00z3yt2a3ndyksnsgl48etfxo551h4vfmaojbo1e672wxldrs:latest/val_probs_labels.table.json"},"_runtime":365.73775934,"train_samples_used":3404,"val_loss":0.10307838235582624,"val_accuracy":97.06227967097533,"_step":27,"sensitivity":0.959334565601491}