{"train_loss":0.0013583165062919468,"train_samples_used":3404,"specificity":0.9580645160981269,"checkpoint_path":"Checkpoints/Hyperparametersuch-noTu-T/clear-sweep-19/checkpoint_epoch_010.pt","val_correct":827,"epoch":19,"val_accuracy":97.17978848413631,"_step":19,"val_incorrect":24,"val_total":851,"sensitivity":0.9796672827915034,"_timestamp":1.7480371353563752e+09,"_wandb":{"runtime":259},"val_loss":0.17815761547852296,"_runtime":259.704590891,"val_probs_labels":{"size":17406,"artifact_path":"wandb-client-artifact://adjw3x9dodo5xfhxat6c5jn8maaieavrn7dgrb961uc65d9xhylyoj88f3qkawn1sk0svlno6byrlpvn9xi5eng5fiyoqsurntvqg4e0tlpvxjk2o2g3read1cms72og/val_probs_labels.table.json","_latest_artifact_path":"wandb-client-artifact://yz14of6blkki8ukelimkg8xt3hdnuib1tf94im754hfeot7wzo6gdgmoxaayyptzaxlg6uq2qe8toj9m83d57lgxji8glyeccue3y6uwl7nez0je7ujz0dcyxpfh1qcj:latest/val_probs_labels.table.json","path":"media/table/val_probs_labels_19_38458ffae0e8c1740b65.table.json","ncols":2,"nrows":851,"_type":"table-file","sha256":"38458ffae0e8c1740b65de8b7d18d664a27518557de198903c8dff653c0662fe"},"auc":0.9927970902152526}