{"test_total":1011,"_step":29,"val_loss":0.07197238491582018,"test_specificity":0.9876543209632678,"test_accuracy":95.64787339268051,"tumor_train":2128,"val_accuracy":98.35487661574618,"test_auc":0.9930367110785152,"val_probs_labels":{"path":"media/table/val_probs_labels_28_1ee86fcba27557fc54e8.table.json","ncols":2,"nrows":851,"_type":"table-file","sha256":"1ee86fcba27557fc54e863f4adbb48c3bb264685db743ac5d5ee62c13068aa29","size":22173,"artifact_path":"wandb-client-artifact://c5lvxtxmsg63ceao9xvf1kcj0vpk2uinjhz663sqsfokspq314955eck4szbjcq9b51fj3jxbh2du8lcog2joj3nn5fez7hyayrjwi0mkpqwowisokeh61e0gccslbvx/val_probs_labels.table.json","_latest_artifact_path":"wandb-client-artifact://fs09u020r6b7hp9hb2v5jh5wum6kggg55q5rplf5m52133efkvymvbss9gvnbczuail9ysgwu5u9yiqe13w5txhj5859ea6tnmidvjayrodysabx11skwqrorjtj25c8:latest/val_probs_labels.table.json"},"train_samples_used":3404,"epoch":29,"_wandb":{"runtime":592},"no_tumor_train":1276,"test_sensitivity":0.9356435643409959,"_timestamp":1.7498457696615217e+09,"test_correct":967,"auc":0.9947026657552974,"specificity":0.9874608150160671,"train_loss":0.04646059741369552,"sensitivity":0.9812030075003533,"_runtime":592.774892081,"test_incorrect":44}