{"epoch":34,"val_probs_labels":{"size":63882,"artifact_path":"wandb-client-artifact://u511d4arrqa9ys84uspr7x3lnqrqt6f370vinn6qrwt9vhbenecxpayaboziadtwovjip34haedkms5lry1hes5ico23pr6is6s36fxc3rltu9ri33o3v2ptv1tjkc7q/val_probs_labels.table.json","_latest_artifact_path":"wandb-client-artifact://qupn9jia5t5xhnwa4th8psnlypgl6uq7o8xa49a8una96aiq8mimdhww88yxnj640a0g670usgbyc3emvrq4djvjw923kchk5hrf2lm0vnn4w30gevmc8xwzkxvx26od:latest/val_probs_labels.table.json","path":"media/table/val_probs_labels_33_ae88a3c2d0d5a191e078.table.json","ncols":2,"nrows":2553,"_type":"table-file","sha256":"ae88a3c2d0d5a191e078a141e7c9078828e3418aa0cbf8f263e93d49f08ddae3"},"test_accuracy":97.62611275964392,"sensitivity":0.9841571609570079,"test_correct":987,"_runtime":1768.743569594,"val_accuracy":97.92401096748922,"test_auc":0.9947683657254616,"specificity":0.9712820512720894,"train_samples_used":6127,"test_incorrect":24,"_wandb":{"runtime":1768},"val_loss":0.07744968445040286,"test_specificity":0.9827160493584515,"train_loss":0.027123516769885708,"_step":34,"auc":0.9973988495661499,"test_sensitivity":0.9719471947034332,"train_percent_used":0.6,"_timestamp":1.7493521428550487e+09,"test_total":1011}