{"specificity":0.9516129031951093,"val_loss":0.11862229396189962,"train_samples_used":3404,"sensitivity":0.9741219962851364,"val_incorrect":29,"_timestamp":1.7480944318562052e+09,"epoch":39,"val_probs_labels":{"nrows":851,"_type":"table-file","sha256":"02adc75ae111bff88b1c8fc6314276ef49db65872dfcf1b8f7f2b0c2f1fcc0cc","size":21183,"artifact_path":"wandb-client-artifact://csnwetejpayf34vp28chrign329j3a4yl8v4z5ylyv8z73wibotu55khyhpab0qzkmigo2uwlsg5b0he19mpdh1b8otd93g4gd5d2p3251x8j58l75q5o7qbpek0skle/val_probs_labels.table.json","_latest_artifact_path":"wandb-client-artifact://wxj1qg4el0vhreygu5r0ouf514vn82v95yo8qrzy3l0nxd0mgx0ryrkffkvkrmxmortsetgzbulq2ngnxjzoitz3yo5tqf3pnxqc8f3rpnlpjlod4er3zgycxi2083it:latest/val_probs_labels.table.json","path":"media/table/val_probs_labels_41_02adc75ae111bff88b1c.table.json","ncols":2},"val_correct":822,"_wandb":{"runtime":543},"train_loss":0.03570195425439764,"val_total":851,"_runtime":543.638920897,"checkpoint_path":"Checkpoints/Hyperparametersuch-noTu-T/fiery-sweep-93/checkpoint_epoch_030.pt","_step":41,"auc":0.9944249001252161,"val_accuracy":96.59224441833138}