{"epoch":32,"_step":32,"test_specificity":0.9703703703464106,"_runtime":1193.256503313,"test_total":1011,"specificity":0.9702564102464589,"auc":0.9946088849891132,"_wandb":{"runtime":1193},"test_accuracy":96.63699307616221,"sensitivity":0.9733840304120825,"train_percent_used":0.4,"train_loss":0.030077084360527806,"val_accuracy":97.21895808852331,"val_probs_labels":{"artifact_path":"wandb-client-artifact://xz2dnskm9uyoawuehza3j0v53542nevcipoq2o08ohke18l7ov7okr1qp28naxgid47137b2muj2g2zps9acnv31rqvt6e71hy3rbkkq2m8i0aijwcuv7j7bqekixwnh/val_probs_labels.table.json","_latest_artifact_path":"wandb-client-artifact://ryrl7wovqpe1efnn16sfqwhvz4ujjcpcr8t5ra7b3u7sadu5syujjdmhvy60k5ppjttlhofgthdnih4azr0u9n955y3l6nk99fq26u2xzemcdw9neniedysl0hcqjoey:latest/val_probs_labels.table.json","path":"media/table/val_probs_labels_31_b6a7f630449da47326cf.table.json","ncols":2,"nrows":2553,"_type":"table-file","sha256":"b6a7f630449da47326cf6279469d503fe42f1f96e1d08a6aab29337f9f81c64c","size":66073},"_timestamp":1.7494846952034676e+09,"train_samples_used":4084,"test_sensitivity":0.9636963696210611,"test_auc":0.9928941042252374,"test_correct":977,"test_incorrect":34,"val_loss":0.11313178337877616}