{"specificity":0.9835897435796555,"train_samples_used":6127,"_runtime":3038.246733798,"val_loss":0.11309100803919137,"auc":0.9963615092132203,"train_loss":0.02681351963353033,"test_auc":0.9952369311005175,"val_probs_labels":{"size":61222,"artifact_path":"wandb-client-artifact://eqxm43yy5ck6uunwxeot0rym7rp2efrux31e6j67o5ytch6dpn01mkl2roa7y78c8efnfvpy2d4pji33ntnvzy3i66wn13p8zxdob6vrzt3f27h0yru4am6981qjn8uq/val_probs_labels.table.json","_latest_artifact_path":"wandb-client-artifact://zp7u1l8nbqtey5xv5a6lnj5yfbc5gmlbq8irqomzceli03ohb4o1mo368uv1uvyw7xhr3tzzp62xhsxab29jfkfl2yihcg1i0gp35t5aqn5luo1224yp5dglkpck7azk:latest/val_probs_labels.table.json","path":"media/table/val_probs_labels_39_ed843dc7c19371a8caf7.table.json","ncols":2,"nrows":2553,"_type":"table-file","sha256":"ed843dc7c19371a8caf71f7f0bd404219b2e68b096969056b82afcca8b1a9628"},"test_incorrect":21,"test_specificity":0.9876543209632678,"sensitivity":0.9708491761662178,"epoch":40,"_timestamp":1.749504967697374e+09,"val_accuracy":97.57148452800627,"test_total":1011,"test_correct":990,"test_sensitivity":0.9735973597199076,"test_accuracy":97.92284866468842,"_wandb":{"runtime":3038},"train_percent_used":0.6,"_step":40}