{"test_auc":0.9877704437110378,"test_total":1011,"tumor_train":1915,"specificity":0.9937304074923595,"test_sensitivity":0.947194719456317,"_wandb":{"runtime":535},"train_samples_used":3191,"epoch":29,"val_loss":0.10514277645519801,"_runtime":535.403778365,"test_incorrect":39,"val_probs_labels":{"sha256":"1492f605ffe0c67b5b8e64696a86618eabefde688f8948782590b319dec74d92","size":22241,"artifact_path":"wandb-client-artifact://xzqvjv8rnjadhw3fzes745ylsi0a99qt8gv4pm7jqdi4cwvdfv5gv01if469t0pjhb2dxvjz5c2d464uh742u0pv8avp7l56pvzzkxp7gi6hdukfxrx05x6z82nnpdqy/val_probs_labels.table.json","_latest_artifact_path":"wandb-client-artifact://cr15dxkht2c3fj3dqpxytntcq344inryj1nheifluos292g9txrgn7kkr4osy6c56on8qrhyiou1z551co3iripouy4cveeyibs8vz9nu3qblhqvxj10s8dkuwj0hq0u:latest/val_probs_labels.table.json","path":"media/table/val_probs_labels_28_1492f605ffe0c67b5b8e.table.json","ncols":2,"nrows":851,"_type":"table-file"},"no_tumor_train":1276,"val_accuracy":97.53231492361927,"test_correct":972,"test_specificity":0.9827160493584515,"train_loss":0.036375278402119876,"auc":0.9955335046079148,"_timestamp":1.7504456756595657e+09,"test_accuracy":96.14243323442136,"sensitivity":0.9642857142675886,"_step":29}