{"val_loss":0.1755604041474206,"test_accuracy":94.85657764589516,"test_sensitivity":0.9257425742421495,"train_percent_used":0.6,"_step":44,"val_probs_labels":{"size":21584,"artifact_path":"wandb-client-artifact://80uysjmqnrlrnl7jmbu65k1drqsoxkb94u5bc28vkjpu185t52e51n3nvbjxnqfkvt459537okoboht2zwut3hhdi3xqj60mpty07fpw8i68igyhvg4gvjwywqgc1b75/val_probs_labels.table.json","_latest_artifact_path":"wandb-client-artifact://bhfonfbd6a5iw2t3lwjcsx3d6egdh9vjuepbfi5azttmj04u7wjo0r55pmzlx5vfaa4eifyyteuy53iaiw4v38b4kslrbei9arqxmn9ha5rymq191yd0wrcljq8h151o:latest/val_probs_labels.table.json","path":"media/table/val_probs_labels_43_337b9e3200410bdf5f6c.table.json","ncols":2,"nrows":851,"_type":"table-file","sha256":"337b9e3200410bdf5f6c2cc3a7459b1a2c3ccb6fa61b0337348a0491264c656f"},"train_samples_used":2042,"sensitivity":0.9685767097787694,"test_total":1011,"auc":0.9912766084312206,"epoch":44,"val_accuracy":96.82726204465335,"specificity":0.9677419354526534,"_runtime":561.861944285,"test_specificity":0.9827160493584515,"_wandb":{"runtime":561},"test_correct":959,"test_auc":0.9880006519170436,"train_loss":0.03349002878530882,"_timestamp":1.749818088381405e+09,"test_incorrect":52}