{"test_correct":867,"_runtime":142.285473195,"_wandb":{"runtime":142},"epoch":15,"_timestamp":1.7504448393484054e+09,"val_probs_labels":{"sha256":"e97d0ced7337e91a7b8a905fdb987d229e5d3c7a181691f8bdbd2f5ef065c2f0","size":22250,"artifact_path":"wandb-client-artifact://8o60txuahg6lggtnong4741ssa7f5s4tumu8rgjm138v9hc34xtlhk4m4hzpuyuv0nyc8z8mke67nrdgyqx05rtdyyacpgaqouqg3mzm39bbe16kvv8iedvnw2os41ka/val_probs_labels.table.json","_latest_artifact_path":"wandb-client-artifact://k95schwfxejb9v0nzpntbupxlnmtbh5t6v75lwar4x2698ya41evdnc847q34xz9aq245c0bxvcth8sxtnx6371a42exvl0q0r5urq2zxh5i0aea0gwcd0zeprq04lun:latest/val_probs_labels.table.json","path":"media/table/val_probs_labels_14_e97d0ced7337e91a7b8a.table.json","ncols":2,"nrows":851,"_type":"table-file"},"train_loss":0.10087563966711362,"no_tumor_train":1276,"_step":15,"val_accuracy":95.41715628672151,"train_samples_used":1488,"test_total":1011,"specificity":0.9905956112542132,"sensitivity":0.9323308270501441,"test_auc":0.9213869535101659,"test_sensitivity":0.8712871286984936,"test_incorrect":144,"test_accuracy":85.7566765578635,"test_specificity":0.8370370370163694,"auc":0.987172083814552,"tumor_train":212,"val_loss":0.3549831807613373}