{"train_samples_used":2765,"test_accuracy":97.3293768545994,"train_loss":0.012840441555123438,"_runtime":395.391578622,"tumor_train":1489,"val_probs_labels":{"_latest_artifact_path":"wandb-client-artifact://8n5p260vb2wcpwnk05u7xc6sgwvlit9hr8918frb02ywjk29ioc83ghfeahaxqsbyspswmrtzs2gabk54u4shnmn98z04lg0zluoebvu1u6fsjvrbmewiaqwhu0x7yxa:latest/val_probs_labels.table.json","path":"media/table/val_probs_labels_33_0c6d7e820ea2ff47d96f.table.json","ncols":2,"nrows":851,"_type":"table-file","sha256":"0c6d7e820ea2ff47d96fc7ea8194519ea53410bcbef31caae2e427b7a2222b3a","size":21683,"artifact_path":"wandb-client-artifact://cki773bdg9qx1q4vibtdqa0cd45ia4oiwc8mim6mdu5plcabyes23sda6z0ipck7z60dfcxqejig1rqpcbuy4vw9q3hk30tty941yatk22awblxoo03gq2ly2c6ff4pc/val_probs_labels.table.json"},"test_specificity":0.9925925925680841,"_timestamp":1.7498668768743248e+09,"auc":0.9976665802437128,"test_incorrect":27,"test_correct":984,"sensitivity":0.9774436090041834,"_step":34,"val_accuracy":98.00235017626322,"test_sensitivity":0.9603960395881123,"specificity":0.9843260187779208,"epoch":34,"test_total":1011,"_wandb":{"runtime":395},"no_tumor_train":1276,"test_auc":0.9908813103532574,"val_loss":0.0673261931432145}