{"_wandb":{"runtime":765},"_step":86,"auc":0.9561154232231976,"sensitivity":0.8850574712304575,"checkpoint_path":"Checkpoints/Hyperparametersuch-Gli-Men/devoted-sweep-30/checkpoint_epoch_070.pt","val_total":532,"val_incorrect":54,"_runtime":765.251243185,"val_correct":478,"train_samples_used":2128,"epoch":80,"val_loss":0.30438537084880996,"specificity":0.9114391143575115,"val_accuracy":89.84962406015038,"_timestamp":1.7481080475718338e+09,"val_probs_labels":{"ncols":2,"nrows":532,"_type":"table-file","sha256":"7ac99d6cf40522c6fb80d837fbb5350f9dd948c68fc1e0be457a35fd9edf91f0","size":13623,"artifact_path":"wandb-client-artifact://b2vku5zdw9pzduksoxtofqxjghklzpudk9h89yhbwew429clbc7r7tjkxn7d1zpf86cj13z9b09zshhzjuvfw0i9ocvgv23gdlpkfq6q99ih5u6st4uyx6hschc3o0lv/val_probs_labels.table.json","_latest_artifact_path":"wandb-client-artifact://ddzmp83t7y3xn4r3al5h9wz51nr3bibv0icj5dn9bsdumrc4hjatr99ix0ms92js4ji82c0cgf3rvgycxqwnwzehox74v4xikxdxnrpjqmozkoyotphx5fy96eyinvci:latest/val_probs_labels.table.json","path":"media/table/val_probs_labels_86_7ac99d6cf40522c6fb80.table.json"},"train_loss":0.21967904319736495}