{"_step":50,"test_accuracy":98.7141444114738,"_wandb":{"runtime":978},"test_incorrect":13,"epoch":50,"test_correct":998,"test_sensitivity":0.9834983498187542,"train_samples_used":3404,"sensitivity":0.9774436090041834,"specificity":0.9811912225397745,"train_loss":0.03769490086577005,"val_loss":0.06995004575167384,"test_specificity":0.9925925925680841,"auc":0.9970184080891885,"tumor_train":2128,"no_tumor_train":1276,"_timestamp":1.749855439814254e+09,"test_auc":0.9972578739355417,"test_total":1011,"_runtime":978.800508153,"val_probs_labels":{"size":22203,"artifact_path":"wandb-client-artifact://sz89uhq7kmvid5qzx1l61zqj23pd5aiariyhn0pi7chg6wmfjoa80xihzc0oils6ja5h3xmd8ehi8pl14c2qemuvnr0nj67tqrh00nwhkxuylld7jr2zgw7k7t57z81j/val_probs_labels.table.json","_latest_artifact_path":"wandb-client-artifact://4y8j3nk3iqxqziaqzqy9q5vcgtijofa9r9h6hi6sa883bf8wv4354fs3dpg2um6zuu7je42vlpshpctfqn2332fbe7wer0khs6zwn94m179piz0cwlqjwvtxlfgnybs5:latest/val_probs_labels.table.json","path":"media/table/val_probs_labels_49_96b42fddb76015e40d91.table.json","ncols":2,"nrows":851,"_type":"table-file","sha256":"96b42fddb76015e40d916184ae018bb73db40150b0ed408b5a1e229824c93cb3"},"val_accuracy":97.88484136310224}