{"val_correct":819,"_wandb":{"runtime":335},"_timestamp":1.748034572292552e+09,"_step":25,"val_loss":0.13742157215623324,"_runtime":335.762042433,"val_total":851,"train_loss":0.0865588125767582,"val_accuracy":96.23971797884842,"auc":0.9928090155625783,"checkpoint_path":"Checkpoints/Hyperparametersuch-noTu-T/true-sweep-10/checkpoint_epoch_020.pt","train_samples_used":3404,"val_probs_labels":{"path":"media/table/val_probs_labels_25_35c3ce376bbe89c04c44.table.json","ncols":2,"nrows":851,"_type":"table-file","sha256":"35c3ce376bbe89c04c449c5d747bf24c211d594bc4585016f6b738b8bd64b2d4","size":22022,"artifact_path":"wandb-client-artifact://znzk21vjmdw6gs781yoikhqxlasy4r5be8su9qvmqskqfnptq8gz0d3p4lhormo89j42bwbgubjz1688k8nbaf12tjoacnemciu2tpjzxa333immq1ot4fzgo4ahbkqv/val_probs_labels.table.json","_latest_artifact_path":"wandb-client-artifact://k37t6m5mubotbtjn53gtw0sov718t7cafum7a37fka7nofb0z2oi96wihm1ritz2qa6uht3z104253ee5nwigti6wrgszkt19d0envbb3t4dfw2qdjjtluwzz2azwoaa:latest/val_probs_labels.table.json"},"val_incorrect":32,"sensitivity":0.9630314232724023,"specificity":0.9612903225496358,"epoch":24}