{"test_total":1011,"test_specificity":0.9555555555319616,"test_accuracy":92.48269040553907,"specificity":0.9843260187779208,"val_probs_labels":{"sha256":"12b7b0c70fecc43fe3e33d954a5a04a13ecbdad7031be8a41b0faa6bbec03a07","size":22166,"artifact_path":"wandb-client-artifact://1w91zu1ulhs9lbikbg2x094tv6svw64sq351vhj30zkbwv2cb9z9n9rzvgqs6ggz1gkhdub7eepesa3h6fjckarrvoesw2f9bsl65ip2r83rugxbdknw9pm425qlm6oh/val_probs_labels.table.json","_latest_artifact_path":"wandb-client-artifact://wn26dl0zegxhs4bx71av4eew6ib8c5041ol4uqvkpeph872u8xyfve8jrf7e39oci0xoh8vgur7189xpck6p5qul0ta882jtqb978m23t61i82c4c3nk7ihiqjntwkas:latest/val_probs_labels.table.json","path":"media/table/val_probs_labels_33_12b7b0c70fecc43fe3e3.table.json","ncols":2,"nrows":851,"_type":"table-file"},"train_loss":0.05597469605067197,"_runtime":437.772319411,"tumor_train":851,"_timestamp":1.749844355439044e+09,"test_auc":0.9762254003178096,"_step":34,"test_incorrect":76,"test_correct":935,"sensitivity":0.9642857142675886,"test_sensitivity":0.904290429027982,"val_loss":0.12286597197609288,"val_accuracy":97.17978848413631,"epoch":34,"no_tumor_train":1276,"auc":0.9936714827821905,"train_samples_used":2127,"_wandb":{"runtime":437}}