{"train_samples_used":2382,"val_loss":0.14762987994721957,"test_sensitivity":0.9290429042750983,"train_loss":0.05598899467211021,"test_incorrect":54,"_step":28,"epoch":28,"test_accuracy":94.65875370919882,"train_percent_used":0.7,"_timestamp":1.7497764726317477e+09,"specificity":0.9387096773890738,"_wandb":{"runtime":422},"test_auc":0.9870675956484537,"val_accuracy":96.12220916568742,"_runtime":422.321652194,"auc":0.9895414703953253,"test_specificity":0.9728395061488188,"test_correct":957,"val_probs_labels":{"_latest_artifact_path":"wandb-client-artifact://cvse8lzog3hmwbshlyd86dx5wvdvckeowl1xzqftpjgy40kzl9gpoh20zjusp7acpjzcxds22smh6x0vhthi5qekacc7durwsge42n5m88a1rcwncvjw7l9h3yxgprr7:latest/val_probs_labels.table.json","path":"media/table/val_probs_labels_27_39bffb28ae4618bf6b97.table.json","ncols":2,"nrows":851,"_type":"table-file","sha256":"39bffb28ae4618bf6b9720c2e61bba5643c068d75cb665eaf260640ee17da225","size":22058,"artifact_path":"wandb-client-artifact://7zv1cy185g7qeotf6ya1b00xltpjiovl6i38r5nj74d2zkv2tzc6nfoo1a4fyn1uwolj4orh0w8bbxwrl5dfv4qcl4kpgfk8ij04in6ggz0pa9gfk9251yqdg83tn7nm/val_probs_labels.table.json"},"sensitivity":0.9741219962851364,"test_total":1011}