{"val_incorrect":310,"train_samples_used":3404,"auc":0.5,"_runtime":194.212946903,"val_total":851,"val_correct":541,"_step":14,"val_loss":0.6563956825821488,"_wandb":{"runtime":194},"val_accuracy":63.572267920094006,"sensitivity":0.9999999999815157,"val_probs_labels":{"_latest_artifact_path":"wandb-client-artifact://pqgtzlespfl8e48rawkigommdc6zmx3ccf1tvr9xlp7x8ikot0f7m86g65d1bkjptcwmao84on2cqwmsb35zw3ic4ozb3orwge0qe0sgk5ye9magxj2w24mowrq8l99j:latest/val_probs_labels.table.json","path":"media/table/val_probs_labels_14_e04a42fbd48d1f83e952.table.json","ncols":2,"nrows":851,"_type":"table-file","sha256":"e04a42fbd48d1f83e952ff47b55467c67f36c23ffe80b74f13f3172b9dad8294","size":21315,"artifact_path":"wandb-client-artifact://zplrxizc1l1i925llrozlq5way89ulti8nk067926gr3oo93os3j40kax7lhy87x6aw0gt5unwe41bfku8lw0tmp2j1kzdywncevw9igu6r1s5vuj4tm29o4dm3179ty/val_probs_labels.table.json"},"_timestamp":1.7480471049224553e+09,"specificity":0,"checkpoint_path":"Checkpoints/Hyperparametersuch-noTu-T/effortless-sweep-48/checkpoint_epoch_010.pt","train_loss":0.6638393368676444,"epoch":14}