{"val_total":532,"train_loss":0.14581032228820465,"val_probs_labels":{"sha256":"fb66b2dd7e3567f12aa8806658c5826c17ff123521b9fd9aca4a47681967d536","size":13888,"artifact_path":"wandb-client-artifact://dydljsr576oysbuwb96afgr8f082nf1akf2tvkwt5eqa3p8u897fb6gzhvmuxon7ioyquvokddutv7yrcezxmjaekmcvrgpa7a8k8tsi5122ysl72vuu6bqiwb0k5fwu/val_probs_labels.table.json","_latest_artifact_path":"wandb-client-artifact://f24hjposu4b35que2nks98xgte8z9ozyn3s1ok8eghlfcdljnq5hzw69smn7iwylfmzwneetrr4w1buixipao700q4omxojmefx9h4ytp5dcda2qfmg20yr46fky31mw:latest/val_probs_labels.table.json","path":"media/table/val_probs_labels_107_fb66b2dd7e3567f12aa8.table.json","ncols":2,"nrows":532,"_type":"table-file"},"checkpoint_path":"Checkpoints/Hyperparametersuch-Gli-Men/apricot-sweep-83/checkpoint_epoch_090.pt","train_samples_used":2128,"val_accuracy":92.29323308270678,"specificity":0.8929889298563473,"_runtime":998.913455226,"sensitivity":0.9540229884691945,"epoch":99,"val_loss":0.18942587971687316,"val_incorrect":41,"_step":107,"_wandb":{"runtime":998},"_timestamp":1.7481283150562813e+09,"val_correct":491,"auc":0.9821718906844241}