{"test_total":1011,"train_loss":0.05590435676276684,"val_probs_labels":{"artifact_path":"wandb-client-artifact://8ft3kkygejhbw9tuhbu4ez8r8n3kcw44zkdv4z14ur287vqyb69c5w15s5x108iz8iiip2ctj34uxsit849k4jvsoqjqm1wniwi7idphpj85j2ep7es7ctu8r2o5siqz/val_probs_labels.table.json","_latest_artifact_path":"wandb-client-artifact://zvyw9zikpab887twex9wg1un7vg9i9lgtjq32e6plii3hcei3ewsdio9zsuqkmd7kiao0znds57ztob6al3ep7nf6vv6jrnuun3129xb6jsf3qivaswy2pvt1q3w17qf:latest/val_probs_labels.table.json","path":"media/table/val_probs_labels_34_b05c28c5d617e20840a7.table.json","ncols":2,"nrows":851,"_type":"table-file","sha256":"b05c28c5d617e20840a75184633c470d4e972b4842e9c2f8b6fe6e25d4c49a45","size":22266},"_step":35,"_wandb":{"runtime":438},"test_sensitivity":0.9257425742421495,"_timestamp":1.7504578015965848e+09,"train_samples_used":2340,"_runtime":438.769463891,"val_loss":0.13511886820197105,"test_accuracy":94.3620178041543,"test_incorrect":57,"test_auc":0.9823045267489713,"auc":0.9929408159898178,"val_accuracy":97.64982373678026,"no_tumor_train":1276,"tumor_train":1064,"sensitivity":0.9699248120118436,"test_specificity":0.9703703703464106,"specificity":0.9874608150160671,"epoch":35,"test_correct":954}