{"_wandb":{"runtime":233},"_timestamp":1.7472265138293483e+09,"_runtime":233.218592553,"_step":4,"epoch":5,"train_loss":0.41527264754117377,"val_loss":0.43935654036424776}