{"train_percent_used":0.8,"val_probs_labels":{"path":"media/table/val_probs_labels_26_e4004ccb68d7f6f9d028.table.json","ncols":2,"nrows":851,"_type":"table-file","sha256":"e4004ccb68d7f6f9d028a2ca5b3cf33b95087823f28e5cedc5ad5385d0a92f11","size":22221,"artifact_path":"wandb-client-artifact://zk0lc9za8e7l0z36vhezp47qtyeytpg3jvwd6w622a63yfqts569rh8e8vw5fyyc3tznkmkow4a7mn4h9obvryzwwfdrb23twkalvnyqcgkj9pd2asjd80nxs92f9tfx/val_probs_labels.table.json","_latest_artifact_path":"wandb-client-artifact://4l4swvdtust7win9f3wbqr3j7oo82vwfm36jg9sbvd0f9huekjp5ibfwco9seqmiv0alafl7srqknu8sh9k67p0ni2mjp0q5mblb80yqog8kett7yi2ihk96yh3vqgbj:latest/val_probs_labels.table.json"},"_runtime":429.142380596,"specificity":0.9838709677101977,"test_specificity":0.9728395061488188,"test_total":1011,"_timestamp":1.7497677782327867e+09,"train_loss":0.03136697263372215,"auc":0.9911036908949974,"_step":27,"train_samples_used":2723,"val_accuracy":96.23971797884842,"test_auc":0.9875361610235097,"test_incorrect":39,"test_correct":972,"_wandb":{"runtime":429},"sensitivity":0.9500924214242127,"test_accuracy":96.14243323442136,"epoch":27,"test_sensitivity":0.9537953795222146,"val_loss":0.1902590138571603}