{"_wandb":{"runtime":642},"sensitivity":0.9774436090041834,"test_accuracy":96.93372898120673,"_runtime":642.654582845,"epoch":36,"train_loss":0.024182339031249285,"val_loss":0.10311471497906106,"val_accuracy":98.2373678025852,"specificity":0.9905956112542132,"test_auc":0.9943446196471499,"test_total":1011,"test_incorrect":31,"val_probs_labels":{"nrows":851,"_type":"table-file","sha256":"f26e1094eab50a28fa3247c361e385d659a89a75d02589cd45ea43bec935ca24","size":21994,"artifact_path":"wandb-client-artifact://t53h511lc35gdxqe7zb59z7dasqxavumwh5bu7wvt49zje5n5ud603mk36wymdpchm9oo7rgorb0ynfastxdp9stljpi2yhyk8nim512nn0boul5p0emz189i73rl0vj/val_probs_labels.table.json","_latest_artifact_path":"wandb-client-artifact://86zkswczw7t0gwt96g8nuvm26fykhhq1i7n6o825cc7l69isjpx8tzg2tc8w5u4tntqqugglbu35ke337pvxvsy3kmisn5qmtnw21e0l4mqygrbejmn0sf0hw8scuiei:latest/val_probs_labels.table.json","path":"media/table/val_probs_labels_35_f26e1094eab50a28fa32.table.json","ncols":2},"auc":0.9959577627454216,"test_sensitivity":0.9537953795222146,"tumor_train":1915,"test_correct":980,"_timestamp":1.750412637325517e+09,"test_specificity":0.9925925925680841,"train_samples_used":3191,"_step":36,"no_tumor_train":1276}