{"train_loss":0.664800497116866,"val_accuracy":63.572267920094006,"_timestamp":1.748049028302572e+09,"_step":13,"checkpoint_path":"Checkpoints/Hyperparametersuch-noTu-T/valiant-sweep-53/checkpoint_epoch_010.pt","train_samples_used":3404,"sensitivity":0.9999999999815157,"_wandb":{"runtime":183},"val_loss":0.6587890897478376,"auc":0.5,"val_incorrect":310,"specificity":0,"epoch":13,"_runtime":183.025327299,"val_correct":541,"val_probs_labels":{"ncols":2,"nrows":851,"_type":"table-file","sha256":"0ae7c517735f1a49129482ead0b5f7cfd67b1027becb4cb6b745fbb998133eb8","size":21315,"artifact_path":"wandb-client-artifact://5km032yrsjnwuguo43opq74rohrl0cxqz42u3b6m923pg3rgnmair8s3iv4f1ojqg0f15b3idceypervwzfmh41senjezpx0ox6xkbtn7j80x9jqeuy0m1p77da3sh3z/val_probs_labels.table.json","_latest_artifact_path":"wandb-client-artifact://y0i2oejvyit26mj2u0ocjsxvt9vr2uq03se1tw7uv3ot179g2kjm09s8yvscgn502kth8eij304s405ssn0hblak8sthlyoninpfoiy5erqtywk66gdy49gf563hkyft:latest/val_probs_labels.table.json","path":"media/table/val_probs_labels_13_0ae7c517735f1a491294.table.json"},"val_total":851}