{"train_loss":0.08694940200075507,"val_accuracy":94.5945945945946,"test_incorrect":170,"_runtime":176.773817616,"auc":0.9841492445848163,"val_probs_labels":{"_type":"table-file","sha256":"78f4e887a1bb3008f3611a6e50200e3ed449558c22704b4f21d379aaa2fb16b1","size":22236,"artifact_path":"wandb-client-artifact://6stomp5u77bgjzdn0h38j5jgvbhbfhgjbiuelk4dj4swr6s96q3q84af2ht49utzlu1hywex1id4jpkl53xz8f6ce9f3bb4syqpb8rya2dvimkkmo9ypsyevlgaz3b52/val_probs_labels.table.json","_latest_artifact_path":"wandb-client-artifact://vk49pf4rja3bs1czfisk9qhlud362xlupfs0lln6wt6hnnom9i6xvvi3hmbdlchyze44ezg1q41w8reda6btjd5np5gvoa0x7maj1u8qb2w2rx2usi2ohzd89d54u2eg:latest/val_probs_labels.table.json","path":"media/table/val_probs_labels_17_78f4e887a1bb3008f361.table.json","ncols":2,"nrows":851},"_timestamp":1.7504200573656833e+09,"test_specificity":0.7901234567706142,"_step":18,"epoch":18,"no_tumor_train":1276,"test_sensitivity":0.8597359735831727,"val_loss":0.3855210563966206,"test_auc":0.9156908283420935,"sensitivity":0.9229323308097193,"train_samples_used":1488,"test_correct":841,"specificity":0.9843260187779208,"test_accuracy":83.18496538081108,"tumor_train":212,"_wandb":{"runtime":176},"test_total":1011}