{"_timestamp":1.748678295632652e+09,"_step":70,"_runtime":272.930335426,"checkpoint_path":"Checkpoints/Messungen-Gli-Men/trainsample_1064/checkpoint_epoch_040.pt","_wandb":{"runtime":272},"val_accuracy":85.90225563909775,"train_samples_used":1064,"val_loss":0.37609919607639314,"sensitivity":0.8927203064792061,"val_probs_labels":{"path":"media/table/val_probs_labels_70_82e238680e41d05e6e10.table.json","ncols":2,"nrows":532,"_type":"table-file","sha256":"82e238680e41d05e6e10cfa9c85b0729fd337a104b0bdd786e9d792f1e4bf6e6","size":13491,"artifact_path":"wandb-client-artifact://f32efqb2ftr1o7rllh5r98x6zwzn7k6ciuzvy37m1uruwrgzj8req7nv1cv66ploeh5515277pbtb17zy2r105dc97ob6wqkvgy4upnz92j031g36dnwlebvffga1qqv/val_probs_labels.table.json","_latest_artifact_path":"wandb-client-artifact://juswe7dmm83wtrm4gxcmeg92qe2biewxr32m5kukef8cijkzkhfpm5anwn66orhl59laddjq7zpz2owwoz3jz75zhs1ola9j21imkopw1ki65lko9bl94hktq2rp9b2n:latest/val_probs_labels.table.json"},"specificity":0.8265682656521561,"val_incorrect":75,"train_loss":0.1341286450624466,"best_model_path":"Checkpoints/Messungen-Gli-Men/trainsample_1064/best_model.pt","val_total":532,"auc":0.9443949611909913,"epoch":49,"val_correct":457}