{"val_probs_labels":{"artifact_path":"wandb-client-artifact://t6rm6pzhcld0h9y2e0uefrv97yw4m2c6iefngl53u9e6h3llud66dc8jlth4g3ezmleqeb4swq0mblx3wa0je2nq8q8uzxwfug927lhiqkvcq238wqhkp7zlyos4qell/val_probs_labels.table.json","_latest_artifact_path":"wandb-client-artifact://8jb6ab6zs5a4idbsza7mhccbj1ptr96hxhte4cy30dd9dwzs09gk4y5rv0614awgskh148tk7yq2kmk3hjuebxocuq21dnv2vxwq4xnb5c8oab8f05o4rg77nj66flvd:latest/val_probs_labels.table.json","path":"media/table/val_probs_labels_42_6eedcd4d979bb685a956.table.json","ncols":2,"nrows":851,"_type":"table-file","sha256":"6eedcd4d979bb685a956f82b727d72cc933811d3452ea445292694f5c936f9bc","size":21196},"_timestamp":1.750456209411287e+09,"val_accuracy":98.2373678025852,"test_correct":983,"_wandb":{"runtime":730},"train_samples_used":2978,"specificity":0.9905956112542132,"tumor_train":1702,"test_sensitivity":0.9587458745716378,"test_incorrect":28,"test_specificity":0.9925925925680841,"auc":0.9974662361232234,"val_loss":0.0827216205320188,"no_tumor_train":1276,"epoch":43,"test_total":1011,"test_accuracy":97.23046488625123,"train_loss":0.021348933441913687,"test_auc":0.996561137595241,"sensitivity":0.9774436090041834,"_step":43,"_runtime":730.345248161}