{"val_probs_labels":{"sha256":"cbecc344974684aaceaad0e8bc246064d8f7d55ac99748e5aa20d149aca3ae59","size":22281,"artifact_path":"wandb-client-artifact://brth81it5s9jlas1414ak9mf7dk2amj4huvg8uf7ifsnwt3sc7l7548agz2f2hk813tlba2a6u9lxymwhcbynxd8o6pont5hrdso3oa3xo7zme4put9azoqpzjpdfbda/val_probs_labels.table.json","_latest_artifact_path":"wandb-client-artifact://iid9r1mrr21f7swyarc2fhjlvj52ptr93dr6a2kfxduv6agn87i6ljkqzja00dgql2uzlh0swuzvmdu2gksgac1km1d3qi9ur6j5jj41542gaetkogz3jx0z53irhg19:latest/val_probs_labels.table.json","path":"media/table/val_probs_labels_44_cbecc344974684aaceaa.table.json","ncols":2,"nrows":851,"_type":"table-file"},"val_loss":0.16290597298315593,"test_specificity":0.9728395061488188,"sensitivity":0.9661654135156735,"test_auc":0.979024569123579,"no_tumor_train":1276,"train_samples_used":2127,"_timestamp":1.7498587724955962e+09,"epoch":45,"_wandb":{"runtime":583},"tumor_train":851,"test_incorrect":68,"test_sensitivity":0.9059405940444564,"test_accuracy":93.27398615232443,"auc":0.994673203384637,"train_loss":0.03481530277606319,"specificity":0.9968652037305058,"_step":45,"test_total":1011,"_runtime":583.674452021,"test_correct":943,"val_accuracy":97.76733254994124}