{"val_accuracy":89.09774436090225,"_wandb":{"runtime":209},"specificity":0.9372693726591413,"val_probs_labels":{"_type":"table-file","sha256":"07ee605eaf8bac0c98e901707e03eb099bd842877fce8d964adf0ea4e7cf26e1","size":13598,"artifact_path":"wandb-client-artifact://5pvp4kp7a9f0tv0vifj705crqdccu503p9difmrctmlon1fbg3c3mjdacyammyr9jo94purbsi648p5gqnndorbwyzp54ohn28nndrhbquyf98v63oz9hvluefwe0h9v/val_probs_labels.table.json","_latest_artifact_path":"wandb-client-artifact://oheaivhhnvvcx0zqqh92pehu3d2z5l3cp7vr101as6sdsctzre6cj1khts8xfenk30sy4pxxzjnos77tahzv9p8froqzf876h46q2llq3rhxv1e5zjdioyqohf0hed9c:latest/val_probs_labels.table.json","path":"media/table/val_probs_labels_23_07ee605eaf8bac0c98e9.table.json","ncols":2,"nrows":532},"_timestamp":1.7481126629961712e+09,"val_incorrect":58,"_step":23,"checkpoint_path":"Checkpoints/Hyperparametersuch-Gli-Men/gallant-sweep-45/checkpoint_epoch_020.pt","train_loss":0.06613646461558875,"val_correct":474,"val_total":532,"sensitivity":0.8429118773623405,"train_samples_used":2128,"_runtime":209.23125763,"val_loss":0.3886014626306646,"epoch":22,"auc":0.9526233193366416}