{"sensitivity":0.919540229849826,"_runtime":238.999969542,"_step":26,"val_total":532,"val_correct":484,"checkpoint_path":"Checkpoints/Hyperparametersuch-Gli-Men/golden-sweep-72/checkpoint_epoch_020.pt","specificity":0.9003690036568129,"val_incorrect":48,"_wandb":{"runtime":239},"train_samples_used":2128,"val_accuracy":90.97744360902256,"_timestamp":1.7481231089512963e+09,"train_loss":0.06147524652838269,"epoch":25,"val_probs_labels":{"_type":"table-file","sha256":"1a377a6064ae0b26fa96139efcf073e4fead85b5de2d368888a9e79d359f33ca","size":13549,"artifact_path":"wandb-client-artifact://inuci9uzsmlkcwl0db32bf8hhv7f05s593536pqo7s5zdujo44wmxay86p2mi60djr5h9u6cs2udgtqeqj8cyz743wpu9pyzm6regkss2tuop4y776eckqyo3ev15ai9/val_probs_labels.table.json","_latest_artifact_path":"wandb-client-artifact://7v0abdt07syz9o0k16g32ie4kt67uzepiycvokpd7ao6knex7oevltqinu9kgj9qf84vbbqrvpz2zivnvjar0w04knro8hytoix9s08mjk7y7conbgpx6j2j2rs3dljf:latest/val_probs_labels.table.json","path":"media/table/val_probs_labels_26_1a377a6064ae0b26fa96.table.json","ncols":2,"nrows":532},"auc":0.9683519248985593,"val_loss":0.3381748062868913}