{"val_loss":0.17396131690059388,"best_model_path":"Checkpoints/Messung-noTu-Tu/trainsample_1362/best_model.pt","val_probs_labels":{"sha256":"f79ef50b0b7fc06eeda19b454178af6b7c16c01fcf74136b7e964494207b0b6f","size":21933,"artifact_path":"wandb-client-artifact://6wighy773zjw6yw0otebcfxk06pqk221vg7h8i1zmw9cxj2iqkssa2gks34r11vawzy60kv8z6hl72zq1a3zmg0owb6ayplj5wr7kdoym5g1j1ufi123jv2uj08smq3m/val_probs_labels.table.json","_latest_artifact_path":"wandb-client-artifact://aeq1uo1ys07wldno95cgflemvl8rbypk07dk22gira2rwh0zai960twdt5is96mjuuos6bh4s80ba387m2qdluhwes181ds0dihnx7q8f7g1xmxde7yzuhd76prwh953:latest/val_probs_labels.table.json","path":"media/table/val_probs_labels_45_f79ef50b0b7fc06eeda1.table.json","ncols":2,"nrows":851,"_type":"table-file"},"train_loss":0.055227772925387726,"_timestamp":1.7485310150463114e+09,"val_correct":813,"val_incorrect":38,"checkpoint_path":"Checkpoints/Messung-noTu-Tu/trainsample_1362/checkpoint_epoch_030.pt","_step":45,"val_total":851,"auc":0.9866793870371475,"_runtime":220.936831545,"val_accuracy":95.53466509988249,"epoch":31,"specificity":0.9225806451315296,"train_samples_used":1362,"sensitivity":0.9741219962851364,"_wandb":{"runtime":220}}