{"test_total":1011,"_wandb":{"runtime":1042},"specificity":0.9843260187779208,"test_specificity":0.9999999999753086,"test_sensitivity":0.975247524736382,"val_accuracy":98.47238542890717,"_timestamp":1.7498653033295152e+09,"test_accuracy":98.51632047477746,"train_loss":0.0334537804549284,"tumor_train":2128,"sensitivity":0.9849624059965233,"test_correct":996,"test_auc":0.9974086297518642,"val_probs_labels":{"nrows":851,"_type":"table-file","sha256":"d23b1fa0ac86c866ffd47f9afffe6443676247b734b78eb421446f806b26f8af","size":20687,"artifact_path":"wandb-client-artifact://hsx3bl67rbl8ibfy6iwyzm5glh8k33ekpbfc80h57e97dwea9pa9ax8nllu0sj18o13km2rwc3t1mt1tazjexog51sf5cxdnnmerois11kwcvt98uxtyi95va4367fu5/val_probs_labels.table.json","_latest_artifact_path":"wandb-client-artifact://hnh3uw1jtxrrdstu0lehtg7azcv1bg0362dh2a8qpnhboqmlzqtnmzqre683830umswp526210zxe8l464j3v1ljy8lxka5g6bbghlo9aro3dgtbhbf0qfiuyy0b7iv4:latest/val_probs_labels.table.json","path":"media/table/val_probs_labels_51_d23b1fa0ac86c866ffd4.table.json","ncols":2},"test_incorrect":15,"epoch":52,"_step":52,"val_loss":0.053691651938217025,"train_samples_used":3404,"auc":0.9978904942607302,"no_tumor_train":1276,"_runtime":1042.436684166}