{"test_correct":944,"sensitivity":0.9642857142675886,"val_accuracy":97.17978848413631,"_step":37,"test_specificity":0.9679012345440025,"_timestamp":1.749867852487555e+09,"train_samples_used":2127,"specificity":0.9843260187779208,"train_loss":0.04161144579377245,"test_accuracy":93.3728981206726,"test_sensitivity":0.9108910890938797,"_wandb":{"runtime":347},"test_incorrect":67,"tumor_train":851,"no_tumor_train":1276,"val_loss":0.15175465081951447,"auc":0.9937009451528508,"_runtime":347.889007534,"test_auc":0.9749989813796195,"val_probs_labels":{"path":"media/table/val_probs_labels_36_4feed0bd1e78c4322ba4.table.json","ncols":2,"nrows":851,"_type":"table-file","sha256":"4feed0bd1e78c4322ba4e5f1f19441396b2fe8627070af9c6f426ba9bcd7de29","size":22259,"artifact_path":"wandb-client-artifact://ko0amc7rhe3j3ngxoqjnx3eo58bh4c3qih2hihlb0j2peynjfefds01fv21jlyxi99rba74jkg8r7hz7nfu2uvdfqafxw5zehifslxjkpmym8e1qmmv32tg4wf4pjsh3/val_probs_labels.table.json","_latest_artifact_path":"wandb-client-artifact://36ac9q0ei200wt1bg9qomytlnf9zwtw8kleg7ysarybudsneopb3uxe3ng6eyenvkkq63wlo5879f0lhuumnxs2n4vo281ugpm0fiuo15mcwdc97p4j53cbzpv0rr39y:latest/val_probs_labels.table.json"},"test_total":1011,"epoch":37}