{"val_accuracy":97.06227967097533,"sensitivity":0.9704251386142251,"test_accuracy":93.76854599406528,"_wandb":{"runtime":507},"epoch":25,"specificity":0.9709677419041624,"test_incorrect":63,"_step":25,"test_sensitivity":0.9141914191268286,"test_total":1011,"val_probs_labels":{"size":22103,"artifact_path":"wandb-client-artifact://wm1nyde61sobhvp8zwvytxx8kua80pdacrrvc3g26c2rzafcsxnsgn8tef0hlvrcn7l64c3c1gihy4jdc8c3z2dzx5s4rgi6lpnu3pf7wl74jpx5hp1h24p1uy87bs13/val_probs_labels.table.json","_latest_artifact_path":"wandb-client-artifact://gk69ccpcsmie3z976adwxnmyshbvued0ozjdgx6gpbq1wc13c1lel35db474j8uahf6p1rrl9mon9q6mcu1vp5zm6836spndtywfixd6qdtauc3pz0sxjybk7hdb70tz:latest/val_probs_labels.table.json","path":"media/table/val_probs_labels_24_822e46d5a0869a05cc27.table.json","ncols":2,"nrows":851,"_type":"table-file","sha256":"822e46d5a0869a05cc27d3addddd9b67a243f9f76d55be9adb9fed9ce5d50738"},"_runtime":507.414716182,"test_correct":948,"test_auc":0.989773051379212,"test_specificity":0.9728395061488188,"val_loss":0.10710889367120606,"auc":0.9933814322342139,"train_samples_used":3404,"_timestamp":1.749783361915386e+09,"train_percent_used":1,"train_loss":0.060246760922449606}