{"test_sensitivity":0.9009900989950331,"val_loss":0.13534132497651236,"train_loss":0.040790171509510594,"test_accuracy":92.87833827893175,"train_samples_used":2382,"val_probs_labels":{"_latest_artifact_path":"wandb-client-artifact://u98rfrg1je22z1rolk3i9qftfah1bnk1vgdez0fhpv3wigj8hbtea0r06szy52stsh48im5zx6ecunvsi5qi2qdtykr0ev5pyii5qrup99l957w9yy4rshjh9w7weoji:latest/val_probs_labels.table.json","path":"media/table/val_probs_labels_28_db52733e40b538658526.table.json","ncols":2,"nrows":851,"_type":"table-file","sha256":"db52733e40b538658526d510e9d907bd859ddac499e569fc7b0077c87d03b7a8","size":22121,"artifact_path":"wandb-client-artifact://wyna6rf5t35xhebop2g1iu6mnmfe554t8j3gmdcpqg697s5izbwuvx366rhjd5iot8t3x9yc0y0j25lkdzz1nkrf4g6dclru51n3jvay5phne2wzmyc5jlrtpcz16gc7/val_probs_labels.table.json"},"_wandb":{"runtime":318},"epoch":29,"test_incorrect":72,"test_specificity":0.9703703703464106,"test_correct":939,"sensitivity":0.9778188539560477,"_runtime":318.043568904,"_timestamp":1.7498175192126203e+09,"test_total":1011,"train_percent_used":0.7,"specificity":0.935483870937565,"_step":29,"val_accuracy":96.23971797884842,"auc":0.9930892612247332,"test_auc":0.9889540805932445}