{"_step":21,"no_tumor_train":1276,"test_auc":0.9553599804424887,"test_sensitivity":0.8894389438797122,"specificity":0.9623824451108971,"sensitivity":0.9586466165233337,"_wandb":{"runtime":237},"test_incorrect":113,"train_samples_used":1701,"_timestamp":1.74985935044484e+09,"test_accuracy":88.82294757665677,"test_total":1011,"_runtime":237.124441261,"test_correct":898,"val_probs_labels":{"artifact_path":"wandb-client-artifact://wp1liun9b24mxkpcwh61r90pe9y09labja4tyunks4i0fe7lsj3actmof7hvsno7e116pixike10s4rwdxi8vbdql5x79zixbigzrqa8cdjh4v52huu2imjo8avh8emh/val_probs_labels.table.json","_latest_artifact_path":"wandb-client-artifact://xhjnhfsnc9pzfirkeo0jbewoj2nfnkn54hycs20o65tzqn7uc273b7j33tobpddn00iou14a0dx3or5fi7g9cklonotdtoolpxjbuv8r77w1fqd9z0nfv3pkvkf4b931:latest/val_probs_labels.table.json","path":"media/table/val_probs_labels_20_ca2241860cf751f9636a.table.json","ncols":2,"nrows":851,"_type":"table-file","sha256":"ca2241860cf751f9636a37f55f919667492fd3c52deeaabacbf4a920571c1303","size":22100},"epoch":21,"train_loss":0.07068983239254781,"test_specificity":0.8864197530645328,"auc":0.9881855893652628,"val_accuracy":96.00470035252644,"val_loss":0.19652798053409373,"tumor_train":425}