{"_timestamp":1.7504193055034833e+09,"train_loss":0.044940532431663835,"tumor_train":851,"epoch":23,"test_auc":0.9800757853563136,"no_tumor_train":1276,"val_loss":0.20148869869964464,"_step":23,"val_probs_labels":{"_latest_artifact_path":"wandb-client-artifact://cbjxgjrlsyubld7lleqc0i99qtynr7zb1fuzqc17pbc1i11k8uhxnpc0j654y3icciqmqu7barqnr4a2gnmdylxjb4pc2jef8yenxl6skscawtau154mo2cofy4kagmm:latest/val_probs_labels.table.json","path":"media/table/val_probs_labels_22_36f01b56d2497c73d38d.table.json","ncols":2,"nrows":851,"_type":"table-file","sha256":"36f01b56d2497c73d38d1dddf43a88726f57fe18d17929a8190ce135adf02635","size":22278,"artifact_path":"wandb-client-artifact://8hwu99l08u4loonsfwuax1rlbdwz4n7yffb4ozf4w4zb168uzwbrapyj1c0ng4zotrqsbe5rxhyzmi1hlbkfiq9rxkl25h0twwlw7u06yk95fau9nn8ujrfg7a1f6ycm/val_probs_labels.table.json"},"specificity":0.9968652037305058,"_runtime":290.398384522,"sensitivity":0.9530075187790787,"test_sensitivity":0.9339933993245215,"test_total":1011,"_wandb":{"runtime":290},"train_samples_used":2127,"test_accuracy":93.6696340257171,"test_correct":947,"val_accuracy":96.94477085781433,"test_specificity":0.9407407407175126,"test_incorrect":64,"auc":0.9951563862634644}