{"glioma_train":845,"_step":25,"val_loss":0.3855115603373098,"train_samples_used":1917,"_wandb":{"runtime":319},"epoch":26,"auc":0.9649372942912269,"train_loss":0.04464400921351626,"val_accuracy":91.52542372881356,"val_probs_labels":{"path":"media/table/val_probs_labels_25_e16ac41aaa94a3512e0a.table.json","ncols":2,"nrows":531,"_type":"table-file","sha256":"e16ac41aaa94a3512e0a8ab333488182a440d27346bca7f29d5cf252491c4c1d","size":13252,"artifact_path":"wandb-client-artifact://d0u8l9ne43fv22ev9h3rezpw4158u5vga96akv7417eul0mhyxh3qng56p9n0rznkmhto1drr7cri2xd8f2jf66esgi1csjopmqv1a1edyqmcfas2ub01bpugeh2b77i/val_probs_labels.table.json","_latest_artifact_path":"wandb-client-artifact://rdh5knu3ol8oyiowrhaqd0umitj1k038qqh15cu0j2ao9k563vglp201q9vrfufa8r3zxpun5ix0hf315ki2palnjvhvpc7yiex10plv77sqntqv51epktnhyemhf37f:latest/val_probs_labels.table.json"},"specificity":0.8674242423913854,"meningioma_train":1072,"sensitivity":0.9625468164433503,"_timestamp":1.7494666667624462e+09,"_runtime":319.945426294}