{"_step":69,"train_samples_used":1490,"_wandb":{"runtime":330},"checkpoint_path":"Checkpoints/Messungen-Gli-Men/trainsample_1490/checkpoint_epoch_040.pt","val_loss":0.29268464744091033,"best_model_path":"Checkpoints/Messungen-Gli-Men/trainsample_1490/best_model.pt","val_total":532,"val_correct":476,"_timestamp":1.7486835883990986e+09,"specificity":0.9040590405570458,"sensitivity":0.8850574712304575,"val_accuracy":89.47368421052632,"val_probs_labels":{"_latest_artifact_path":"wandb-client-artifact://9ojbtenv3pm8ai3x8j6uy2teftzzf7debb13v9uefx1rhfwpa2fwoyctur4spmq7a8soxuapf7x69yhx7n7qxyhgr66ye2fcp30sdfqhjal20n26ih5z98m6nrqerrar:latest/val_probs_labels.table.json","path":"media/table/val_probs_labels_69_ba617b0203b9f797df4b.table.json","ncols":2,"nrows":532,"_type":"table-file","sha256":"ba617b0203b9f797df4b736886b360d4f05e20a164530065e36f76ef30da1904","size":13761,"artifact_path":"wandb-client-artifact://3e6zcq8hxiuhvwesi2w2b23o9xgewi5a4yydoz8ufngoijn8zfi6fcmlfmsmjly8fjiyx6is8xgzib6c4yx8upi4mobzbuvtu4ip8ijuedd584bvi574zdc3ok6m2ipe/val_probs_labels.table.json"},"_runtime":330.159606758,"auc":0.9607244348305551,"val_incorrect":56,"epoch":47,"train_loss":0.16005195553104082}