{"_step":16,"val_incorrect":41,"epoch":16,"val_total":851,"train_loss":0.08784557734722678,"val_correct":810,"_wandb":{"runtime":218},"sensitivity":0.9667282809433136,"specificity":0.9258064515830384,"val_probs_labels":{"sha256":"c113b68eb719c34af5762a197380b7c4a7404a2cdd363adc5f63e3ea22130d5a","size":21933,"artifact_path":"wandb-client-artifact://9dx62xuga6w16mljt8co9bkroqk79dyemv37q1ofdoro9m9hko4z1bg58a1xlmz4f71vn64at67ma1d7vbh66gam1hfr046odl2pbm5a5rrld572qcmjfqq7a0obn0an/val_probs_labels.table.json","_latest_artifact_path":"wandb-client-artifact://yh5qtmvbnx01rpmmxb2fi538bq66ng9y4376x9e0u56g33g7nc0oxkstbjsjv4s2eup4v9cukpbd1s3ph0cebqis5ww7dzvjweyupwqq1p6gmjmccpbf6f13ahr3b70p:latest/val_probs_labels.table.json","path":"media/table/val_probs_labels_16_c113b68eb719c34af576.table.json","ncols":2,"nrows":851,"_type":"table-file"},"train_samples_used":3404,"checkpoint_path":"Checkpoints/Hyperparametersuch-noTu-T/dashing-sweep-15/checkpoint_epoch_010.pt","val_loss":0.15372959088051208,"auc":0.9863395146383638,"val_accuracy":95.18213866039953,"_timestamp":1.7480360246962135e+09,"_runtime":218.826567694}