{"test_auc":0.9735810618098847,"_timestamp":1.7498184727255688e+09,"specificity":0.9709677419041624,"test_accuracy":92.87833827893175,"_step":33,"val_probs_labels":{"size":22189,"artifact_path":"wandb-client-artifact://s5lx2pvw50ddka6im701ogyak8um8e494e9760103mpkx0b98ie939rvuce9n4d5mj6dz0i0laku2qsit4n1fbtoeianr4somrjdxk8pwadk1ixr1301csyt6z0a3dyp/val_probs_labels.table.json","_latest_artifact_path":"wandb-client-artifact://6aolp8kscxsyd3qtvk60qcjpb032neyhrqdtxszpvahnq1uql8cunh1xh4satve12m6b7u804aopy791t2lu55bsmpr04gwwmkieeexwk2qseppvmfyq57emftup9yqi:latest/val_probs_labels.table.json","path":"media/table/val_probs_labels_32_d7dcb9cad9a75126ad5a.table.json","ncols":2,"nrows":851,"_type":"table-file","sha256":"d7dcb9cad9a75126ad5a36a688c018ef3ff8b2abeeeb315a6fda758329fa11dd"},"_wandb":{"runtime":381},"test_total":1011,"auc":0.9876036014548923,"train_percent_used":0.5,"test_incorrect":72,"val_loss":0.20474051151956832,"test_specificity":0.9679012345440025,"_runtime":381.168729646,"val_accuracy":95.06462984723855,"test_sensitivity":0.9026402640115075,"train_loss":0.050399880057999065,"epoch":33,"test_correct":939,"train_samples_used":1702,"sensitivity":0.9390018484114787}