{"val_probs_labels":{"_type":"table-file","sha256":"ffca99da2a5f82a96ff520794275ce1b4e12d8df5ea70fc6ce846eab8fc696c3","size":22052,"artifact_path":"wandb-client-artifact://im0uagepzh7cdkuzhj13acbgybgvrkjojhea013oznvi5gogvr2diy3wbq3vrwtmk8mcppzye449y7kearxqwx41f8sjgrodcysn052tv4urzlhnoselfjanmgj2vt1l/val_probs_labels.table.json","_latest_artifact_path":"wandb-client-artifact://odru6z2xqewpop34tk12niihe8it5pul6fhlmnkfzptblfr6amp7dd6x9j911t5innr74yvfatglni9pezwmk06zdiun73bhqzqdwcqq7i4bmq7dvaux42rzsc2z063o:latest/val_probs_labels.table.json","path":"media/table/val_probs_labels_20_ffca99da2a5f82a96ff5.table.json","ncols":2,"nrows":851},"val_accuracy":96.3572267920094,"tumor_train":425,"specificity":0.9655172413490434,"test_auc":0.9551399584402884,"test_correct":906,"sensitivity":0.9624060150195036,"val_loss":0.14436463852013862,"no_tumor_train":1276,"test_incorrect":105,"train_samples_used":1701,"_runtime":233.786937581,"test_specificity":0.90370370368139,"_wandb":{"runtime":233},"auc":0.9903540198458529,"_step":21,"test_accuracy":89.61424332344214,"test_sensitivity":0.8910891088961866,"epoch":21,"_timestamp":1.7504247138971915e+09,"train_loss":0.08926558893706117,"test_total":1011}