{"epoch":29,"val_total":851,"auc":0.9912706457575576,"_timestamp":1.7485548054990232e+09,"_wandb":{"runtime":361},"train_loss":0.05052375758532435,"checkpoint_path":"Checkpoints/Messungen-noTu-Tu/trainsample_3064/checkpoint_epoch_020.pt","_runtime":361.837928209,"sensitivity":0.9704251386142251,"train_samples_used":3064,"specificity":0.9645161290011446,"val_probs_labels":{"nrows":851,"_type":"table-file","sha256":"59cd3ac80ec0cc50bff71da223d3cd19880c41bf7e4270b86cc1aff36b94a2e0","size":22092,"artifact_path":"wandb-client-artifact://dze3eewa4qh7prj5mjivorkncghz9q0gl95vroqd9crleta8ny47nbm58t030f7pipsh7u0hqxrf7b11cyeb82nv0bs7abw2kztc1ihbalaw6agje3we1j9hnl3wm3uq/val_probs_labels.table.json","_latest_artifact_path":"wandb-client-artifact://bp5mn6it3q0s5691bby3hu6sr4ke28tgip5e7exhrb1a045ec5816535ld7hx7qn11lti02kgw4apipx1e9pu9uq2lfhrowjqfddamnbwgfcupa7c7bwcmc7uss9o2en:latest/val_probs_labels.table.json","path":"media/table/val_probs_labels_44_59cd3ac80ec0cc50bff7.table.json","ncols":2},"val_incorrect":27,"val_correct":824,"_step":44,"best_model_path":"Checkpoints/Messungen-noTu-Tu/trainsample_3064/best_model.pt","val_loss":0.1303203467811857,"val_accuracy":96.82726204465335}