{"checkpoint_path":"Checkpoints/2-Messungen-noTu-Tu/trainsample_2723/run_4/checkpoint_epoch_020.pt","val_accuracy":96.00470035252644,"sensitivity":0.953789279095124,"test_total":1011,"test_accuracy":95.0544015825915,"_runtime":290.892163012,"test_auc":0.9838365318013282,"test_specificity":0.9604938271367779,"test_sensitivity":0.9438943894233681,"val_loss":0.21638376052890504,"_timestamp":1.7487908855151553e+09,"specificity":0.9709677419041624,"test_incorrect":50,"_step":37,"val_total":851,"train_samples_used":2723,"val_incorrect":34,"_wandb":{"runtime":290},"test_correct":961,"val_probs_labels":{"ncols":2,"nrows":851,"_type":"table-file","sha256":"a8f07d80b93f25436cb90f4776f4ca73f32881791c5213c90b2a01cc6869dc07","size":22182,"artifact_path":"wandb-client-artifact://dxlr30itiynm7x4wsdf8n8chur2c49gexbmul4a4dpig6twkj05853orbl71jq3fq5i38mnrlj82osz5csjfu3n682clrlw7g0f8nrvq9795bcrc28kn5oh0a3wudz3r/val_probs_labels.table.json","_latest_artifact_path":"wandb-client-artifact://22gkg0euyr8kueeqzoj88zhriu976gnntyw3jx83ardlrr3l8w4o3z226a0md8zh18j7x3kblyd4y7e3xees7jipw62ox508nuh4e367nhwsu1guimf87vu6vyorn84w:latest/val_probs_labels.table.json","path":"media/table/val_probs_labels_36_a8f07d80b93f25436cb9.table.json"},"test_probs_labels":{"size":26166,"artifact_path":"wandb-client-artifact://cme9ft8l1334xbmzhu9t6q88cpkrqjrd4r9j6ib9b1161rprfjoxrgqc74j462zrxo2mdz79fhshfyuiw2a2u23jrw7pe3zfjop28lbc2xd1h9jz5r4x4ra9frdqberi/test_probs_labels.table.json","_latest_artifact_path":"wandb-client-artifact://bmc5ztszq5v6n41vkorpgg4r57v8kn724jsi4n45j9wrsbm40cfuhg3xqxs8y8cintra0v3m723rjsli0ig3rpct2c5av3toitt4wwao8koxglknqf0jdj7sghr8dz7v:latest/test_probs_labels.table.json","path":"media/table/test_probs_labels_37_0451cf66f790766b36f7.table.json","ncols":2,"nrows":1011,"_type":"table-file","sha256":"0451cf66f790766b36f7c38e52902d350c06fc2e8575f9b4f6516b5f7b695408"},"auc":0.9899886709200406,"val_correct":817,"best_model_path":"Checkpoints/2-Messungen-noTu-Tu/trainsample_2723/run_4/best_model.pt","epoch":25,"train_loss":0.04881749429147352,"test_confusion_matrix_table":{"size":180,"artifact_path":"wandb-client-artifact://d1k6b3cw0jg5xndxymrpq2671wy7w7c6w73v9tsnlrhbf3jg1mqam0znodzlfliquu5v53sa6ir6n9da9l49nygp52ucec9qvmvx4g8g9g3ehit2q5z3x959dgqe35nq/test_confusion_matrix_table.table.json","_latest_artifact_path":"wandb-client-artifact://2acscnyqxjxuabucmuok5ukx0vs991s6876nsg5gu5nfldmxs7kg0rf1bmpkzwmgawsos0n5wbvcki60rh2aontk496vdlt42c4g6drcp7a4e0vwelm713gskvplclmp:latest/test_confusion_matrix_table.table.json","path":"media/table/test_confusion_matrix_table_37_e6667cffd9e7b3b491ae.table.json","ncols":3,"nrows":4,"_type":"table-file","sha256":"e6667cffd9e7b3b491aeea094d1ae3c831e92ad3df091dad3301bcc378cb9ce9"}}