{"specificity":0.9838709677101977,"auc":0.991115616242323,"val_incorrect":35,"_timestamp":1.7480443420948594e+09,"val_loss":0.21169628836731944,"sensitivity":0.9445471349178457,"val_accuracy":95.88719153936546,"_step":16,"epoch":16,"_wandb":{"runtime":221},"checkpoint_path":"Checkpoints/Hyperparametersuch-noTu-T/generous-sweep-40/checkpoint_epoch_010.pt","val_total":851,"val_correct":816,"val_probs_labels":{"ncols":2,"nrows":851,"_type":"table-file","sha256":"99a5e6ae7b784b7a4d36849014a2126e422208c0687481c55d9747f9e5bf556c","size":22209,"artifact_path":"wandb-client-artifact://h2kf5q604ljcvqr9n21jyafjea08n61ejxx4hrb0s7njjzn2c47di2n8p09pa9fdgkx9h68j5q3e8a6li1gj3wwma60ldy5r1w8ltxayuj9zgbetod358sw0cqwr4rjq/val_probs_labels.table.json","_latest_artifact_path":"wandb-client-artifact://jtujo2int4gsscn2in8s3gfpp33sqf5qiwm90asluxhave5wknkfgu0ihyrer5ebcb8mgco5ds9x7wyufs14h63o0fkm73d3juyfu1k72t503ffiva4yuywccej7wts6:latest/val_probs_labels.table.json","path":"media/table/val_probs_labels_16_99a5e6ae7b784b7a4d36.table.json"},"train_loss":0.05049818002684945,"train_samples_used":3404,"_runtime":221.286417227}