{"specificity":0.8819188191556487,"val_total":532,"val_loss":0.2592087596654892,"best_model_path":"Checkpoints/Messungen-Gli-Men/trainsample_1702/best_model.pt","train_loss":0.11661338593278613,"_timestamp":1.7486892737619941e+09,"val_incorrect":50,"auc":0.9689952071934512,"_runtime":611.371585658,"checkpoint_path":"Checkpoints/Messungen-Gli-Men/trainsample_1702/checkpoint_epoch_070.pt","sensitivity":0.9310344827229489,"epoch":79,"train_samples_used":1702,"val_accuracy":90.6015037593985,"_wandb":{"runtime":611},"_step":111,"val_correct":482,"val_probs_labels":{"nrows":532,"_type":"table-file","sha256":"c628fb26fa72723332680c9bfccb4bed187b2c85e7497b53b03141563b1ed500","size":13729,"artifact_path":"wandb-client-artifact://6ar32sb8pbu5847a0n3vzk2sudxqsjna6677x2gcazy8tfox89bz61vg75ymqzwr68p3qk67vonrsbw0093sfjz8h30543skxwbaf7dxwqqzdbl6c68ndjc0njbld0j6/val_probs_labels.table.json","_latest_artifact_path":"wandb-client-artifact://mpzi57hs1uc3jney5bx0q9lu4jmwjfs0c1urq32v2umsd1fxixmu6h2apjpozznu4rbvke0tlzajgkyyajozbas03ynxeynalunvumbpwr6jwbtpw43u31xjbrbqlh8a:latest/val_probs_labels.table.json","path":"media/table/val_probs_labels_111_c628fb26fa7272333268.table.json","ncols":2}}