{"epoch":13,"sensitivity":0.9999999999815157,"val_total":851,"specificity":0,"val_loss":0.657771668263844,"val_correct":541,"_timestamp":1.748052933240824e+09,"val_probs_labels":{"size":21315,"artifact_path":"wandb-client-artifact://wu5rq2w50rcfcdkmbm6ev0u3lak8hnurdq9k76sy15tk7mhyhjny9w9e7il4x6k0yltcdssujk9hoj0ylh86l8ghv6t475ma7u7zj7sthat1qcu1l13f7dg5wayas38t/val_probs_labels.table.json","_latest_artifact_path":"wandb-client-artifact://yc2tdk9qqb6bjtnnoqo7d7zdnw4dij7iaro0kv18ztuh5ad1wsetb2ph5xsewj9tudl6eklv6rdidod15mz07nqm2xtb64qjl8y5e0j1vg6pgsz8e938k5aw2f9xu79o:latest/val_probs_labels.table.json","path":"media/table/val_probs_labels_13_2c6ed73389ec9305ba59.table.json","ncols":2,"nrows":851,"_type":"table-file","sha256":"2c6ed73389ec9305ba591dc9eca9aa1423e97f87375f6b6f289ca6662d87e127"},"checkpoint_path":"Checkpoints/Hyperparametersuch-noTu-T/dark-sweep-63/checkpoint_epoch_010.pt","train_loss":0.663903612781454,"_step":13,"val_incorrect":310,"val_accuracy":63.572267920094006,"train_samples_used":3404,"auc":0.5,"_runtime":181.512660523,"_wandb":{"runtime":181}}