{"best_model_path":"Checkpoints/Messung-noTu-Tu/trainsample_340/best_model.pt","val_incorrect":80,"_timestamp":1.7484667451851037e+09,"auc":0.9466400333909725,"train_samples_used":340,"_runtime":136.242321189,"_step":52,"specificity":0.7935483870711758,"val_total":851,"val_accuracy":90.59929494712104,"train_loss":0.041824281215667725,"val_correct":771,"epoch":35,"val_loss":0.40236173783029827,"sensitivity":0.9704251386142251,"checkpoint_path":"Checkpoints/Messung-noTu-Tu/trainsample_340/checkpoint_epoch_030.pt","val_probs_labels":{"_latest_artifact_path":"wandb-client-artifact://uh8ftlw3y0bucn3tm9w62d2rp4g85p5honb7jthxsllot94d7u08a98v7289muh4z37v1c0pc07bittbootu9oea534vv2yefopw2b8t971qhtqluvywbokcg18dmldi:latest/val_probs_labels.table.json","path":"media/table/val_probs_labels_52_737575d2e3b944d76e5b.table.json","ncols":2,"nrows":851,"_type":"table-file","sha256":"737575d2e3b944d76e5b50c4888852c596026dfbb9484040834b5e1cb5c60a1c","size":21888,"artifact_path":"wandb-client-artifact://txpp5bo34gpaedt81t9ik4kwu8sy80kce3ziti51j3rvxwqacdmn5mehv75tswsr6f7hdkzfqf730u26t4htmmleqevvmzora2tmbx4aaia59zqvhtczba4tba3malc5/val_probs_labels.table.json"},"_wandb":{"runtime":136}}