{"test_auc":0.9683290551277349,"_runtime":244.721181919,"test_correct":922,"test_accuracy":91.19683481701286,"tumor_train":638,"_wandb":{"runtime":244},"auc":0.9921394395078607,"no_tumor_train":1276,"train_loss":0.06354738846421241,"test_sensitivity":0.8976897689620843,"train_samples_used":1914,"sensitivity":0.9605263157714187,"test_specificity":0.933333333310288,"test_total":1011,"val_accuracy":96.94477085781433,"epoch":28,"val_loss":0.1771538449185235,"_timestamp":1.7498681097045357e+09,"val_probs_labels":{"_type":"table-file","sha256":"5eb274dcfe24f1df5f88899d4003c5fe5d4cbc269dd66bfb9c5315ea9766ae34","size":22228,"artifact_path":"wandb-client-artifact://8nff9838ihai3zpwwoorok4qvh91fnhj09bqnk3xabw50nu1prgiys3sqn58n801ls464h29lste23defk0iz7nrje06kgmjits1gbzrucbxz7pe4o2p4ic01rcmvqam/val_probs_labels.table.json","_latest_artifact_path":"wandb-client-artifact://zei1jpiuqlj08e1oon5ttx04qvaosf1hvxdj1xemjax572pvd8fe8nfnfgpthxj4b9onw4i4jlhclygfp58r1h11frvedz95or83ojfcuydxx5m3lpmkkq96fiwe8krg:latest/val_probs_labels.table.json","path":"media/table/val_probs_labels_27_5eb274dcfe24f1df5f88.table.json","ncols":2,"nrows":851},"test_incorrect":89,"_step":28,"specificity":0.9843260187779208}