{"train_loss":0.045641246790948664,"test_incorrect":56,"specificity":0.9811912225397745,"epoch":34,"auc":0.9961050745987226,"test_auc":0.9781322576702114,"val_accuracy":97.2972972972973,"test_correct":955,"sensitivity":0.9680451127637585,"_timestamp":1.7504236264028275e+09,"_wandb":{"runtime":469},"_step":34,"test_specificity":0.9728395061488188,"test_accuracy":94.46092977250248,"test_sensitivity":0.9257425742421495,"test_total":1011,"tumor_train":1064,"val_probs_labels":{"sha256":"d4be039c9b89207357a9fb02a91c73b14fad5f564c082cf501b2dfda0c938fdb","size":22155,"artifact_path":"wandb-client-artifact://y0rydgjlobjmqjpt5cy58rd9bg09hw10b7vdz6n3bs34diq9dar8aig1mr33a4rmbntxl1ljtruw7h2j7we911ju1zv2wel51wraoir8q9m0irzrz7zufbqa0ftjwx6o/val_probs_labels.table.json","_latest_artifact_path":"wandb-client-artifact://htpixw2vueabhhxwjhyaincz66cbn8lpz8hu0ssvtj9qolhz3fuh48jwr0ran5ogawzv9z6u2yv9zheu79ipl4zoh0lj0f2p90617mabkeo6fpkqq0w7p2wb7x8zckjt:latest/val_probs_labels.table.json","path":"media/table/val_probs_labels_33_d4be039c9b89207357a9.table.json","ncols":2,"nrows":851,"_type":"table-file"},"val_loss":0.09615045519811767,"no_tumor_train":1276,"_runtime":469.774109467,"train_samples_used":2340}