{"test_sensitivity":0.9125412541103541,"test_correct":933,"val_loss":0.1511372722685337,"train_percent_used":0.2,"val_probs_labels":{"_type":"table-file","sha256":"d729bef0328008839d0ae97e610e22198e0dd2fcbdfb1d0271e4821540db8c34","size":65685,"artifact_path":"wandb-client-artifact://5o0rbgbnnnh8g7uj6yb0lzluvavlgnb99bwq3u75z9ey1f2ltcnyqb6it3u5g3lg9ugu84psbz45emfxv4al9gpucefmwctmettsueb5gy8u0zpb9vsx0zbrdna4lz5g/val_probs_labels.table.json","_latest_artifact_path":"wandb-client-artifact://nu3boc19auuetexui5rpdnnnkclwuhnuxxs0vy2u4zq1fh7r4d2wqrq810355t1pg2dm9fz1iad69dqc7cm9ro0lwknfp75rv4qkdscmuv9kr4lhlzsjlrhyhk82krts:latest/val_probs_labels.table.json","path":"media/table/val_probs_labels_31_d729bef0328008839d0a.table.json","ncols":2,"nrows":2553},"epoch":32,"_step":32,"test_total":1011,"test_auc":0.9761846555025873,"_runtime":678.657032622,"test_accuracy":92.28486646884274,"sensitivity":0.9854245880799404,"train_loss":0.057359556085430086,"specificity":0.905641025631737,"test_specificity":0.9382716049151044,"_wandb":{"runtime":678},"_timestamp":1.749468573145426e+09,"train_samples_used":2042,"test_incorrect":78,"val_accuracy":95.4954954954955,"auc":0.9889090377303306}