{"val_total":532,"val_loss":0.32603985965251925,"sensitivity":0.9042145593523289,"_step":34,"train_loss":0.03313303705962265,"val_probs_labels":{"artifact_path":"wandb-client-artifact://ntm7qc1lvleoytbshalz0p4h0bkh7vlmtmdohmilu0flsvq0wbj9e2jo5nkt24vv22hjgc7wiy443g66zaprfaf527zrninf4faea47bem8rlkynz57juoj1rtzm60bm/val_probs_labels.table.json","_latest_artifact_path":"wandb-client-artifact://px8xlskkfdgpbmbt85vvcul78sbiezm9bn0cwhsspup8qy3beo0kdxly4umbyp1lh6g2thbroc70e6yhtr75475p9qosctlnbs6gd2uy053az7d6t2ae8jf5tct8txwz:latest/val_probs_labels.table.json","path":"media/table/val_probs_labels_34_361797af93b02690afea.table.json","ncols":2,"nrows":532,"_type":"table-file","sha256":"361797af93b02690afeacf73c5817f0495890d74a6bef680af425644823faf7c","size":13661},"val_incorrect":38,"_wandb":{"runtime":306},"epoch":32,"checkpoint_path":"Checkpoints/Hyperparametersuch-Gli-Men/fresh-sweep-87/checkpoint_epoch_030.pt","val_correct":494,"specificity":0.9520295202600727,"val_accuracy":92.85714285714286,"train_samples_used":2128,"_runtime":306.526811043,"auc":0.9712431607074691,"_timestamp":1.7481306413746855e+09}