{"val_accuracy":97.17978848413631,"train_loss":0.019884992158040404,"_timestamp":1.7485593139518023e+09,"val_loss":0.16259920969605446,"checkpoint_path":"Checkpoints/Messungen-noTu-Tu/trainsample_2042/checkpoint_epoch_030.pt","train_samples_used":2042,"val_total":851,"sensitivity":0.9741219962851364,"val_correct":827,"epoch":38,"best_model_path":"Checkpoints/Messungen-noTu-Tu/trainsample_2042/best_model.pt","val_incorrect":24,"_step":53,"specificity":0.9677419354526534,"_wandb":{"runtime":353},"val_probs_labels":{"nrows":851,"_type":"table-file","sha256":"cc4e1bcafc97f099f15806835aaac552a5e5cabd0aa524fc6399467c9881c623","size":21316,"artifact_path":"wandb-client-artifact://1krq4962pwshu0g7kpc5nd30eodyv5ilghrk0gkkr99wzhw8rnk3uwxsfgppdxhbuvql31rul8u0tudgaz551owjtbd7aplugwjk8i6hhrypwemxvda20bxg8b6bq1xi/val_probs_labels.table.json","_latest_artifact_path":"wandb-client-artifact://9shtb5uj2om9uz67zwn7qtqn4i2u13mq1slbo6qbp1dxmh8jpbqzf03d8o38wazlgev05rhx5y39mwa4jyaan1x7zzmn02f64o0n4wdudfqwp9i7u7l1tei0kajg9bsn:latest/val_probs_labels.table.json","path":"media/table/val_probs_labels_53_cc4e1bcafc97f099f158.table.json","ncols":2},"_runtime":353.177210088,"auc":0.9932919921292708}