{"sensitivity":0.9774436090041834,"test_specificity":0.9975308641729005,"test_auc":0.9879273112496434,"test_total":1011,"test_accuracy":96.43916913946587,"train_samples_used":2552,"_runtime":649.012258533,"_step":43,"auc":0.9951563862634644,"tumor_train":1276,"test_incorrect":36,"val_probs_labels":{"_type":"table-file","sha256":"6143c95a55cb111608315388fd82b76046758bb7a4e84a1ab67a7ea3f1d1b884","size":21781,"artifact_path":"wandb-client-artifact://8kgb44o68lpuw6gn2c5jxurotnv82c1fbuy7z32q4877n8xiyfut9ktcqzpky863lpxfur2fcmr8zqxnka1jmxih1naqab0e6yev9tjdwtfb7girvel2dextwo689h3q/val_probs_labels.table.json","_latest_artifact_path":"wandb-client-artifact://dij2rkc2ri4quounndgze74oz40l8tpq1zsnoxrol55m0d2k5ojgcekb8wt31xupxcbglameydymjsz3d73484vqddqvxroj04ob5ov8zzi31qe6o7q3emzo9xg8a9y4:latest/val_probs_labels.table.json","path":"media/table/val_probs_labels_42_6143c95a55cb11160831.table.json","ncols":2,"nrows":851},"_timestamp":1.7504338083721488e+09,"_wandb":{"runtime":649},"epoch":43,"val_loss":0.1333745610234993,"val_accuracy":98.47238542890717,"no_tumor_train":1276,"test_correct":975,"specificity":0.9968652037305058,"train_loss":0.02500544226495549,"test_sensitivity":0.9422442244068936}