{"test_correct":977,"test_accuracy":96.63699307616221,"val_loss":0.17373288635696685,"_runtime":525.419745048,"test_specificity":0.9753086419512269,"specificity":0.9129032257770031,"val_accuracy":95.65217391304348,"val_probs_labels":{"path":"media/table/val_probs_labels_28_d6cbb9e59726d3114426.table.json","ncols":2,"nrows":851,"_type":"table-file","sha256":"d6cbb9e59726d31144265c87889d1a65ce0922cc227e2c450fa7df303d714e62","size":21807,"artifact_path":"wandb-client-artifact://x640xecb67b69fuy4bv2ypkwqtmdoanh3tazw2wudz35hhs1eeh84cjv4pj3r17g14004dmm4razt86bvo5bmlvo7t4v2125sixgslh70clbpvn9i4nehnbu1nui7au2/val_probs_labels.table.json","_latest_artifact_path":"wandb-client-artifact://hemc2kcdwwx1ftwn5zxdo1zn0az92t9uvan09e1cmr4ccideiqvsaiv5hvvhc5a3ha85f9kigzw42alajhfxcnpmf0rbebinynnotgxkmc6ffj2b7pmrs3re7jpk9wx2:latest/val_probs_labels.table.json"},"train_percent_used":0.9,"epoch":29,"sensitivity":0.981515711626959,"_step":29,"test_sensitivity":0.9603960395881123,"_wandb":{"runtime":525},"auc":0.9907817065172023,"test_incorrect":34,"train_loss":0.030947766596606623,"_timestamp":1.7497717776321356e+09,"test_auc":0.9899238071955343,"test_total":1011,"train_samples_used":3063}