{"_timestamp":1.7504231511335025e+09,"test_total":1011,"train_loss":0.026809569797478616,"test_sensitivity":0.9504950494892658,"auc":0.9954510099700662,"test_accuracy":95.84569732937686,"val_loss":0.13300750936780656,"val_accuracy":98.00235017626322,"no_tumor_train":1276,"test_auc":0.989899360306401,"epoch":35,"tumor_train":1276,"test_incorrect":42,"specificity":0.9937304074923595,"_wandb":{"runtime":536},"test_specificity":0.9703703703464106,"_step":35,"val_probs_labels":{"nrows":851,"_type":"table-file","sha256":"1e6f0bdde28e551a8c842905f3ba9d66f355d3c170700f9d928e58300a8b7cd1","size":21963,"artifact_path":"wandb-client-artifact://qmzht3wr54couwridtk218gv65zmsyho2ja2zfc0lcctlg8qzcu7hvn9ofvn6soqdv6wn9ko1p7r8soitz92ayjanfdaba1aq03l26zcwkx8dpp1sy3fimg4ks366bxg/val_probs_labels.table.json","_latest_artifact_path":"wandb-client-artifact://5j90jhx5njwco2o7nkgl7rgxzhzqwnceb68155ig5q9s83137abib57kt1bge5z1xx8m9p4pdoll8ltofaicktjastvo7fn9tz24xnqzy4mwcgmxpj91mftu6bpt6yf1:latest/val_probs_labels.table.json","path":"media/table/val_probs_labels_34_1e6f0bdde28e551a8c84.table.json","ncols":2},"sensitivity":0.9718045112599285,"test_correct":969,"train_samples_used":2552,"_runtime":536.785520038}