{"_runtime":338.675425187,"auc":0.9937009451528508,"test_sensitivity":0.915841584143303,"tumor_train":638,"test_incorrect":97,"_step":28,"train_loss":0.03673319003234307,"test_specificity":0.8864197530645328,"val_accuracy":96.59224441833138,"test_total":1011,"train_samples_used":1914,"_wandb":{"runtime":338},"no_tumor_train":1276,"sensitivity":0.9454887217867389,"specificity":0.999999999968652,"val_loss":0.22585157730749675,"test_correct":914,"test_auc":0.9597930163386708,"epoch":28,"test_accuracy":90.4055390702275,"_timestamp":1.7504396688937917e+09,"val_probs_labels":{"sha256":"e4fbaae6b2333b7749625ff0a352e5df58c116de1123f56c870542e925f22579","size":22321,"artifact_path":"wandb-client-artifact://gbcri93o07wzfkg2pigv8fblhdjzs9s8cggr9ms5n7dd6hp6x8dn0jat11bo5dpnulv9cqt1s0hvtcsw5u3fpvhg89n0owq17tdxi0nzen5rgd7a3y87d87rtgbyursf/val_probs_labels.table.json","_latest_artifact_path":"wandb-client-artifact://obz4eijonpg69hi7sbxxylgw02rzkfuuwb1vgyxdawej7fc3g0osyfpuqbwm0qj9meuxiyj3jjv1wnn88fr09g00bzi8we6i48zrq77xqj1wjuirr4rmasc4fluchx68:latest/val_probs_labels.table.json","path":"media/table/val_probs_labels_27_e4fbaae6b2333b774962.table.json","ncols":2,"nrows":851,"_type":"table-file"}}