{"_timestamp":1.7497698276130886e+09,"sensitivity":0.981515711626959,"auc":0.9491383936557153,"epoch":37,"test_accuracy":86.25123639960435,"_step":37,"train_percent_used":0.1,"test_sensitivity":0.8778877887643913,"test_auc":0.9315487104265983,"val_probs_labels":{"sha256":"2c18d6ffb712f99730a4febecd33fb75f199c6bb27371f560d4d431e451df942","size":21807,"artifact_path":"wandb-client-artifact://tz37b1t837nfiwb0i5aqwqxbhm44lz1otrm4ixz3og74bi19mqinhphid7gfksk362gnwmznznvwjehgpe3sh5d0s1fqflwmfucq2s9hf1j5tubx37mx7cslwj2o5kld/val_probs_labels.table.json","_latest_artifact_path":"wandb-client-artifact://0zhd7jkuyetp22s09ukbr8fn1ip1bqkg1pxlfnqza0innrea6eromw8n3ib9tu7b6gkrfraa4pwcfw0aabtwtey7elq2nf54isgd7eag9ko1ox6inpbqmezqkklg1jpl:latest/val_probs_labels.table.json","path":"media/table/val_probs_labels_36_2c18d6ffb712f99730a4.table.json","ncols":2,"nrows":851,"_type":"table-file"},"specificity":0.7290322580409989,"train_loss":0.08600056916475296,"_wandb":{"runtime":206},"test_total":1011,"train_samples_used":340,"val_accuracy":88.95417156286722,"test_specificity":0.8395061728187776,"test_incorrect":139,"_runtime":206.19203417,"val_loss":0.43936245143413544,"test_correct":872}