{"train_samples_used":3404,"val_total":851,"specificity":0.9387096773890738,"val_correct":821,"val_accuracy":96.4747356051704,"epoch":21,"val_loss":0.16181508272118797,"checkpoint_path":"Checkpoints/Hyperparametersuch-noTu-T/happy-sweep-47/checkpoint_epoch_020.pt","_step":22,"_wandb":{"runtime":291},"val_probs_labels":{"nrows":851,"_type":"table-file","sha256":"f1d24399082a229267dc4975a2a25acfcfd9f2055199e7bc4546f000ef80fd77","size":18608,"artifact_path":"wandb-client-artifact://uxwyl0wkqfaizdsdiu9ooms8l3tic0xrfd15yif4jfutgz8mrxjqb6mjsno9zw7vt9foqkq64g57snhg0i55apbfhwz4mpsd76v03z1kmll130zwivp722bhym4uds7s/val_probs_labels.table.json","_latest_artifact_path":"wandb-client-artifact://cj7yhf3nrkrndmmoggyoz2ygoz4ppfc170ysk7zq6sz0wx30qvxjyhawzd2b6gn6uw88kr1lo7jqw8ced8h4830rf1eex38wdypt7g9w1iq85lgadzqtxz5qp5vpcl5t:latest/val_probs_labels.table.json","path":"media/table/val_probs_labels_22_f1d24399082a229267dc.table.json","ncols":2},"_timestamp":1.7480469036328647e+09,"val_incorrect":30,"sensitivity":0.9796672827915034,"_runtime":291.601997432,"train_loss":0.01055224172430945,"auc":0.9947289964820225}