{"specificity":0.9516129031951093,"test_incorrect":71,"test_sensitivity":0.9009900989950331,"val_probs_labels":{"nrows":851,"_type":"table-file","sha256":"9e17ffe1946158677a4f316cdfab162d6d972eac40c05e28a35afbe28adfb8d3","size":21929,"artifact_path":"wandb-client-artifact://dbttzt4zxso46wqoqr3i0z8ioryaf9f6ski60za029uvkaevb55qa66dls96q8fwc8a41dh3s667x4zcaxfa657xamo9ay04lch82wt6u3uou4nk77hobkzr65htyzt5/val_probs_labels.table.json","_latest_artifact_path":"wandb-client-artifact://ztq5n1u9ivfx4tm54kmhb75upp27qf5nwdqo32j050h5ck5hjtz7xsrij2vej27qkneg0e7m9c9twlhynq09ix5pkmij0g6lmssc55acwayptu0olvvsei98kdkmjomf:latest/val_probs_labels.table.json","path":"media/table/val_probs_labels_25_9e17ffe1946158677a4f.table.json","ncols":2},"train_percent_used":0.6,"test_specificity":0.9728395061488188,"_wandb":{"runtime":249},"train_loss":0.034099522104952484,"train_samples_used":2042,"val_loss":0.14528372245175497,"test_auc":0.9855518885221856,"test_total":1011,"val_accuracy":96.4747356051704,"test_accuracy":92.97725024727993,"_timestamp":1.749814582588938e+09,"sensitivity":0.9722735674496807,"test_correct":940,"_runtime":249.348612419,"auc":0.9924154791008288,"epoch":26,"_step":26}