{"test_auc":0.9496760787189831,"test_specificity":0.8864197530645328,"test_accuracy":88.13056379821958,"auc":0.9784807107507006,"sensitivity":0.981515711626959,"specificity":0.8258064515862643,"_runtime":196.180206639,"test_correct":891,"val_probs_labels":{"nrows":851,"_type":"table-file","sha256":"4e061918ae739c0aaea084aa5c0a23dd41fba6c73675815858844bfc5e1db7c0","size":21865,"artifact_path":"wandb-client-artifact://l23laiukgt6vxfy0ncd411uqpxwpypbyk3nhyte6pgbyjlee7jh2k1lomu3rc1sdmjprsgoyl1pmqv676ece8en5xa35i9m1z1qsm62l3l2tqvfi9jt40fakenwco6gh/val_probs_labels.table.json","_latest_artifact_path":"wandb-client-artifact://s1buxlkm0l9md526dhkyey614u3isxh49p9a2x24eisostb5v7wtw1u02kts765lkolq4l4nm1xv6wa5uggcuqg7w5n1t71hkzu44zl0agt1wbhr9k5xxk75e3gjcpee:latest/val_probs_labels.table.json","path":"media/table/val_probs_labels_25_4e061918ae739c0aaea0.table.json","ncols":2},"train_samples_used":680,"_wandb":{"runtime":196},"test_incorrect":120,"test_sensitivity":0.8778877887643913,"train_percent_used":0.2,"_step":26,"train_loss":0.06516460577646892,"val_loss":0.22832232607262476,"val_accuracy":92.47943595769684,"_timestamp":1.7497696172831037e+09,"test_total":1011,"epoch":26}