{"val_probs_labels":{"artifact_path":"wandb-client-artifact://rmlff1vw285196ht360urb3m8pxy910dtpmdi1ceqku0gxciimfdbu6elvpdoroqtp5ofltuo6rqo9axtcwqcnph3zljibuknmv75oqhiqqtswvhk8yvwlrkgjfmk1ct/val_probs_labels.table.json","_latest_artifact_path":"wandb-client-artifact://522bnbe8txrt2fxlzr38h34jd3ai00jcuj5pclud5fuvopk9h5h4s6natbulwrkm5a2sqga9j6qkymi7h4j3lz8ra7o1s5v3yzxy1n3lp1dy427m48zgstsmhg5zijar:latest/val_probs_labels.table.json","path":"media/table/val_probs_labels_34_432c8eda286886708594.table.json","ncols":2,"nrows":532,"_type":"table-file","sha256":"432c8eda286886708594894ed7c74a68bcc4eacab4f601fe10fd23bd0bf9375c","size":13351},"_timestamp":1.7481007118713825e+09,"val_loss":0.27318536221419515,"val_total":532,"_step":34,"_runtime":295.856653591,"val_accuracy":92.85714285714286,"val_incorrect":38,"sensitivity":0.9578544060935688,"train_loss":0.04725920382628473,"checkpoint_path":"Checkpoints/Hyperparametersuch-Gli-Men/generous-sweep-2/checkpoint_epoch_030.pt","auc":0.9802349747635406,"val_correct":494,"_wandb":{"runtime":295},"train_samples_used":2128,"specificity":0.9003690036568129,"epoch":32}