{"_runtime":185.993733538,"sensitivity":0.877394635981709,"epoch":19,"_wandb":{"runtime":186},"val_probs_labels":{"_type":"table-file","sha256":"8a1747ce4e4edf34016b1e46204c3e74d7d7a89fc6e49abb30f41f30115933ec","size":13648,"artifact_path":"wandb-client-artifact://585w3buvlklmwomrx8obhoan1i9qyseq03ycm6904j5iakkh1gvl7zirt2ti0w7nfwlbmlbu2onmot1487x2a8srptai01t1l7d7u2skeu0bjrv1z7cs6il65hiemf8p/val_probs_labels.table.json","_latest_artifact_path":"wandb-client-artifact://chb72aev5ygkcu60y3gns0segzh0cd30tj52g98ag0yrdzrnvbdqcuvp2nedebqr5h4w0brhka091lvz2v1ukisoxdy74e3wvmqsnnbl6n8zh3ks581myuy9tdfsbcn0:latest/val_probs_labels.table.json","path":"media/table/val_probs_labels_19_8a1747ce4e4edf34016b.table.json","ncols":2,"nrows":532},"train_loss":0.03151115288516363,"auc":0.9741980178422474,"val_total":532,"_step":19,"val_correct":487,"val_incorrect":45,"train_samples_used":2128,"val_accuracy":91.54135338345864,"specificity":0.9520295202600727,"val_loss":0.30131211922750534,"checkpoint_path":"Checkpoints/Hyperparametersuch-Gli-Men/glamorous-sweep-17/checkpoint_epoch_010.pt","_timestamp":1.7481042949786143e+09}