{"_timestamp":1.7472502279137878e+09,"_wandb":{"runtime":75},"_runtime":75.010444509,"_step":4,"epoch":5,"train_loss":0.26196955039957975,"val_loss":0.28296159621742034}