{"test_incorrect":104,"epoch":29,"_runtime":209.571392405,"auc":0.98145012223481,"train_loss":0.06315210213263829,"test_accuracy":89.7131552917903,"train_percent_used":0.2,"test_sensitivity":0.8778877887643913,"_wandb":{"runtime":209},"val_probs_labels":{"path":"media/table/val_probs_labels_28_a06ff1275f39c11448e1.table.json","ncols":2,"nrows":851,"_type":"table-file","sha256":"a06ff1275f39c11448e1f76876dfa35b33cba9658d6d295d67a1e0520d3781cd","size":22011,"artifact_path":"wandb-client-artifact://11qctoeifuaj3f8qdakx7ef9r57dhv3t6b3a3a4lf867agzjrb1wmwfuqjqguo4u8r4an94ecsal2w0l6no82o0law8rslz2gcp053gq83s90rzw2wliiyaawx97hdcs/val_probs_labels.table.json","_latest_artifact_path":"wandb-client-artifact://ifp3td5tehmcfp2jdy4ioxc190cccsk6xrld2cuvvxg2313qhcyb3csag21874te718gdo823qbkrftgwjxu81nlnl5jr9ldcr3srbopmwmylmutepxi6kuywalmum0t:latest/val_probs_labels.table.json"},"test_correct":907,"val_accuracy":93.88954171562868,"_timestamp":1.7497861858741987e+09,"specificity":0.9290322580345474,"_step":29,"sensitivity":0.9445471349178457,"test_specificity":0.9259259259030636,"train_samples_used":680,"test_total":1011,"test_auc":0.9562726643034674,"val_loss":0.22645615254129683}