{"val_loss":0.16563570366374084,"_step":25,"_runtime":270.766586874,"test_correct":927,"sensitivity":0.9642857142675886,"val_accuracy":97.2972972972973,"tumor_train":425,"test_auc":0.9670455934482337,"test_incorrect":84,"auc":0.9950031819360313,"_wandb":{"runtime":270},"specificity":0.9874608150160671,"test_specificity":0.9703703703464106,"epoch":25,"test_total":1011,"_timestamp":1.7498449293514404e+09,"train_samples_used":1701,"train_loss":0.01972423937903451,"test_sensitivity":0.8811881187973402,"test_accuracy":91.69139465875371,"no_tumor_train":1276,"val_probs_labels":{"ncols":2,"nrows":851,"_type":"table-file","sha256":"980b0187a478b98865b7e1580a0c9e974c1a3eedd0e5e64ca0365be23c61bda7","size":22180,"artifact_path":"wandb-client-artifact://8b1sdx62z7sd5v75603c0onq9vyemu4j6qr1gby6hdeii5n16bx6wmqy3qmripy3rmrb8e1y8lk7h976gxebko2ln5re2yjlxvl138mf60cfpgac9hbez3ni7ngiar9k/val_probs_labels.table.json","_latest_artifact_path":"wandb-client-artifact://zjmr075ymcce2f9qt7fymhppywo4yfp4w4tk4rm86dyo8ba8ozlp5bc53nlw89gwasldd3wccgcpeiu5f205pfifuc9lxpw74ljtri0oq7upxu57knh2s1vpdo8bsx9b:latest/val_probs_labels.table.json","path":"media/table/val_probs_labels_24_980b0187a478b98865b7.table.json"}}