{"val_total":532,"_step":53,"epoch":50,"_runtime":469.982898554,"auc":0.9506510582347202,"val_incorrect":69,"sensitivity":0.9693486589666916,"val_accuracy":87.03007518796993,"train_loss":0.2557864991181037,"train_samples_used":2128,"checkpoint_path":"Checkpoints/Hyperparametersuch-Gli-Men/sweepy-sweep-63/checkpoint_epoch_040.pt","val_loss":0.4354831377665202,"val_correct":463,"_timestamp":1.7481193303077552e+09,"_wandb":{"runtime":469},"specificity":0.7749077490488964,"val_probs_labels":{"ncols":2,"nrows":532,"_type":"table-file","sha256":"4afce03e3da2d604dc09c07837268014d63763c9bec8dc131c7d5a306e7b75f6","size":13186,"artifact_path":"wandb-client-artifact://txhhx4he2dkftpf4ddpwfwn4ai77rfdd5ge6o39jcis5dl9ihzk4kjciphshw9k7zntgeojrknveymznu77r32d51lmjaetj778ilpx3tb9uozsn0xm47x5wjw1qa44y/val_probs_labels.table.json","_latest_artifact_path":"wandb-client-artifact://2rl1yp7ff2mdd99tg03zooxbcxwm0qtg1vsied57ifwvdz3rgtrp2tmq0ipzaicu5ckuyj350kqdqnvchyjxqj9e14mjuotfhs8upvg0hp0t88lghxicdsy2kna2xb30:latest/val_probs_labels.table.json","path":"media/table/val_probs_labels_53_4afce03e3da2d604dc09.table.json"}}