{"train_loss":0.22207247962554297,"val_probs_labels":{"nrows":532,"_type":"table-file","sha256":"458b37da42241b3ee71cde2accf16fbb5097eeace61fb4e1816ce7d1fb94d226","size":13554,"artifact_path":"wandb-client-artifact://uhs6sk4c5x58l8s2j9zkrjswnsfxve0gzf42gfmuejwuw8g8yidp8wh1w5m6jiw0dn0q7i5ikdx8c7brzi6xifv4ho8335707rofja9mis4184i8myvy58ft5wu4y6u0/val_probs_labels.table.json","_latest_artifact_path":"wandb-client-artifact://g7p505tdf9ylv0gjd8o1kl5xzmvmyo5nq9yx2w4x8xlh6jvm1r2yvrfqxllee805egeh4znxsb3pf0kru33lzw84tvuz54qfmserppzxbkzoxnbnzom7hl2hf3lvwf0j:latest/val_probs_labels.table.json","path":"media/table/val_probs_labels_54_458b37da42241b3ee71c.table.json","ncols":2},"auc":0.924559245592456,"epoch":40,"val_incorrect":96,"val_accuracy":81.95488721804512,"specificity":0.8966789667565801,"val_correct":436,"val_loss":0.4186180830001831,"_step":54,"val_total":532,"_runtime":171.131794772,"sensitivity":0.7394636015042351,"train_samples_used":683,"best_model_path":"Checkpoints/Messungen-Gli-Men/trainsample_683/best_model.pt","_timestamp":1.7486845091504815e+09,"checkpoint_path":"Checkpoints/Messungen-Gli-Men/trainsample_683/checkpoint_epoch_030.pt","_wandb":{"runtime":171}}