{"train_percent_used":0.5,"_step":31,"test_specificity":0.9777777777536351,"_runtime":363.374609416,"test_auc":0.9769588069918103,"test_correct":940,"train_loss":0.03898362402937242,"sensitivity":0.9778188539560477,"_wandb":{"runtime":363},"val_loss":0.20620396626847132,"specificity":0.9032258064224765,"test_incorrect":71,"val_accuracy":95.06462984723855,"test_sensitivity":0.8976897689620843,"val_probs_labels":{"path":"media/table/val_probs_labels_30_368070abb09727286021.table.json","ncols":2,"nrows":851,"_type":"table-file","sha256":"368070abb0972728602110f91be20232a736fa5a0b841488eaed36e655807c32","size":21839,"artifact_path":"wandb-client-artifact://2dtmwgmc3z7lkp0syxll0ynved0autcq1ryq653tye8hlyzjdt8ijn4rnyr5n6naoe1t5uvfhrqdvbsemjt87j5gxh9xr8w1vo2vb388x46z4cogfxj5e5gpb0rd57wo/val_probs_labels.table.json","_latest_artifact_path":"wandb-client-artifact://9775lmliyz6x5zvubamcdk6hztu1buxmtc7sb0mpx7d8y7qi760xzoyjdtbmv27i5dpyzxvgu6w3a3sq5gnfbwxwaj6ebi72ku4w0f8x1pnfhg27xovobwgqf8tihs6e:latest/val_probs_labels.table.json"},"_timestamp":1.749807162828383e+09,"test_total":1011,"epoch":31,"auc":0.9855882177568422,"test_accuracy":92.97725024727993,"train_samples_used":1702}