{"train_loss":0.6636799313652684,"_timestamp":1.7480325143953927e+09,"_step":12,"val_accuracy":63.572267920094006,"sensitivity":0.9999999999815157,"val_probs_labels":{"artifact_path":"wandb-client-artifact://mk5tsqq2d6c0ymiq7i4vl2s16ajwjh438dfdk71j1p4t44xl3ulagq10necsg7iby9g91x9axypiboo4xca59fpdi772sowkjtp5qu3i6qis4sbjnz0d3mri6ecihubw/val_probs_labels.table.json","_latest_artifact_path":"wandb-client-artifact://j0tg1iho1yd7di6rdipnn669vijho2u92desh07ums3n5use41ed6x9z2hcsqnhelmjffttg8okqi4qscp2of19tv1pb64xpjkl9beyyl1l5opz4v95y9r4nzza4c3xf:latest/val_probs_labels.table.json","path":"media/table/val_probs_labels_12_6f68909447752781a461.table.json","ncols":2,"nrows":851,"_type":"table-file","sha256":"6f68909447752781a461ba5f1c066df95dc0bb5561526e9031f06d8d3bf6c5cf","size":21315},"epoch":12,"val_total":851,"val_incorrect":310,"val_correct":541,"specificity":0,"auc":0.5,"_runtime":161.58733399,"val_loss":0.6569229033258226,"checkpoint_path":"Checkpoints/Hyperparametersuch-noTu-T/swept-sweep-3/checkpoint_epoch_010.pt","train_samples_used":3404,"_wandb":{"runtime":161}}