{"test_incorrect":53,"no_tumor_train":1276,"_step":37,"test_sensitivity":0.9290429042750983,"_timestamp":1.7504241042381766e+09,"train_loss":0.04654022547252038,"test_correct":958,"auc":0.9952919131685012,"_runtime":474.114425482,"test_auc":0.9838609786904615,"test_specificity":0.9753086419512269,"val_probs_labels":{"artifact_path":"wandb-client-artifact://dt3b1g8tqogxi7pgxl7c7aauwpctcsu65tupjxhbn8nknmovc4z2qirzfq1q421nr9n5jt4abvcidlul9xcnyikdpfse39cun50fjp2z5gofnrg7iysvodx5no3hk8e4/val_probs_labels.table.json","_latest_artifact_path":"wandb-client-artifact://8xqamkwuk99iexc2705xyl733x0tnt2xt3jsltd2k2xl960zpdlm4z5bc8v4kzo0wdwkjmzu8ymwkxk6dreweqjtvikrd3jv4a26ce0de0nsggydd5bjhhbnwth6tli7:latest/val_probs_labels.table.json","path":"media/table/val_probs_labels_36_5f09a0fe1ce1fe7de150.table.json","ncols":2,"nrows":851,"_type":"table-file","sha256":"5f09a0fe1ce1fe7de150962a7ba2fba8ecefb43d4bd56c879e71551ecd94ea66","size":22104},"epoch":37,"test_accuracy":94.75766567754698,"_wandb":{"runtime":474},"train_samples_used":2127,"val_loss":0.08536704257130623,"tumor_train":851,"sensitivity":0.9793233082522683,"specificity":0.9905956112542132,"test_total":1011,"val_accuracy":98.35487661574618}