{"val_correct":834,"val_incorrect":17,"train_samples_used":3404,"_step":112,"best_model_path":"Checkpoints/Messungen-noTu-Tu/trainsample_3404/best_model.pt","val_probs_labels":{"path":"media/table/val_probs_labels_112_bf4cb2fa112f880dd919.table.json","ncols":2,"nrows":851,"_type":"table-file","sha256":"bf4cb2fa112f880dd9194789808d48fc348262786c688c72c4c028e5099970cd","size":20734,"artifact_path":"wandb-client-artifact://e2dnhwzc14v55kcyxzrz409eonkcrt7leajhdbopuxsplfdh2ym2xvzpy2rzbngnxxucgl1evtgn4434y56fjz1h2ig2hncq1b87izurglca7k0mhr53hbzlq4qfot78/val_probs_labels.table.json","_latest_artifact_path":"wandb-client-artifact://l9yxylgbm65olsszfo2q79nfaw61pmeeheybltkkwrqykceks6r1zbkvwybap8blluqz9qks5ff0ixji9e6xhh88fd108oungxmx03g2ew3tqca7f7061wpg9q15yn9r:latest/val_probs_labels.table.json"},"epoch":77,"_wandb":{"runtime":1051},"val_total":851,"train_loss":0.02847853320202342,"val_loss":0.07438395624714238,"checkpoint_path":"Checkpoints/Messungen-noTu-Tu/trainsample_3404/checkpoint_epoch_070.pt","_timestamp":1.7486408019642484e+09,"sensitivity":0.9741219962851364,"specificity":0.9903225806132154,"auc":0.997835549460378,"val_accuracy":98.00235017626322,"_runtime":1051.869374388}