{"train_samples_used":1021,"train_percent_used":0.3,"_wandb":{"runtime":222},"_timestamp":1.749769417957308e+09,"test_auc":0.9533268141628979,"sensitivity":0.9519408502596683,"test_specificity":0.8987654320765737,"test_incorrect":106,"_step":27,"epoch":27,"test_sensitivity":0.8927392739126611,"val_loss":0.20861252823046275,"test_correct":905,"auc":0.9805199451434022,"test_total":1011,"val_probs_labels":{"path":"media/table/val_probs_labels_26_81c1e88c3ee20399dc46.table.json","ncols":2,"nrows":851,"_type":"table-file","sha256":"81c1e88c3ee20399dc468fa3004fe082d56ecec01df08921f7db47f04918959e","size":22079,"artifact_path":"wandb-client-artifact://fimyka2gmbdj4e1f5bp1upopzfkkimwh7jz3kt3qbtgjx5s6jzywyncyum9qr9vu2r64ijlrtc5k6vyktwuu67j7rtud8dhrx2os6fi7058dbyyh8p7tz4ao0m5wy6hn/val_probs_labels.table.json","_latest_artifact_path":"wandb-client-artifact://q9zbou3oajh48lyt0ddjuv9gfg17jzapr77uuiunhap16xdn6t3y9y2cwdekqkd1z5zogqnh32ki6gltufwehzhaqmt2ydzbmg6f51xpl3y6n3yczj6sjj1pmgx8ozij:latest/val_probs_labels.table.json"},"train_loss":0.04882408049888909,"_runtime":222.680705725,"val_accuracy":94.5945945945946,"specificity":0.935483870937565,"test_accuracy":89.51533135509396}