{"_runtime":0.595463284,"_step":0,"_wandb":{"runtime":0},"test_accuracy":617.0212765957447,"test_correct":870,"test_incorrect":141,"test_total":141,"_timestamp":1.74725043140155e+09}