{"_step":28,"train_samples_used":2128,"epoch":27,"val_accuracy":93.23308270676691,"auc":0.9736112878370162,"val_correct":496,"checkpoint_path":"Checkpoints/Hyperparametersuch-Gli-Men/frosty-sweep-24/checkpoint_epoch_020.pt","sensitivity":0.946360153220446,"val_total":532,"_runtime":250.710403258,"specificity":0.9188191881579771,"_wandb":{"runtime":250},"val_loss":0.3306585706989555,"val_probs_labels":{"size":13179,"artifact_path":"wandb-client-artifact://y8eqc9k0kvddj07foxvvkxo8ilkh99gw7ngs1t9albeyc3eba6tex3dtm0tqloliu40ejxvlrbdqyuzxegii6lnl00zqioo0nllvgvjiw22qngyez8mjobeq61zzbxm9/val_probs_labels.table.json","_latest_artifact_path":"wandb-client-artifact://3kbnckz974etcxhcywji5ov17m7rqnht21xcozuqsz1ckkgzmh26kax6vjkhcc24h6w5amxjd5xlvi7thy7s7rbsjb71mzurgl2tvx09ibm23805gbqj5x34q5cbtx3k:latest/val_probs_labels.table.json","path":"media/table/val_probs_labels_28_64ccb972a9f5284cefce.table.json","ncols":2,"nrows":532,"_type":"table-file","sha256":"64ccb972a9f5284cefced96277c34800cd9a43fdc943eefe7776143a4751b3e3"},"val_incorrect":36,"_timestamp":1.7481059063072486e+09,"train_loss":0.020714713452441646}