{"_wandb":{"runtime":221},"epoch":31,"auc":0.9848399022121519,"_step":44,"val_probs_labels":{"sha256":"aa5cdb70886a95b3b08462ec6fbd6bc7245432e43e2428934041188e0691854e","size":22013,"artifact_path":"wandb-client-artifact://37iivwedewxwwjhkzcphqqptoszj9e0tv1pszf3qpzgaipn55urr2f66k0e15dug1qhw37livmb9ifgi94tfiqky2fb23z7jc3qifxti00b0hlvcsx9fnlt0z9v61rjo/val_probs_labels.table.json","_latest_artifact_path":"wandb-client-artifact://pkz0pd0ltvdpkgpqdj5tdbzntf0a4wepxagi7dmnfd01pue576quj1ut5pu5pfmehx06iljpathnfd0algegcq1ql898bvwjtmkgnxkzict9z6u8fpt09m0t7e5a11gk:latest/val_probs_labels.table.json","path":"media/table/val_probs_labels_44_aa5cdb70886a95b3b084.table.json","ncols":2,"nrows":851,"_type":"table-file"},"_runtime":221.563907569,"best_model_path":"Checkpoints/Messungen-noTu-Tu/trainsample_1362/best_model.pt","train_samples_used":1362,"val_correct":813,"checkpoint_path":"Checkpoints/Messungen-noTu-Tu/trainsample_1362/checkpoint_epoch_030.pt","_timestamp":1.7486459775622368e+09,"val_loss":0.19661949894257955,"val_accuracy":95.53466509988249,"sensitivity":0.9667282809433136,"val_incorrect":38,"train_loss":0.03651223501021212,"val_total":851,"specificity":0.935483870937565}