{"specificity":0.8634686346544845,"epoch":18,"val_incorrect":100,"val_total":532,"val_probs_labels":{"size":13605,"artifact_path":"wandb-client-artifact://holqheb5d4eeq0m9sltdnupm34g6cv8vr7fezll6uhimy8a4xpmo9nzea3afblxszq0rirhzscmentr9q9fuws2t289682clz1qksuzrxgnl7qahe6610jsv43nqw14w/val_probs_labels.table.json","_latest_artifact_path":"wandb-client-artifact://73eax1hpgso90833mnb2vlg8bwdggsgdenmucl7v9yzci1o86gijob15x4jtxd3j3eqoa4237upts8jm4o02l1k0w2faadp1cl9b85920tr8shj2jzi0ueorct7jesaw:latest/val_probs_labels.table.json","path":"media/table/val_probs_labels_24_8586a71ce73f2ee3d87a.table.json","ncols":2,"nrows":532,"_type":"table-file","sha256":"8586a71ce73f2ee3d87ab4aa517d726e8ae52266d1e30c2e508ce8e2c1c95b18"},"val_accuracy":81.203007518797,"checkpoint_path":"Checkpoints/Messung-Gli-Men/trainsample_231/checkpoint_epoch_010.pt","best_model_path":"Checkpoints/Messung-Gli-Men/trainsample_231/best_model.pt","sensitivity":0.7586206896261065,"auc":0.8786246483154487,"val_loss":0.5721296672435368,"_wandb":{"runtime":50},"val_correct":432,"_step":24,"train_samples_used":231,"train_loss":0.13576436713337897,"_runtime":50.96858856,"_timestamp":1.74846172535249e+09}