{"epoch":22,"_timestamp":1.7498260778227262e+09,"test_correct":928,"test_total":1011,"tumor_train":851,"no_tumor_train":1276,"val_loss":0.19595721044710704,"val_probs_labels":{"sha256":"6d3dc8328259268e0e83cfa01b7b45f9be82efcf314881ec5334e83f5b823384","size":22242,"artifact_path":"wandb-client-artifact://42ejeb8uvmxatzxfnyjk1x5afdek3uawvkzolctnb41tk7d87cfv063pg3w7ub4hvijfiq0b3blfdmox2cr41pgivbzu7655ob49n7hquf44nxwl63tdoini34s5uzou/val_probs_labels.table.json","_latest_artifact_path":"wandb-client-artifact://gn4bxdp4a6ahq7mj3905i4olvtnvlvxx4qg0cbmbpxefpwj88evlkp6ji0zgd7b9k885bcudbafzravnt5hq7k39i06s6b0vkogmt4o3xfjftas3x2hede3kdmavunew:latest/val_probs_labels.table.json","path":"media/table/val_probs_labels_21_6d3dc8328259268e0e83.table.json","ncols":2,"nrows":851,"_type":"table-file"},"test_auc":0.9749052683046082,"test_specificity":0.9679012345440025,"test_accuracy":91.79030662710188,"_step":22,"sensitivity":0.9548872180271638,"auc":0.9904070521130413,"train_samples_used":2127,"test_sensitivity":0.884488448830289,"specificity":0.9968652037305058,"train_loss":0.060932939981713015,"_runtime":270.6386696,"test_incorrect":83,"_wandb":{"runtime":270},"val_accuracy":97.06227967097533}