{"_timestamp":1.7480321117342455e+09,"specificity":0.9838709677101977,"sensitivity":0.9759704251205921,"val_correct":833,"_wandb":{"runtime":458},"val_incorrect":18,"val_accuracy":97.88484136310224,"epoch":33,"val_total":851,"_runtime":458.846721242,"val_probs_labels":{"_latest_artifact_path":"wandb-client-artifact://zda00z4seo5qxizphaqi4gz76ct84pwhfeekc5zfdsyilqv934gr74icnmzfuzld8s7xk5bkax9c2k54am1c8t2k0c2udslaexk3pry4ztj756et0nubwt7c00df54f7:latest/val_probs_labels.table.json","path":"media/table/val_probs_labels_35_2ac14de94d009a313144.table.json","ncols":2,"nrows":851,"_type":"table-file","sha256":"2ac14de94d009a313144687c9402f4cf58ca45f2500eec14d3be289519198cc1","size":21682,"artifact_path":"wandb-client-artifact://iq0n7kbsv0t5nlemezdmjjs7s3vpld402ehurx8lfh7n4n4nyu3kl2csb7ixmttnvlsq6k7o5uvrinq29slzpefzb0n25lppaajxlf6pothmnvq71hoytyshmr0zuq09/val_probs_labels.table.json"},"train_samples_used":3404,"val_loss":0.07600676696098095,"auc":0.9973167968517083,"_step":35,"train_loss":0.014662489221836309,"checkpoint_path":"Checkpoints/Hyperparametersuch-noTu-T/young-sweep-1/checkpoint_epoch_030.pt"}