{"auc":0.9650506849896084,"checkpoint_path":"Checkpoints/Hyperparametersuch-Gli-Men/leafy-sweep-94/checkpoint_epoch_030.pt","train_samples_used":2128,"_timestamp":1.7481339115818653e+09,"val_accuracy":91.9172932330827,"val_correct":489,"epoch":33,"specificity":0.9409594095593742,"val_probs_labels":{"_type":"table-file","sha256":"0a1645cced9d7383f3f80fd55c2481825530718a2651ea0ed73bf95c664afa0f","size":13402,"artifact_path":"wandb-client-artifact://o4mfwbuoeevzuiutyrjvtcgwob90jjntfathrxc4rd5gzhc90urmkr129olmdesnzpr55qxt0w92vrgueyyjwjwt13q1f1c48fstgla8dv3m66w3yxwaga8l321a30c6/val_probs_labels.table.json","_latest_artifact_path":"wandb-client-artifact://ouodw21gtslqha1d0je4y5wrjesm59n7bnitk0wpgglkj2g99frkcyq4i7hox1fxpfyqph9afts0ytp7a14qojr1re4tiab6g2k5vq5afaxkmby49trb5ntfs1n4mgau:latest/val_probs_labels.table.json","path":"media/table/val_probs_labels_35_0a1645cced9d7383f3f8.table.json","ncols":2,"nrows":532},"sensitivity":0.8965517241035804,"_wandb":{"runtime":315},"val_loss":0.42991213500499725,"val_total":532,"_runtime":315.253926148,"train_loss":0.03233313505702159,"_step":35,"val_incorrect":43}