{"checkpoint_path":"Checkpoints/Messung-noTu-Tu/trainsample_2723/checkpoint_epoch_020.pt","val_incorrect":30,"train_samples_used":2723,"train_loss":0.036857489877465094,"val_probs_labels":{"_latest_artifact_path":"wandb-client-artifact://bq88swbubkh2qrerrumhqli3wiymlb10wa7ktauxz99rjcrhpmfsazxnxigb8jdk6pxsao33m4tp1wt3279bplc6ezd24nafms34ng58r73hc59njhhms6a2q5w26n6l:latest/val_probs_labels.table.json","path":"media/table/val_probs_labels_34_58c14fcf14f0a9a3295c.table.json","ncols":2,"nrows":851,"_type":"table-file","sha256":"58c14fcf14f0a9a3295c97634b46b1beda8d465b756a476de1ccbdeb176ecb19","size":22033,"artifact_path":"wandb-client-artifact://9dpvtr5agywufoqd7nfuh4156tpmqv1fo9x9r9fz7vaqdi765e8m47p4l96xkk392kh9yptf107gpvribbw07qh2rbmvu3vbelc1zc191rpv82aqb6x5emryllftn9tc/val_probs_labels.table.json"},"epoch":24,"specificity":0.9483870967436004,"_timestamp":1.7484651861645565e+09,"_runtime":276.245312724,"_wandb":{"runtime":276},"val_loss":0.14992049655744008,"val_accuracy":96.4747356051704,"val_correct":821,"_step":34,"val_total":851,"sensitivity":0.9741219962851364,"auc":0.9912169816945918,"best_model_path":"Checkpoints/Messung-noTu-Tu/trainsample_2723/best_model.pt"}