{"val_probs_labels":{"_type":"table-file","sha256":"65f899a25b9722db17d977ef98beabce2f335b47f4ad853543e6d63cb2140f09","size":22115,"artifact_path":"wandb-client-artifact://tkk70s6313xn26p8exk19jg980n8ribxl4hazwnm7xtpb4dwpqjhhcu8cfszidvxmg7o9y12irs9c0zlwwvsbka6d4mi4o4b8ujnr7ni9ltpsjgv58i92z27r8jkdt4t/val_probs_labels.table.json","_latest_artifact_path":"wandb-client-artifact://xzctzt3ohh1hzivx6y1z7b1xknrlz8ev16y1z58jsx5eokdffy6t374vntjq73ciwt4evw081dehhi5ke475vpjpyvwrhko1nw6pm1ezqmf6lqva7qu8957gkxq90up9:latest/val_probs_labels.table.json","path":"media/table/val_probs_labels_26_65f899a25b9722db17d9.table.json","ncols":2,"nrows":851},"test_specificity":0.9728395061488188,"test_total":1011,"test_accuracy":95.84569732937686,"specificity":0.9717868338253358,"val_accuracy":97.76733254994124,"test_incorrect":42,"_step":27,"train_samples_used":2978,"test_auc":0.9887055372203887,"auc":0.9949913969877671,"_timestamp":1.7498518651381729e+09,"epoch":27,"test_sensitivity":0.9488448844727914,"tumor_train":1702,"no_tumor_train":1276,"sensitivity":0.9812030075003533,"test_correct":969,"_runtime":497.647833515,"val_loss":0.09341086819767952,"_wandb":{"runtime":497},"train_loss":0.050019668492799006}