{"_step":33,"auc":0.9954028143381756,"test_sensitivity":0.9653465346375355,"epoch":33,"test_accuracy":96.53808110781405,"test_incorrect":35,"specificity":0.9487179487082182,"_timestamp":1.7494834953502276e+09,"train_samples_used":5106,"test_specificity":0.9654320987415943,"_runtime":1433.448823975,"val_loss":0.1251953074708581,"val_probs_labels":{"path":"media/table/val_probs_labels_32_ec9587dd6db9981a6ae2.table.json","ncols":2,"nrows":2553,"_type":"table-file","sha256":"ec9587dd6db9981a6ae244c709583a1c739c03d83af453f074f36809bc53c657","size":56261,"artifact_path":"wandb-client-artifact://hoy4srwts81zwqte8dcfk04qvq4vld4ssjsiyhtbib7zcedlt62xgvn360tj7vcgakhg7hnuj41m6xnkcjr2wgfr2ejzaozem82zmh9ypqe5h498uur1rtxlm0cmfgd9/val_probs_labels.table.json","_latest_artifact_path":"wandb-client-artifact://l8kyowmxr8uctnvrhkz2kxbthppqtysour05vhov2jm55s1323z24xtr0fhwpluxrdgdl5ri2dogabd2w7kkx2zr03ryd0dyxrhb1iusocr7hdo3mxfao7fqpvtpj14i:latest/val_probs_labels.table.json"},"sensitivity":0.9866920152028728,"test_correct":976,"test_total":1011,"train_loss":0.033105944388080386,"train_percent_used":0.5,"test_auc":0.9909342786130464,"val_accuracy":97.21895808852331,"_wandb":{"runtime":1433}}