{"auc":0.9657717266827841,"_timestamp":1.7481263778734744e+09,"val_correct":476,"_step":39,"_runtime":353.027646043,"train_loss":0.13624505611026988,"val_accuracy":89.47368421052632,"val_probs_labels":{"artifact_path":"wandb-client-artifact://ywjuvpiujei4dbrbg8edcs2tjabga570di6l8z2iaf7f8izcgnyct7gmt6y0as6aamj3x9mdld5sn7xzdusk7d6t14gcnizu8illrrhzzxlysosy9jfxoti7gb0lhf9a/val_probs_labels.table.json","_latest_artifact_path":"wandb-client-artifact://z36c7i6tba2pcr7pr92au2w74t1mlnt6zn8lpfp60uomm9dlz8jznxg2ta3yi9s1n6n6ke7yhe01h8kdaz67lbebr9026c29rt6s1wdet7mk6ijfpnpus15ztmeg14xs:latest/val_probs_labels.table.json","path":"media/table/val_probs_labels_39_52d2363f50d1ed25c66b.table.json","ncols":2,"nrows":532,"_type":"table-file","sha256":"52d2363f50d1ed25c66b2f62cb4d7489a64e49abc1311fcd57423bc7f6e81d79","size":13459},"checkpoint_path":"Checkpoints/Hyperparametersuch-Gli-Men/silver-sweep-80/checkpoint_epoch_030.pt","epoch":37,"val_incorrect":56,"val_total":532,"train_samples_used":2128,"_wandb":{"runtime":353},"specificity":0.8154981549514576,"val_loss":0.40637641251087187,"sensitivity":0.9770114942154401}