{"train_loss":0.06556094127396743,"specificity":0.944649446459607,"_wandb":{"runtime":381},"_runtime":381.705684725,"checkpoint_path":"Checkpoints/Messungen-Gli-Men/trainsample_1490/checkpoint_epoch_050.pt","train_samples_used":1490,"_step":76,"_timestamp":1.7486865297046976e+09,"sensitivity":0.9157088122254518,"val_loss":0.24441353380680084,"auc":0.9763045906321132,"val_incorrect":37,"epoch":54,"best_model_path":"Checkpoints/Messungen-Gli-Men/trainsample_1490/best_model.pt","val_accuracy":93.04511278195488,"val_correct":495,"val_total":532,"val_probs_labels":{"size":13795,"artifact_path":"wandb-client-artifact://meevobnadthy3ln9ejlx09aqmsqvo3zos58y1ccv3tjy80d02r6qtbu2r9uab92bcsepadwhq38xi3ayxen71cs43wo73fxecsafzn4u3u2e7smw7jzwf9t6d5exm7o8/val_probs_labels.table.json","_latest_artifact_path":"wandb-client-artifact://vylfe9iqgqnj6s11wtlr547b744ft45xpoi3uwpjzt05gmzfihbblws01oy3yxi6ujighndk92bgx5me7issyuib13blg9f8vklk62d63rtceew4ih7uca9dmrkn8hut:latest/val_probs_labels.table.json","path":"media/table/val_probs_labels_76_f0d1bf69b8a8a322b81f.table.json","ncols":2,"nrows":532,"_type":"table-file","sha256":"f0d1bf69b8a8a322b81fc3fa4b675f99f0545987224d7968ecd4e6d4c501c88e"}}