{"val_correct":814,"best_model_path":"Checkpoints/Messungen-noTu-Tu/trainsample_1362/best_model.pt","_wandb":{"runtime":186},"specificity":0.9387096773890738,"checkpoint_path":"Checkpoints/Messungen-noTu-Tu/trainsample_1362/checkpoint_epoch_020.pt","val_total":851,"_step":38,"train_samples_used":1362,"auc":0.9862649812175779,"_timestamp":1.7485597853591714e+09,"val_accuracy":95.65217391304348,"train_loss":0.06094019284302538,"val_incorrect":37,"sensitivity":0.9667282809433136,"_runtime":186.191233532,"val_loss":0.16490155990634645,"epoch":26,"val_probs_labels":{"ncols":2,"nrows":851,"_type":"table-file","sha256":"8cda3f5ef9d86e1fa75ba7120bf288465b0f8e62633781c6eb1b1614953c8f27","size":22078,"artifact_path":"wandb-client-artifact://0ufge060lplb8i58vqw1tp4bwv5xbe1tzozz6pl6rihrcfeilufpeky5v9q5o5zunqcrcu77rgzpkv3c1a8dfgsx3nr0rvprxv9vra34r0o4xuhgkb10aml69wxbklak/val_probs_labels.table.json","_latest_artifact_path":"wandb-client-artifact://vpm2vom6b9cwty9q7ni6tsi8yjd5ekbdgmssr816ksbdtszxr13c004l2eyriuqb2l7pec7tvhcjodfsxtqqg9vr6tz6d061g59olq910w8mp8bmzcu5jkl741a096lm:latest/val_probs_labels.table.json","path":"media/table/val_probs_labels_38_8cda3f5ef9d86e1fa75b.table.json"}}