{"val_probs_labels":{"nrows":851,"_type":"table-file","sha256":"7e0ea70146138a2eb529796ecdb4921901826b57e4327189c4a22ff79c165a65","size":22115,"artifact_path":"wandb-client-artifact://wnp74sssldunfjg20c6h3tg4rke7ud6qu5ha55rqcl7b3j20m92fmvjf16g2g8hqm39g4pbvw0lndkgk5rv5bo3k7revrvny37dlqkhmjqhsv1cplw4x4ez4ccb5v3qu/val_probs_labels.table.json","_latest_artifact_path":"wandb-client-artifact://17aehfh4ityw1lm732kvpfrgsn68o54g9jzev5qgtfuhqxo5o4ikc2bg62nh047msjvmxe4dtnehuitogz9k9dn6l7rjmy4ki8mmkho1strb4umfpqby100gsqewsi6q:latest/val_probs_labels.table.json","path":"media/table/val_probs_labels_47_7e0ea70146138a2eb529.table.json","ncols":2},"tumor_train":1276,"train_samples_used":2552,"test_accuracy":95.15331355093967,"_step":48,"_wandb":{"runtime":711},"epoch":48,"test_sensitivity":0.9372937293574704,"auc":0.9926226223866877,"val_loss":0.10147216636687517,"test_auc":0.9894104225237339,"_timestamp":1.750447929200731e+09,"test_incorrect":49,"train_loss":0.042284780694171784,"val_accuracy":97.53231492361927,"_runtime":711.496636543,"test_total":1011,"test_correct":962,"sensitivity":0.9680451127637585,"no_tumor_train":1276,"test_specificity":0.9728395061488188,"specificity":0.9874608150160671}