{"epoch":31,"test_correct":981,"specificity":0.9630769230670454,"val_accuracy":97.2972972972973,"test_incorrect":30,"test_sensitivity":0.9603960395881123,"train_samples_used":7148,"_step":31,"train_percent_used":0.7,"sensitivity":0.9790874524652784,"_timestamp":1.7494634020747275e+09,"test_total":1011,"test_accuracy":97.03264094955489,"_runtime":1292.228374431,"_wandb":{"runtime":1292},"test_specificity":0.9851851851608596,"auc":0.9949712391537486,"val_loss":0.09442262509837747,"val_probs_labels":{"path":"media/table/val_probs_labels_30_3dc49444555f7426e434.table.json","ncols":2,"nrows":2553,"_type":"table-file","sha256":"3dc49444555f7426e434f8e03930a43225667d9a3a54c41b12b55e77c44b0c09","size":66548,"artifact_path":"wandb-client-artifact://yzlfrnske6k4zs2nxrg25rrsuawi1ucs7npjb9wgx5n5ww2cbz18k11gp3n7858j4dxy2r6krdg60vy4ggy8mj5wzkzey9l226iuqxh1guu2dvvzmjeg9mlh5l4ourk8/val_probs_labels.table.json","_latest_artifact_path":"wandb-client-artifact://wdu564137gyijjvvao6nyr6syp05h16dp07lv4o7vebagt1h72k83ke6j9hegtusqxoj62iy2a6wdw0oq3gps7tob1adsfgqhzmkyz8tw93hn46iodhevitju6nordx0:latest/val_probs_labels.table.json"},"train_loss":0.05222211783153138,"test_auc":0.9942998003504055}