{"_step":30,"val_correct":826,"specificity":0.9580645160981269,"_runtime":410.594066838,"train_samples_used":3404,"sensitivity":0.9778188539560477,"auc":0.996410470454952,"epoch":29,"val_accuracy":97.06227967097533,"_timestamp":1.7480850048035526e+09,"val_loss":0.10557332049523081,"checkpoint_path":"Checkpoints/Hyperparametersuch-noTu-T/vocal-sweep-81/checkpoint_epoch_020.pt","_wandb":{"runtime":410},"val_probs_labels":{"sha256":"b2462b1467ec5eee23b79560c68da8370abfacaa58a757acfec87090a009daef","size":20454,"artifact_path":"wandb-client-artifact://zl5n2ydkcxter6p30nx8310xmlu0pb4tbk44qtkzhqm3rwwz0zl5r9ob2drt6eij27egd99dww15bmahk5tshl5kmdzn15rqdd5e9fji0wzna3r26xr0i2cjpaolt7gn/val_probs_labels.table.json","_latest_artifact_path":"wandb-client-artifact://dobxgry6xdi3hkamyhay2muf6b23fspn5pob9lpcm9mz3f6z69zgj0lcc7jriqbjuw0b2pudgw9itkgzt0oylz7t2drh2m03x33q2flhfz91f13jha52syi5nrxhg9i7:latest/val_probs_labels.table.json","path":"media/table/val_probs_labels_30_b2462b1467ec5eee23b7.table.json","ncols":2,"nrows":851,"_type":"table-file"},"train_loss":0.011949579195869673,"val_incorrect":25,"val_total":851}