{"_step":36,"no_tumor_train":1276,"test_sensitivity":0.9405940593904192,"sensitivity":0.9680451127637585,"test_total":1011,"test_correct":961,"_runtime":461.180776288,"test_accuracy":95.0544015825915,"val_loss":0.11919777680720602,"specificity":0.9843260187779208,"_timestamp":1.7504534357256346e+09,"val_probs_labels":{"nrows":851,"_type":"table-file","sha256":"5c4c4b3a9333cd712e12eaddfb476d5c99b77acf4d7ec6f89f5ad70b8bdf0f97","size":22088,"artifact_path":"wandb-client-artifact://qw4t2eswga5chwdyfjv04nlfyan9mwcjvpmwy1hwlca8fitof5ag4pc7p1fetwww05gzxu6zvabz1ysyjrc1yzb5iojk3wlbn7r5b3l6bp0d4e4i0t9n9qvdt7r1u7ol/val_probs_labels.table.json","_latest_artifact_path":"wandb-client-artifact://3c8fxf1odvrsooxsrll5if0kk2ha77i5c20acsjlip3zd9cpjihstkbermljsayrrfxvznnsuudn34thxc7maepmnr9o90awmolfma76cpelpmqcmif2k1q2cz2pbrm7:latest/val_probs_labels.table.json","path":"media/table/val_probs_labels_35_5c4c4b3a9333cd712e12.table.json","ncols":2},"auc":0.9946673109105051,"train_loss":0.03298274055123329,"test_incorrect":50,"tumor_train":851,"val_accuracy":97.41480611045829,"train_samples_used":2127,"test_specificity":0.9654320987415943,"epoch":36,"_wandb":{"runtime":461},"test_auc":0.9831764657947277}