{"_timestamp":1.7472269954219754e+09,"_runtime":240.015781451,"_step":4,"epoch":5,"train_loss":0.4470021585437739,"_wandb":{"runtime":240},"val_loss":0.4594166709317101}