{"test_specificity":0.948148148124737,"train_samples_used":2340,"no_tumor_train":1276,"test_accuracy":94.75766567754698,"epoch":31,"auc":0.9963230961416079,"_timestamp":1.7504190091168315e+09,"_runtime":436.91463433,"_step":31,"test_incorrect":53,"tumor_train":1064,"val_accuracy":97.88484136310224,"test_auc":0.9856170802265412,"sensitivity":0.9774436090041834,"test_total":1011,"val_probs_labels":{"ncols":2,"nrows":851,"_type":"table-file","sha256":"0fbd4bcb69ed1bafa05f3f3251fb75bd66b42787cc6c79948bae76322952ab22","size":22003,"artifact_path":"wandb-client-artifact://68uspesda0kn5al5tzk55gubiht7ul6hpka5on33q3lwj7etqtntfevthdv50sigejrc0jwqriul1ds6nugtb2ozhe1x263nmosp8mptqg6gmy4hp2mdll8svtmfpk2i/val_probs_labels.table.json","_latest_artifact_path":"wandb-client-artifact://k79jblj8oeqr5apy2sb43nryu9hqmpx7c932bbkvnq9sq15zj377p067981cmt9sy7ew4fy9v5omh129gxj657sx51qn14o78tqxjbv1mx9u0yejn70ww2ae8i2unvsh:latest/val_probs_labels.table.json","path":"media/table/val_probs_labels_30_0fbd4bcb69ed1bafa05f.table.json"},"test_correct":958,"specificity":0.9811912225397745,"val_loss":0.08755551957126174,"test_sensitivity":0.947194719456317,"_wandb":{"runtime":436},"train_loss":0.04714982740973171}