{"test_sensitivity":0.9785478547693309,"test_correct":995,"specificity":0.9780564263016283,"test_auc":0.9939005011612273,"_timestamp":1.750454841128073e+09,"_wandb":{"runtime":627},"auc":0.9955747519268391,"test_total":1011,"_step":31,"sensitivity":0.9906015037407782,"val_accuracy":98.58989424206815,"test_incorrect":16,"val_loss":0.07426693503345762,"test_accuracy":98.41740850642928,"train_samples_used":3404,"val_probs_labels":{"nrows":851,"_type":"table-file","sha256":"c17a87ebe82da7c83733160a419e3d50a6fb12a6cd690454a245934f8ecda508","size":21262,"artifact_path":"wandb-client-artifact://kz1m77f6xycd7pgseq0ik6zpmi1rupyeyn68u8klc8w2eng0fkr36tjjou5gbw16tc70bstlhe2m4vbqr2irzqrorrqxz7spgmpj35ox2l0u2tjp2z19tra837ztopo1/val_probs_labels.table.json","_latest_artifact_path":"wandb-client-artifact://en191qesmv6nu1sv7ddmb8wx682c536ufct92u58vwoikh7dx4zx0hzz0comnobz9vjqa871de5myittvim7v62ytj1nk6dr0oglkcfg3ppq7f1iwe52pau1wrddph19:latest/val_probs_labels.table.json","path":"media/table/val_probs_labels_30_c17a87ebe82da7c83733.table.json","ncols":2},"epoch":31,"no_tumor_train":1276,"_runtime":627.981496759,"train_loss":0.03403729803135826,"tumor_train":2128,"test_specificity":0.9925925925680841}