{"val_correct":488,"epoch":26,"_runtime":246.367886596,"train_samples_used":2128,"specificity":0.8966789667565801,"auc":0.9699000438280245,"sensitivity":0.9386973179716974,"val_total":532,"train_loss":0.07580556156223311,"val_loss":0.28419775288138127,"val_incorrect":44,"checkpoint_path":"Checkpoints/Hyperparametersuch-Gli-Men/gallant-sweep-64/checkpoint_epoch_020.pt","_timestamp":1.7481195853701031e+09,"val_accuracy":91.72932330827066,"val_probs_labels":{"ncols":2,"nrows":532,"_type":"table-file","sha256":"c25d5dacdbd316b26d9858bad177b6ceb13a8b266c5d9dfeec5bd750b97e7903","size":13612,"artifact_path":"wandb-client-artifact://v6knaqqu4ql9xu1mnn0twwprzc9gc0exjnxedbl9vf8b2me7cklwuuh5oxdq1nb4w6etzhldf6jrnigs1ldgrunn8pusqut9eade7rfulubczyzmxz59xsyheeh2r0qy/val_probs_labels.table.json","_latest_artifact_path":"wandb-client-artifact://7jc0awhudh3o51dq7e70bj5g0vyxloax8sgbve72dkmfenh0irpuhum105w7vsl1lk9k5rohe3ufmileep8bi57edhzp79liovyi5vy7mmvcz2675a04olwh23qz7nu4:latest/val_probs_labels.table.json","path":"media/table/val_probs_labels_27_c25d5dacdbd316b26d98.table.json"},"_wandb":{"runtime":246},"_step":27}