{"test_incorrect":37,"val_accuracy":98.00235017626322,"val_probs_labels":{"size":22114,"artifact_path":"wandb-client-artifact://5bne9d6jbl334lyx5u5s2crr6cfgy6if8tfbrhzfovjo5oaq3hk0phyqqp8ixfcgkfjpulkh52ieedbng7sbpp0ujs0uc8f3loil55qeeoyrc0tnbr6ajwsjsr596ksh/val_probs_labels.table.json","_latest_artifact_path":"wandb-client-artifact://elsrms5jauf2xgmblf98b1o2wvt7d8549bc4pdbtkgg4slccz4sanw03tg4yu5q524qxpyhah9u8vinktusm1zpyne6ntwi12jqnvbb9tz18tz0vqnjpynqab008mocv:latest/val_probs_labels.table.json","path":"media/table/val_probs_labels_34_e7c4bdd2d16f909ba911.table.json","ncols":2,"nrows":851,"_type":"table-file","sha256":"e7c4bdd2d16f909ba91105de01fe3e8f3ba8baba8cb1401b79ac16c4b2e48b54"},"_timestamp":1.750433151173416e+09,"test_sensitivity":0.9537953795222146,"test_total":1011,"auc":0.9940603860749051,"epoch":35,"test_correct":974,"sensitivity":0.9736842105080135,"_runtime":564.034145274,"test_auc":0.9902945850140569,"test_specificity":0.9777777777536351,"no_tumor_train":1276,"train_samples_used":2765,"specificity":0.9905956112542132,"val_loss":0.1234297938644886,"train_loss":0.026697945537638258,"tumor_train":1489,"_step":35,"_wandb":{"runtime":564},"test_accuracy":96.3402571711177}