{"test_correct":975,"test_total":1011,"train_loss":0.03825250316411257,"test_incorrect":36,"_step":45,"val_probs_labels":{"artifact_path":"wandb-client-artifact://i6w54fhp9jl2npuol8qleyx3ts5t8mivxq7cg45hk3j34lvd933r8q7vhye5qr1oyjumexiqhf3ezvq24z7nrqqbm0peg8ztktbfyuzqbfgvgzcdzwzn2eak9qi4uzfv/val_probs_labels.table.json","_latest_artifact_path":"wandb-client-artifact://40cps4o63o4pndttn77r6bx78kj63eoh607q0ajz5cwnmet1dgqnzrpp6e3gzlyqhsptso5g0vbte3j5et39dj4ug2qd614efyuxf8b9yu82vuq7acyu8gp6a3nfbfbe:latest/val_probs_labels.table.json","path":"media/table/val_probs_labels_44_824ce369fae8578873b5.table.json","ncols":2,"nrows":851,"_type":"table-file","sha256":"824ce369fae8578873b5508bd97f59a2eff075985013629d700a634556f4aa34","size":22041},"auc":0.9966059348999459,"_runtime":875.820632444,"sensitivity":0.9699248120118436,"train_samples_used":3191,"epoch":45,"specificity":0.9905956112542132,"_wandb":{"runtime":875},"val_loss":0.07339104451239109,"no_tumor_train":1276,"_timestamp":1.7498513639954925e+09,"val_accuracy":97.76733254994124,"test_sensitivity":0.9455445544398425,"test_specificity":0.9925925925680841,"tumor_train":1915,"test_auc":0.9898708389357455,"test_accuracy":96.43916913946587}