{"val_loss":0.2038435898721218,"train_loss":0.07308863336220384,"epoch":38,"val_probs_labels":{"size":65948,"artifact_path":"wandb-client-artifact://d2y25mm586w9jjodqjt6k6d2c8zwwuc9ys85bej0ddbec9wjbjo1bdlrd9k5eltca3ctninkrnmuy3nhdh35pk0blk0qmh7xg5xkcz1teuy52ggw2renowfgyg89az0d/val_probs_labels.table.json","_latest_artifact_path":"wandb-client-artifact://l75uzzo24xok4qcd970i2lkfal7bfn1ecbjmj084detiaspves0mdy6to7th7dt2qbfrlsqt0e6ebt4pd89cgg0nv3c01n5n9gu124ten16kd8s75v4vimrvb2e5p7qj:latest/val_probs_labels.table.json","path":"media/table/val_probs_labels_37_b21be7881c2d7b4e2099.table.json","ncols":2,"nrows":2553,"_type":"table-file","sha256":"b21be7881c2d7b4e2099306bd9d19d2fc62400b8d8e7553211b3c1c178f12b67"},"test_correct":925,"specificity":0.9415384615288047,"val_accuracy":95.53466509988249,"_timestamp":1.7493576871543112e+09,"test_total":1011,"_wandb":{"runtime":698},"train_samples_used":1021,"test_sensitivity":0.9125412541103541,"train_percent_used":0.1,"test_incorrect":86,"_step":38,"test_specificity":0.918518518495839,"_runtime":698.671311091,"test_accuracy":91.49357072205737,"sensitivity":0.9638783269900896,"test_auc":0.9673511795624007,"auc":0.9868967534366775}