{"_runtime":422.414555816,"sensitivity":0.953789279095124,"specificity":0.9870967741617065,"auc":0.9948959513445829,"val_probs_labels":{"nrows":851,"_type":"table-file","sha256":"c99cdf77b2b5f9d7381587d9bcc3c1dbb8c6fc17d082d9b901771e48cdaf0852","size":21876,"artifact_path":"wandb-client-artifact://nbmnjx6p2zuj5u0uji1kchkftxe9yaj8begfc58fgcriep5wic4ejbhtq4h26z4k2p7pybu95gyeawfai04ewqb9w7dfjetbmmf0zoaqf126dhkuyq3xni98squioeh4/val_probs_labels.table.json","_latest_artifact_path":"wandb-client-artifact://dn3fnuex1mhp5n5xd44ykzzmtywa8obla59zyumif95rlfbjfxkszeohpffrsjup8e8f5xh5hez88psw2rvtyf8ea7bv4tcjh2u3qpzbfbtmdhvsi9tgrq4zvos1mg8m:latest/val_probs_labels.table.json","path":"media/table/val_probs_labels_33_c99cdf77b2b5f9d73815.table.json","ncols":2},"train_samples_used":3404,"val_incorrect":29,"val_accuracy":96.59224441833138,"_timestamp":1.7480378333931048e+09,"_step":33,"checkpoint_path":"Checkpoints/Hyperparametersuch-noTu-T/astral-sweep-21/checkpoint_epoch_030.pt","val_total":851,"val_correct":822,"train_loss":0.0066141379866508565,"_wandb":{"runtime":422},"val_loss":0.1742203980055887,"epoch":31}