{"no_tumor_train":1276,"auc":0.9971775048907536,"sensitivity":0.9718045112599285,"_step":36,"_runtime":629.030476984,"test_auc":0.9936519577883715,"test_accuracy":96.24134520276954,"tumor_train":1915,"specificity":0.9905956112542132,"_timestamp":1.7504554744054027e+09,"val_probs_labels":{"size":22095,"artifact_path":"wandb-client-artifact://w7z2z10erfutq6bn9mlyde3tqgl5mf0ngll8p36u30dpwzn7blfbn958zo61od5zd8bo3v3n69vr2khqsbsdj5692pcqt5sw9xdvlljkr4efdn3xfzy63jl9r6oeprxh/val_probs_labels.table.json","_latest_artifact_path":"wandb-client-artifact://ldu83is4go2vw9f9evpz537tovuu3k7oq4mianwvstev63kahqysnrba01fp50cvznu6xaz4g330km6zwsgbu5l6bxnrxdsel2e67x02cr7vix1l8w043gp90r4xzy2l:latest/val_probs_labels.table.json","path":"media/table/val_probs_labels_35_81d23da1dbbc302da142.table.json","ncols":2,"nrows":851,"_type":"table-file","sha256":"81d23da1dbbc302da14278eba65f27cfa9073b1dae80d162412c6730ce37df33"},"val_accuracy":97.88484136310224,"test_total":1011,"epoch":36,"test_incorrect":38,"_wandb":{"runtime":629},"test_specificity":0.9901234567656759,"test_correct":973,"val_loss":0.07508029668991055,"test_sensitivity":0.9438943894233681,"train_loss":0.04291735364124179,"train_samples_used":3191}