{"epoch":28,"test_correct":961,"test_auc":0.9892800391150226,"_step":28,"auc":0.9944506190894022,"specificity":0.980512820502764,"val_accuracy":96.4355660007834,"train_samples_used":5106,"test_accuracy":95.0544015825915,"test_sensitivity":0.9521452145057402,"test_specificity":0.948148148124737,"train_percent_used":0.5,"_runtime":1263.240535013,"_wandb":{"runtime":1263},"test_total":1011,"test_incorrect":50,"sensitivity":0.9543726235680966,"train_loss":0.033165455528069286,"_timestamp":1.749353410671153e+09,"val_probs_labels":{"nrows":2553,"_type":"table-file","sha256":"d5bfa8052ee74c23337515e418d327f6f5a41c857805105334368c11aa3d81d9","size":66446,"artifact_path":"wandb-client-artifact://vjg9ecjnqo671pif4dqpxla84p2qyjzj2dcl6hd7i2rly7q1mn77t6gt841td35btby8yh1kv08chqpo6te2w41vfb25vlojoapce9a1i2t7s11hv9i6bpgkicvgw96z/val_probs_labels.table.json","_latest_artifact_path":"wandb-client-artifact://w2ab527oki2eoh7pbiwsuqf65ofo2v0xc3s6fg176upiqbk0dj6pa5ka1s1e04jyl4727ldcdm848dw8r71ml488h1dsieu39nug9wzdzdzrrj5vxphxc1moqyzve993:latest/val_probs_labels.table.json","path":"media/table/val_probs_labels_27_d5bfa8052ee74c233375.table.json","ncols":2},"val_loss":0.1504461234435439}