{"_runtime":2777.194404418,"test_correct":990,"epoch":26,"test_accuracy":97.92284866468842,"val_accuracy":98.1590285938112,"train_samples_used":8169,"train_loss":0.044446041822084226,"auc":0.9964635533456827,"_wandb":{"runtime":2777},"_step":26,"test_specificity":0.9925925925680841,"val_loss":0.07875314014963805,"_timestamp":1.7494993549716697e+09,"sensitivity":0.9860583016414065,"train_percent_used":0.8,"val_probs_labels":{"sha256":"f72b66180c3c88cc6f3c426c3dc99209ece50b1b59ad9fb41d37598c7349df69","size":65664,"artifact_path":"wandb-client-artifact://u3iro1jj5r6j32wfjhp4rgt24mwzhydwamk3tnm7duxjnod7lnyynxi2k3c3b73s4mvgdv0pw81occj27kai6p7rq4jst4fomjx05mwpugbnppt98ak78jhlg7r1s1lf/val_probs_labels.table.json","_latest_artifact_path":"wandb-client-artifact://pjjrgiqe20sspiaa5rwm7etix63i3npxygoat8i9w44oawbq4zjfyxwofsvfn2r8ejzba2nfpxndl1s21mnfoi1ab8c0j8fj5erfsjd08wf3anjhw7pn46cwicjmazfn:latest/val_probs_labels.table.json","path":"media/table/val_probs_labels_25_f72b66180c3c88cc6f3c.table.json","ncols":2,"nrows":2553,"_type":"table-file"},"test_auc":0.9978771951269201,"test_incorrect":21,"test_total":1011,"specificity":0.9743589743489809,"test_sensitivity":0.9702970296869587}