{"_runtime":718.604559519,"test_incorrect":25,"test_auc":0.9930896793383043,"train_loss":0.022775162011384964,"sensitivity":0.9718045112599285,"val_accuracy":98.2373678025852,"_step":39,"val_loss":0.08453454955347947,"epoch":39,"test_specificity":0.9999999999753086,"test_sensitivity":0.9587458745716378,"no_tumor_train":1276,"_timestamp":1.7498237382022047e+09,"test_accuracy":97.52720079129574,"_wandb":{"runtime":718},"tumor_train":1915,"test_total":1011,"auc":0.9970596554081128,"specificity":0.999999999968652,"test_correct":986,"train_samples_used":3191,"val_probs_labels":{"artifact_path":"wandb-client-artifact://sq0zuhadzyt37y4qmq797w6ld9q4hq9dzqqf3ngl8mcczhgknqzxdwdwbwpeqffjf4rifnvmw6s27gdkos1xstzlv2tjm7phiw6ovk6dy9o89leq1c7pn17n55b50fqy/val_probs_labels.table.json","_latest_artifact_path":"wandb-client-artifact://i5v7frod1pf37bvqam8fh6451mktqksoozk4f9hkdxlumowe4cbtg7ayj0aotznyqokm8bpzzq6jqyqx2f076ccjupzt3p8q87b5k8yzn2vfy61xp2iwejubtashhv52:latest/val_probs_labels.table.json","path":"media/table/val_probs_labels_38_ee67d0cc9d01a6e0d529.table.json","ncols":2,"nrows":851,"_type":"table-file","sha256":"ee67d0cc9d01a6e0d529dd229ed034e5eebeb8c9171f638a41a617af9396282c","size":22227}}