{"test_incorrect":43,"train_samples_used":2042,"test_accuracy":95.74678536102869,"val_accuracy":96.70975323149236,"train_loss":0.019948151661083102,"val_probs_labels":{"nrows":851,"_type":"table-file","sha256":"91047bfb8f5b2bd9ba325e393ffcb30402b49a46fcca7c7951935c472379ecfe","size":21200,"artifact_path":"wandb-client-artifact://bptprg99ynno20dxx70eigghryzslazjtgn2xe952az2755sgkl5iogrwt4u58yxv3bv3vd3i7da6g02nna0emfscs8m6sgsmk97ks0yy9ec8o10q2qo133zk7ac3n31/val_probs_labels.table.json","_latest_artifact_path":"wandb-client-artifact://emx57tgje23ncxz6utz123r6pl8y9klwo38cvtjdw8vq6fzadjxets5zyzv1uih0rz86v9d28lmtoty4kcevmryghl6x68nuyf7gx3ds5xh0owbr5anincc4xggup56r:latest/val_probs_labels.table.json","path":"media/table/val_probs_labels_28_91047bfb8f5b2bd9ba32.table.json","ncols":2},"epoch":29,"test_specificity":0.9827160493584515,"test_sensitivity":0.9405940593904192,"train_percent_used":0.6,"test_correct":968,"_runtime":383.218922394,"sensitivity":0.9796672827915034,"specificity":0.9451612902920915,"val_loss":0.135645292699337,"test_total":1011,"test_auc":0.9886444199975554,"auc":0.9932562160872935,"_step":29,"_timestamp":1.7497814336748054e+09,"_wandb":{"runtime":383}}