{"_wandb":{"runtime":276},"_runtime":276.717307613,"auc":0.9920274824993518,"train_loss":0.07481697835028171,"no_tumor_train":1276,"test_specificity":0.9135802468910227,"test_sensitivity":0.8894389438797122,"val_probs_labels":{"ncols":2,"nrows":851,"_type":"table-file","sha256":"e2f0c6aa0ac4449e4abdcc5a6beb96dbac3fe293460c252c83aee73d8fe819ae","size":22151,"artifact_path":"wandb-client-artifact://34cjtk4emjyd2pal5sbz4db4f34mgr7a5x27hcdqspb0kh918pa7ormoekgqfoqho3hmdkxf8nf5bk9cislkbgkb41rh36onw5z73engfte0sbps94v1rnc5ozzl5qax/val_probs_labels.table.json","_latest_artifact_path":"wandb-client-artifact://sev7ybtx7o3tlthrcf8q49r2m0u25ec3of0pgtey2rcwl5qhdeuf94v01ovasba8oaai00ip9ts17ygvf3h3s0uza7y9somxibxcewj5atydgmihss8pvhmi6i7k8cr9:latest/val_probs_labels.table.json","path":"media/table/val_probs_labels_21_e2f0c6aa0ac4449e4abd.table.json"},"specificity":0.9623824451108971,"sensitivity":0.9567669172752488,"test_accuracy":89.91097922848664,"test_correct":909,"val_accuracy":95.88719153936546,"epoch":22,"tumor_train":638,"_step":22,"test_auc":0.9625351424031292,"val_loss":0.1560585057096822,"train_samples_used":1914,"test_incorrect":102,"test_total":1011,"_timestamp":1.7498492684437397e+09}