{"val_probs_labels":{"size":22043,"artifact_path":"wandb-client-artifact://uc64nh29c3f7iz97pzgrbzgtgerf9ejol5ppw7n3p1pjwgcdwd5lnwrymdu300eo68bepjr1dvk2j579mvo2xbyjfydco94uiupn1jgvwhyo5uqwrlzz1u3uwpefxhm4/val_probs_labels.table.json","_latest_artifact_path":"wandb-client-artifact://ef2m9pux01mvp9d9cn2l3ig5o6sya67uii3sszilrrm579voqx3amk0tnx8l161moahz7tc9xugssnkpp03ccmwosuy0ssq24nd6yfp5h13qvix43uff6hlca4fjjcgj:latest/val_probs_labels.table.json","path":"media/table/val_probs_labels_35_8c9ec663e85e8931015a.table.json","ncols":2,"nrows":851,"_type":"table-file","sha256":"8c9ec663e85e8931015a7450afa3b6e5a9af405da8594ea4c4b782764087ca6c"},"specificity":0.8709677419073881,"test_accuracy":85.7566765578635,"test_auc":0.9270667807521493,"val_accuracy":92.36192714453584,"sensitivity":0.953789279095124,"test_correct":867,"val_loss":0.30960353038140703,"test_specificity":0.8987654320765737,"_step":36,"test_incorrect":144,"train_percent_used":0.1,"epoch":36,"train_loss":0.06773096943895023,"_wandb":{"runtime":200},"_runtime":200.149100272,"auc":0.9618210005366405,"_timestamp":1.7497744026424074e+09,"test_sensitivity":0.8300330032866331,"train_samples_used":340,"test_total":1011}