{"checkpoint_path":"Checkpoints/Hyperparametersuch-noTu-T/glad-sweep-69/checkpoint_epoch_020.pt","epoch":24,"train_samples_used":3404,"train_loss":0.008986829461247436,"_timestamp":1.748055037364223e+09,"sensitivity":0.9778188539560477,"specificity":0.9741935483556712,"auc":0.9951940850277264,"_runtime":325.343122203,"val_probs_labels":{"size":20868,"artifact_path":"wandb-client-artifact://02q04vk8q04y2unk472mgci8p702ra1c3g6zerotjm6m4293m3mddfn61avr6wuyqq188q76hpnneppitntjl3vn5uiscz0v5ncbqfyb532jz0y643oaodddkms98rai/val_probs_labels.table.json","_latest_artifact_path":"wandb-client-artifact://bmu6ab7wrvda2c7xs5rzdf3qypqj0eo60ujvbdion8ftwwz9bctpwyvhnrm22ajzhpen05p8bijtmyw4js7ybg9b11fqfyardbc3bb0tq6wa736ccx1wg1s1lelroxpw:latest/val_probs_labels.table.json","path":"media/table/val_probs_labels_25_a5230a75f2fed0ae956f.table.json","ncols":2,"nrows":851,"_type":"table-file","sha256":"a5230a75f2fed0ae956fe477bf5a214ce91237300b25e6d5ea92eb7c91093b0f"},"_wandb":{"runtime":325},"val_accuracy":97.64982373678026,"_step":25,"val_incorrect":20,"val_loss":0.11993601127843638,"val_correct":831,"val_total":851}