{"val_incorrect":134,"_timestamp":1.7486908861130493e+09,"_runtime":99.10301215,"specificity":0.6346863468400484,"train_loss":0.2726939767599106,"epoch":36,"auc":0.8646279566243938,"val_probs_labels":{"sha256":"d595149499096ba2b0f3dd14286a3bff4defc059ed4f91b9665e47d2bb2d1483","size":13352,"artifact_path":"wandb-client-artifact://d7hrvm7jf5md7yrvaee8p5jqsoixm6ji2gc2qkgsx6wh3dxhegnk288pabezoqd2ii80rwd3ijaytat1n591rjgirq75r9ji4w51xob3wyt21oh0g3gjhh2q56db54st/val_probs_labels.table.json","_latest_artifact_path":"wandb-client-artifact://0bbll3p4d5o0xopntdvawkkh6phl4f91qk6n1d1tiebulcy4kins5suulo89abrwycud7pao1qcim23bics7suviyd0oye5a29asj5rll5q9050yjtttbaorr5hiuefn:latest/val_probs_labels.table.json","path":"media/table/val_probs_labels_55_d595149499096ba2b0f3.table.json","ncols":2,"nrows":532,"_type":"table-file"},"val_loss":0.5784254312515259,"val_total":532,"val_accuracy":74.81203007518798,"_step":55,"val_correct":398,"_wandb":{"runtime":99},"train_samples_used":231,"checkpoint_path":"Checkpoints/Messungen-Gli-Men/trainsample_231/checkpoint_epoch_030.pt","best_model_path":"Checkpoints/Messungen-Gli-Men/trainsample_231/best_model.pt","sensitivity":0.8659003831085862}