{"test_correct":1000,"train_samples_used":10212,"test_incorrect":11,"_runtime":1801.075809076,"_wandb":{"runtime":1801},"val_accuracy":97.76733254994124,"val_probs_labels":{"sha256":"d7343bcc918e78c1a65eece15b357302c2da22aa9d2c9b393206d5dbfe4ef21c","size":66254,"artifact_path":"wandb-client-artifact://yxmnqxz0pclemtx6fh613px25zlnotyqfa2ae5cuiyt0ywrsykahesueldxar97geuojny5x7glcbb6pc42p8ql6g0hc7v4xvlf9nch319nfmiiuemw59tr37o52gzxo/val_probs_labels.table.json","_latest_artifact_path":"wandb-client-artifact://9myrmrp16lasr9o84rvdx8t58cpx1lidrds9r0odc9jr29j20yoimkkt2oyhb47wwac55au0h1yxadg7l1ptak7sznhj5g9odqv2g2dx1036dhk6pwrizr88ap2bz52d:latest/val_probs_labels.table.json","path":"media/table/val_probs_labels_31_d7343bcc918e78c1a65e.table.json","ncols":2,"nrows":2553,"_type":"table-file"},"auc":0.9953469175522406,"sensitivity":0.9740177439735488,"test_sensitivity":0.9851485148352286,"test_total":1011,"epoch":32,"train_loss":0.03640043011691887,"val_loss":0.0988322869525291,"test_specificity":0.9950617283704923,"specificity":0.9835897435796555,"_step":32,"test_accuracy":98.91196834817013,"_timestamp":1.7494587792104175e+09,"test_auc":0.9995232856618995,"train_percent_used":1}