{"specificity":0.97230769229772,"val_loss":0.07889800979755819,"test_auc":0.9989813796194434,"_runtime":2329.777005763,"val_accuracy":98.27653740697218,"test_accuracy":99.10979228486647,"_timestamp":1.749348459180304e+09,"val_probs_labels":{"path":"media/table/val_probs_labels_34_c4dc1eb90b27bfaccda7.table.json","ncols":2,"nrows":2553,"_type":"table-file","sha256":"c4dc1eb90b27bfaccda789c24cdbd37313ad88bdb417ee795f67d21e81f13bac","size":59147,"artifact_path":"wandb-client-artifact://wvt58fmrifi6d2ms3ri21k82j3l2b8rsrflwpt7a39oef4lvuhi9u4qjrnvanuh8cm3pq948zxqy26thvl32y4q86pykz4a7137md1qd8fmbsks0kdbhlb92yhd2xdqf/val_probs_labels.table.json","_latest_artifact_path":"wandb-client-artifact://c66gd5t7y0hmondqtxgphawsxd4n5c6r30vjkf30kgfm5jjc41o5fymjs4zcor1nlxrsymydv8sk51e7oxckf202epwxepas5um7fn396yphqe3gxbbqdr66pbbjltih:latest/val_probs_labels.table.json"},"test_specificity":0.9950617283704923,"test_sensitivity":0.9884488448681774,"epoch":35,"test_incorrect":9,"sensitivity":0.9892268694487375,"_step":35,"_wandb":{"runtime":2329},"auc":0.997595788242176,"train_percent_used":0.8,"test_correct":1002,"train_loss":0.02349043074354995,"train_samples_used":8169,"test_total":1011}