{"val_loss":0.2858653859131866,"sensitivity":0.9540229884691945,"val_incorrect":36,"val_correct":496,"val_total":532,"auc":0.973526459402525,"epoch":28,"_wandb":{"runtime":266},"checkpoint_path":"Checkpoints/Hyperparametersuch-Gli-Men/youthful-sweep-62/checkpoint_epoch_020.pt","val_accuracy":93.23308270676691,"_runtime":266.790277866,"train_loss":0.04829529415377799,"_step":29,"val_probs_labels":{"_type":"table-file","sha256":"5e90b91892a138abbfd017bbe1bfa00478916d123badd6dbb84d622dfa17751f","size":13489,"artifact_path":"wandb-client-artifact://teafdgse98393wk6eqvy8422wpwk3pmach12oc1ng57zvbd74pq6xtmgbqjqq7j7sdm9dbfq68g0eo620fn0ea6amo9tm4ddqtznn3xfyosu6415vh6wgzbqaalrgmmn/val_probs_labels.table.json","_latest_artifact_path":"wandb-client-artifact://cbgd1vn68jbzp7m652q5cauew6nn5xhiqzx7y6drsg788er4dduwoehzxx7nz6iir9w84n4ezusezf09r1zs8ldg5ngxdqdkfi60iphofx9pihpcaif3im36no9syry8:latest/val_probs_labels.table.json","path":"media/table/val_probs_labels_29_5e90b91892a138abbfd0.table.json","ncols":2,"nrows":532},"train_samples_used":2128,"_timestamp":1.7481188537608912e+09,"specificity":0.9114391143575115}