{"epoch":24,"val_correct":832,"_runtime":332.766014747,"val_incorrect":19,"checkpoint_path":"Checkpoints/Hyperparametersuch-noTu-T/splendid-sweep-44/checkpoint_epoch_020.pt","train_loss":0.0060275844120739165,"auc":0.995671098920756,"_wandb":{"runtime":332},"val_loss":0.13526046943270895,"_step":25,"val_probs_labels":{"size":19801,"artifact_path":"wandb-client-artifact://e289goucoy7ofltnebn699li2h5s24jq1sv2lzjlngu930fpsbgtmsza51aozvtcw8tk253sz8bkby6ocslmbio54awyj0kv7k79jw4uwmkr3jbxyb90seu2iznkotc0/val_probs_labels.table.json","_latest_artifact_path":"wandb-client-artifact://pva4eop8vb848kb1u3n8l29rpbwhywcmag2g6klgfgpxg4rg22l5unu42aydhiwedysafrm8zy0mlfehckbf2b7oa2ckki98h1zp8invr9o9aod885l2ccdasfwaxr3u:latest/val_probs_labels.table.json","path":"media/table/val_probs_labels_25_ed6b53614b05521cbf64.table.json","ncols":2,"nrows":851,"_type":"table-file","sha256":"ed6b53614b05521cbf64ac3fd7f62ab2f2a6bf49a8a02a13e93426fb37c29646"},"sensitivity":0.9704251386142251,"val_accuracy":97.76733254994124,"train_samples_used":3404,"_timestamp":1.7480457768509896e+09,"specificity":0.9903225806132154,"val_total":851}