{"_step":39,"test_sensitivity":0.9339933993245215,"test_accuracy":92.68051434223541,"val_loss":0.11616109763937336,"test_auc":0.9779489060017115,"val_probs_labels":{"size":22209,"artifact_path":"wandb-client-artifact://7x1qewzpdf99jqvu4yqd3k72tjhfq15u96dges8gh1ny83ey04tiy028749i9qbeh4u13tpx2annfcpfquo2ukh0fw6yda7qaxizuzqlcqevsupggsf8veu5hnj35ax9/val_probs_labels.table.json","_latest_artifact_path":"wandb-client-artifact://exch60q40tvz1nsww37uzb79esfcp00q5p0pn07e9rvouxpix6v6jpr4wndztvo5ygf8hrzxeu06covlcxdrpq7vcvg4m3bmogv5bm7wf2k4xcmiekbsmkg7h7c2yogf:latest/val_probs_labels.table.json","path":"media/table/val_probs_labels_38_2d8fae18088f7606d039.table.json","ncols":2,"nrows":851,"_type":"table-file","sha256":"2d8fae18088f7606d03965e1feb3eff28754df34a9fd13819013ffad1feaefbc"},"epoch":39,"tumor_train":851,"specificity":0.9937304074923595,"auc":0.9942312678247343,"sensitivity":0.9586466165233337,"val_accuracy":97.17978848413631,"test_incorrect":74,"train_loss":0.06502235823256128,"test_total":1011,"_runtime":493.459048234,"test_correct":937,"no_tumor_train":1276,"train_samples_used":2127,"test_specificity":0.9160493826934308,"_wandb":{"runtime":493},"_timestamp":1.7498402382273333e+09}