{"epoch":66,"val_accuracy":88.90977443609023,"_step":71,"val_probs_labels":{"_latest_artifact_path":"wandb-client-artifact://s3s3wq01scejz5tyjhq30ymvdgx289eptvvmcly60016efjecmj3y54ipm07chvq8wzfcq9zloqsdndnknppo3sypjnnq0n70oxz5q2k3wrsq1cpz0cj2rrmbfpq9e0v:latest/val_probs_labels.table.json","path":"media/table/val_probs_labels_71_dad0a054cfcb6a94f707.table.json","ncols":2,"nrows":532,"_type":"table-file","sha256":"dad0a054cfcb6a94f707cf00a71c28c10c43ec91b35fe6ee85cce1ce4a48a3c8","size":13433,"artifact_path":"wandb-client-artifact://m6ibc4j3ptsp4i4f5mdbzs5wna4hoyip2pcq6mmt27yln3d2l587qe417e8gsh47vczwca13f5s10623723xbltliz76jdqk73lmvhltaemxsbtdh04ye9fai920gd8v/val_probs_labels.table.json"},"train_loss":0.10680086779243805,"specificity":0.8265682656521561,"val_correct":473,"_runtime":624.488634773,"val_incorrect":59,"auc":0.9597489078339059,"_wandb":{"runtime":624},"checkpoint_path":"Checkpoints/Hyperparametersuch-Gli-Men/sleek-sweep-71/checkpoint_epoch_060.pt","val_loss":0.3525674268603325,"train_samples_used":2128,"val_total":532,"_timestamp":1.7481228621145651e+09,"sensitivity":0.9540229884691945}