{"_timestamp":1.74977373059905e+09,"test_incorrect":93,"test_specificity":0.962962962939186,"val_probs_labels":{"_latest_artifact_path":"wandb-client-artifact://zk9jtsb1tgvnpc59py0u05y0xtgrqb0vkjvdsrsi7npno2jb68rieokqtemrjtjd2mx4dn5t4dz68h0ixgtr0wn34vjnmvzpygo0y0ptrzpcvw8b13vsnl0saazej9pb:latest/val_probs_labels.table.json","path":"media/table/val_probs_labels_24_33f56d95e2905342e17c.table.json","ncols":2,"nrows":851,"_type":"table-file","sha256":"33f56d95e2905342e17c5a2f1e253e24a5d3713ce09d522ce710017ffc08abab","size":21890,"artifact_path":"wandb-client-artifact://0bf7vd1rpw99kafp0bziyt8tztqqgpm520vs8v80fwf9oobctmhed05k106uau2d0guo2jyux5dg1mdojuxh0o05e55zx54sho3lign5md2lahr4smf698apn4p5t4le/val_probs_labels.table.json"},"_step":25,"_runtime":251.088402734,"test_total":1011,"test_sensitivity":0.8712871286984936,"epoch":25,"val_loss":0.1851165262716157,"test_accuracy":90.80118694362018,"auc":0.9852483453580585,"val_accuracy":95.41715628672151,"_wandb":{"runtime":251},"sensitivity":0.9685767097787694,"train_samples_used":1361,"train_percent_used":0.4,"specificity":0.9290322580345474,"test_auc":0.970451860000815,"train_loss":0.0463698496195403,"test_correct":918}