{"_runtime":219.675088773,"_wandb":{"runtime":219},"train_percent_used":0.3,"_step":27,"_timestamp":1.7497739557475119e+09,"val_probs_labels":{"sha256":"cd671734f708e94600c4de23443b5777e696d5467d68e0827757b7ed1b521c3f","size":22082,"artifact_path":"wandb-client-artifact://0irisumnloo42avvpla6ebfvtu4116amqqkct5tkupx0rau81mzijieu4m9uz57ub6kn3vl6emv7nilmugi8hx9i2rr0tp8putrtv8hw5gk05nijaiidmnjd2qwki3w9/val_probs_labels.table.json","_latest_artifact_path":"wandb-client-artifact://ex45mdur0ud7iowgzoeb3ytp2mf17pr7d5cqnjh3era3p9yf00m5q9xcp5asw3yhrrw7gzowxv42hodlalc4hg49iup3pcf3infly24hsh21mnwc688n8vip61fgwvs0:latest/val_probs_labels.table.json","path":"media/table/val_probs_labels_26_cd671734f708e94600c4.table.json","ncols":2,"nrows":851,"_type":"table-file"},"val_accuracy":94.5945945945946,"train_samples_used":1021,"test_accuracy":89.61424332344214,"test_sensitivity":0.8877887788632378,"specificity":0.9451612902920915,"sensitivity":0.9463955637533014,"train_loss":0.05451015429571271,"test_correct":906,"test_auc":0.9553844273316221,"auc":0.9830242680818079,"test_total":1011,"test_specificity":0.9086419752862064,"val_loss":0.19688852663551057,"epoch":27,"test_incorrect":105}