{"val_probs_labels":{"nrows":532,"_type":"table-file","sha256":"8b88b2a4f4d99c1403d0881f781b6e4dd933eb08c1aae5634e7ea51b70aec74c","size":13221,"artifact_path":"wandb-client-artifact://l6bpkug0iul43tqm5gx5zqqh86e1e7834ba58n8d6wco6r886dmwrortrui2d66dwqr7u5xnfao625jlbhb26pdf2i9n2f59w2rmsjcvqg2hysbrz320701qw6333q2i/val_probs_labels.table.json","_latest_artifact_path":"wandb-client-artifact://mwhtpbnxx1q1ueam7nmrpypwrh4hsb82btjffx2ktiy12wuzp7ehsudm6g5ld8b2jksye1lmbrk9z7l65g7u9n6cu5vsx4cgl7x2ge7q1l3zxvic0mhip1o5wc58j7xi:latest/val_probs_labels.table.json","path":"media/table/val_probs_labels_19_8b88b2a4f4d99c1403d0.table.json","ncols":2},"epoch":19,"_runtime":175.282574635,"specificity":0.9298892988586757,"checkpoint_path":"Checkpoints/Hyperparametersuch-Gli-Men/good-sweep-19/checkpoint_epoch_010.pt","sensitivity":0.9042145593523289,"val_total":532,"val_correct":488,"train_samples_used":2128,"val_incorrect":44,"_wandb":{"runtime":175},"train_loss":0.015931060840222545,"_timestamp":1.7481045834675527e+09,"val_loss":0.37150156907805737,"_step":19,"val_accuracy":91.72932330827066,"auc":0.968768998034808}