{"train_loss":0.03589723148616031,"_step":47,"specificity":0.9516129031951093,"checkpoint_path":"Checkpoints/Messungen-noTu-Tu/trainsample_2042/checkpoint_epoch_030.pt","auc":0.9913243098205236,"sensitivity":0.9741219962851364,"val_correct":822,"val_accuracy":96.59224441833138,"best_model_path":"Checkpoints/Messungen-noTu-Tu/trainsample_2042/best_model.pt","epoch":33,"_runtime":303.63612078,"_wandb":{"runtime":303},"train_samples_used":2042,"_timestamp":1.7485558227180042e+09,"val_loss":0.1526339522429875,"val_probs_labels":{"_type":"table-file","sha256":"a7e2606f59e9dabd338f2e08868589908af7427117e72153cd82c9b1e95f7bd9","size":22059,"artifact_path":"wandb-client-artifact://ytc57z5lpy7b4ib6ohev66sk4pi3iy4i73e6g6ehzwf8hb7slajr4tnj271b5f3qf1542bx2i8ht29uvsyp422sd44lg9noriw2ws90yxtke2bwfoyankr4ao3gkbr1j/val_probs_labels.table.json","_latest_artifact_path":"wandb-client-artifact://zp7aqwkycrbev3ezy2mjz6g5xp9jc5srxxtj5a0jdt71h8i6aj2k2p619ifujg464tt4dwx2wv7nhey60msbf7ox1n86d6otymby4zkmz4vd816le5uyi45kdwq0zcnp:latest/val_probs_labels.table.json","path":"media/table/val_probs_labels_47_a7e2606f59e9dabd338f.table.json","ncols":2,"nrows":851},"val_total":851,"val_incorrect":29}