{"test_incorrect":25,"_step":31,"_timestamp":1.7504594106823041e+09,"sensitivity":0.9849624059965233,"auc":0.9976371178730525,"epoch":31,"train_samples_used":3404,"val_probs_labels":{"size":21054,"artifact_path":"wandb-client-artifact://2b9ted74smno2of99fxuy2fd7uqf492wozed6kuhob7a72hfu3omu2ciubunyh9wpvv5tr7nxrm3wd23zb8966atr4ie4g4uvhm9tx9pbxpdv0u7wygsimdls7z7fjal/val_probs_labels.table.json","_latest_artifact_path":"wandb-client-artifact://1c9nn6v13286j13z0aezm3h3bm07t0mb0p78m6gtppxa1ohyaafj8d0xvao98yzi9l2g0bec4lprsb5e3hwoh45gs17nl8jxgcbb3u25nu3plmvnolbzewih7zpyh98o:latest/val_probs_labels.table.json","path":"media/table/val_probs_labels_30_f9b24062975c4a1d5dca.table.json","ncols":2,"nrows":851,"_type":"table-file","sha256":"f9b24062975c4a1d5dcad7b7318eec438ab9ba9273643b76f80b374c555a9e0f"},"_runtime":582.730870528,"train_loss":0.0221579616320216,"specificity":0.9843260187779208,"test_accuracy":97.52720079129574,"val_loss":0.054814587480255535,"test_sensitivity":0.9636963696210611,"no_tumor_train":1276,"test_auc":0.9943242472395388,"test_total":1011,"_wandb":{"runtime":582},"test_correct":986,"tumor_train":2128,"val_accuracy":98.47238542890717,"test_specificity":0.9925925925680841}