{"sensitivity":0.9157088122254518,"val_total":532,"_wandb":{"runtime":245},"_timestamp":1.748103766771415e+09,"_step":27,"train_loss":0.2026671182112138,"epoch":26,"specificity":0.8708487084549502,"val_loss":0.3298792931086877,"_runtime":245.558081442,"train_samples_used":2128,"auc":0.9532029803056652,"val_accuracy":89.28571428571429,"val_probs_labels":{"size":13420,"artifact_path":"wandb-client-artifact://1dwkp9fbpex43wooxdrmop7s88sh0uuiq92496j4jgyi8mnrhmyourjk2t5fkqjlxa0n0r0izyyssrisiamdvg7snfhhpb7jgo73k5ks8apnyxcc84u9fozwup8e790f/val_probs_labels.table.json","_latest_artifact_path":"wandb-client-artifact://6z7qlq3mexfv407pi7hap7x979vhqxya54s86jt1k4tzvo353v19asbg2sxaovnw1a5w1xhbs1p122b4ydqtbursd7jdlwdxnedley86e84xv3gxqwkomf27e6s3h7xt:latest/val_probs_labels.table.json","path":"media/table/val_probs_labels_27_47d5215bee40748b7e7c.table.json","ncols":2,"nrows":532,"_type":"table-file","sha256":"47d5215bee40748b7e7c7f91d26886bd514a3f086558020617a0da563eba8bb2"},"checkpoint_path":"Checkpoints/Hyperparametersuch-Gli-Men/skilled-sweep-15/checkpoint_epoch_020.pt","val_incorrect":57,"val_correct":475}