{"epoch":27,"auc":0.9776830526925959,"val_loss":0.29408012966022773,"train_samples_used":2128,"sensitivity":0.9731800765910659,"_step":28,"checkpoint_path":"Checkpoints/Hyperparametersuch-Gli-Men/atomic-sweep-29/checkpoint_epoch_020.pt","train_loss":0.04868042725833383,"_wandb":{"runtime":258},"val_accuracy":92.66917293233082,"_timestamp":1.7481072737759125e+09,"_runtime":258.829434108,"val_total":532,"val_probs_labels":{"nrows":532,"_type":"table-file","sha256":"1a973e1242fab7788b67d00513a4bc7a6c9ea2e6be345b9cfc035178a7e489da","size":13410,"artifact_path":"wandb-client-artifact://c4ztx7x6y9nyba094b4tlarqm9u53mkvvltnzz7y3tkw8kk1d7u8a3efo1at42ffnyc7w1f51qb1qw8tdg8wfaf6pjmkdtjrp74y77he6rc0tewrsjgg52l7hwn06wvg/val_probs_labels.table.json","_latest_artifact_path":"wandb-client-artifact://23t8hs3hahs4brkvyko7snz71iumite9ddrka11wy6yz1w3mncyitwusjd2qfwj0x1flvli12rfawgsqlkv5v6ffewwrcp0t1w8s85vvmsp7nwcf0ch77a67wzm8ne9y:latest/val_probs_labels.table.json","path":"media/table/val_probs_labels_28_1a973e1242fab7788b67.table.json","ncols":2},"val_correct":493,"specificity":0.8819188191556487,"val_incorrect":39}