{"_wandb":{"runtime":239},"_runtime":239.619261806,"train_samples_used":3404,"val_total":851,"_timestamp":1.7480451900321562e+09,"val_probs_labels":{"_type":"table-file","sha256":"9092505525dffb937b66aae1e01af3cd3b70487e9fbe332b603311393496313f","size":18397,"artifact_path":"wandb-client-artifact://re58a3xr3ub7shxup26nyaza4vn4k5fn31w0dn41gu3cilp61ttb4vibqg1zu6s58eurzwynz622swphrixluvl4g44h3vagm4q3u7p35q7pwi7fzgdotwzqr5l52brd/val_probs_labels.table.json","_latest_artifact_path":"wandb-client-artifact://v4541gjva5b04a5gq2eg2fz6jzkflut6oijlgs39ffgoz9lbcjhbpavdsnzseeg9hcsffe37wd5stf3aeba662zdq1bqysnd21t5apu7kpix1rwdmt9rnkpylztvxbn5:latest/val_probs_labels.table.json","path":"media/table/val_probs_labels_17_9092505525dffb937b66.table.json","ncols":2,"nrows":851},"val_loss":0.19652477438204288,"epoch":17,"checkpoint_path":"Checkpoints/Hyperparametersuch-noTu-T/ruby-sweep-42/checkpoint_epoch_010.pt","specificity":0.9612903225496358,"val_correct":826,"auc":0.9913600858625008,"val_incorrect":25,"sensitivity":0.9759704251205921,"train_loss":0.015570345940364163,"val_accuracy":97.06227967097533,"_step":17}