{"val_loss":0.1208225709519216,"train_loss":0.01146314151157168,"_runtime":281.419809244,"auc":0.9946097430087651,"val_correct":822,"_timestamp":1.7480509231276922e+09,"epoch":20,"sensitivity":0.9796672827915034,"checkpoint_path":"Checkpoints/Hyperparametersuch-noTu-T/gentle-sweep-57/checkpoint_epoch_010.pt","_wandb":{"runtime":281},"train_samples_used":3404,"val_incorrect":29,"val_accuracy":96.59224441833138,"_step":20,"val_probs_labels":{"nrows":851,"_type":"table-file","sha256":"d9f55587f27adb7ed8490abd80d5076d507e5ac01cca8018cbb548a600695f81","size":20480,"artifact_path":"wandb-client-artifact://4nsbi48spi0xoqvxwznr9eica2b6jytrkvbl8b6624lo3otmsv7jjz65cd7wjm7sqwbexa5ijzwvt1ds2pxx54s28f9j9xelilwddiuho3imf49c77hc8wzlju8jtj01/val_probs_labels.table.json","_latest_artifact_path":"wandb-client-artifact://sy17lzsjpxqdjzjwa5ib6pfflcjs7tfa536iz12xshyd9bx1633zlgz0d0g9xzqtr3ke8kzsftzeotlkacgjwux1bhet8jyo1hmrrgyu5fo27qc1g46t8060yralsgdd:latest/val_probs_labels.table.json","path":"media/table/val_probs_labels_20_d9f55587f27adb7ed849.table.json","ncols":2},"val_total":851,"specificity":0.9419354838405827}