{"_runtime":278.988370853,"val_total":851,"auc":0.9912527577365691,"specificity":0.9612903225496358,"val_accuracy":96.59224441833138,"sensitivity":0.9685767097787694,"_step":42,"_timestamp":1.7486385461566901e+09,"val_incorrect":29,"val_probs_labels":{"artifact_path":"wandb-client-artifact://ljia23eozieezrqeupb9p91j7h85r7r7y8iddk68yliqds0q7cpsqr7hzz8n7ve2nd9d163fy4tq6m36j881466ng0g10i6lzl8j317ka08hmpzf9ekigs4n5daj5fo5/val_probs_labels.table.json","_latest_artifact_path":"wandb-client-artifact://wakj5isw0bvhmjdwv440ju0bvak4engy5cy1wbk4mqbaa0bgdwdx62v5k7cksw6r21de1khbl6ot6yenrbf41nw04l3y28om4i03mry7ncdh2e0fqdi7h7tk0n61rl27:latest/val_probs_labels.table.json","path":"media/table/val_probs_labels_42_8f8850de138a8621b052.table.json","ncols":2,"nrows":851,"_type":"table-file","sha256":"8f8850de138a8621b0524bd3cc6114b81892c9d4cadfce505d537e41bcdb91ef","size":22108},"checkpoint_path":"Checkpoints/Messungen-noTu-Tu/trainsample_2042/checkpoint_epoch_020.pt","train_loss":0.028123889642301947,"best_model_path":"Checkpoints/Messungen-noTu-Tu/trainsample_2042/best_model.pt","train_samples_used":2042,"epoch":30,"val_loss":0.19075793879372732,"_wandb":{"runtime":279},"val_correct":822}