{"_wandb":{"runtime":320},"sensitivity":0.9718045112599285,"val_accuracy":97.53231492361927,"no_tumor_train":1276,"val_loss":0.12964985200337,"train_samples_used":1914,"test_incorrect":107,"tumor_train":638,"val_probs_labels":{"_type":"table-file","sha256":"53cd091132bb0f62223312b4c3a1877f043b69e334b7fc5a65daf3406f7d4b55","size":22162,"artifact_path":"wandb-client-artifact://5k1ntkcqqec7au9k3y1g4s5759ia93azcjnermz3a51cjh59m2toivshfl9jl1eq4f42t2f28qaa0pkkmz1307qqeqktx1b4dh5ola4gs7k31yubjqroryviz2y6wpua/val_probs_labels.table.json","_latest_artifact_path":"wandb-client-artifact://y1c4aofe5pbi5rvmfs78aj1oqerxmgdxkrzavu4we0lhzel1dfs2zwp4tbrzaa8azm6hvrtl0fd0lb525bfr03xcyp1ma8o96mdsnkssjgu65uhswsosvqyk285rpq7e:latest/val_probs_labels.table.json","path":"media/table/val_probs_labels_26_53cd091132bb0f622233.table.json","ncols":2,"nrows":851},"_step":27,"test_total":1011,"specificity":0.9811912225397745,"train_loss":0.04393062777817249,"_timestamp":1.7498591009094946e+09,"auc":0.9931824074292314,"test_correct":904,"epoch":27,"test_accuracy":89.41641938674579,"test_sensitivity":0.9092409240774052,"test_specificity":0.8716049382500838,"test_auc":0.9565089842317566,"_runtime":320.970751941}