{"epoch":18,"test_auc":0.9313083160167869,"tumor_train":212,"_runtime":174.479567856,"auc":0.986406062177387,"val_accuracy":95.65217391304348,"val_loss":0.22920793294906616,"val_probs_labels":{"_type":"table-file","sha256":"a7c9c6d28cb4a5f6af27b05317eef061c20e2df80172765dc82bae8660cd4e56","size":22114,"artifact_path":"wandb-client-artifact://xej4axcouyuxrwuzo1akbwx1ho93rnng2gqilwbuj7zqblt4d4x2f5kcqnoei6pqyend6k85il2yp6dh71j5t259t6krs3u73zp67u4xmpui5yo3nbmqsmpw8n6d8ejt/val_probs_labels.table.json","_latest_artifact_path":"wandb-client-artifact://ggzez6sd8kzwvzekrhpv72l0xlewpprdx60uf37mwlhagjtr6o7ty25izewagoczejtw52z8apuqsjsogq6ihw70qkmigu24l4fnu3weuunxock9lj1c4q5u9zl55paz:latest/val_probs_labels.table.json","path":"media/table/val_probs_labels_17_a7c9c6d28cb4a5f6af27.table.json","ncols":2,"nrows":851},"_wandb":{"runtime":174},"_timestamp":1.7504354299434912e+09,"test_incorrect":145,"train_loss":0.1019832802315553,"test_specificity":0.7703703703513488,"_step":18,"no_tumor_train":1276,"test_accuracy":85.65776458951532,"specificity":0.9623824451108971,"test_sensitivity":0.9141914191268286,"test_total":1011,"train_samples_used":1488,"sensitivity":0.9530075187790787,"test_correct":866}