{"val_total":851,"epoch":35,"val_correct":771,"val_accuracy":90.59929494712104,"_runtime":134.99269101,"train_samples_used":340,"_step":52,"val_loss":0.3859598636627197,"_wandb":{"runtime":135},"val_probs_labels":{"nrows":851,"_type":"table-file","sha256":"70f23e80e40c98d8eb4e02df0dbb73531d3c2aac78fb5927b932137fa45c3551","size":21940,"artifact_path":"wandb-client-artifact://c8u4whzlgf9086my0ol17grg9zygmsnjz579h9pt505ix2ua3ebg0v9dpcnm8oftkef3i0a0e1xjjyyrg7daje61wfa292sree62llmh3m7pt1epc80pztpatz7fxu5h/val_probs_labels.table.json","_latest_artifact_path":"wandb-client-artifact://g6iuwtfx0eqk1jtokeqgga4ou2ptuujro58sxu2dsms22xk4huod1c2twj6orptv4rhpv13einj9ggdc1v1tfm9tfg95hjkaodnld275rzhh57kza4ww9pgf19a2n6ma:latest/val_probs_labels.table.json","path":"media/table/val_probs_labels_52_70f23e80e40c98d8eb4e.table.json","ncols":2},"specificity":0.8032258064257024,"auc":0.9481098324488701,"train_loss":0.041857065012057625,"_timestamp":1.7486367976713138e+09,"val_incorrect":80,"sensitivity":0.964879852107858,"checkpoint_path":"Checkpoints/Messungen-noTu-Tu/trainsample_340/checkpoint_epoch_030.pt","best_model_path":"Checkpoints/Messungen-noTu-Tu/trainsample_340/best_model.pt"}