{"auc":0.995217935722378,"checkpoint_path":"Checkpoints/Hyperparametersuch-noTu-T/polar-sweep-51/checkpoint_epoch_050.pt","val_loss":0.10688416224106081,"sensitivity":0.987060998133326,"train_loss":0.03367173234518203,"train_samples_used":3404,"val_incorrect":29,"val_correct":822,"val_total":851,"_wandb":{"runtime":779},"epoch":56,"_timestamp":1.7480484930854194e+09,"_runtime":779.0567655,"_step":60,"val_probs_labels":{"size":21905,"artifact_path":"wandb-client-artifact://etwesjgpu0s9q0whx67hlzqlolchkber1cxui5ovtwybrp5ngbo49nda37e7kxwj1nf5ifa6v3146tya8mznan0s2azux8oxp1ii5i5rdxjahpb4wyj40ippb86dkvp6/val_probs_labels.table.json","_latest_artifact_path":"wandb-client-artifact://ahmgweiah1hg9b9ref3ue1crc8zcdk6ukmi18l6p9t5l7pugiv458er9hbztpz5ws3qb5trg3enrxlc1wjab5iorfnirc6esdy32by96ewwr7m72ghpnc48hlm9e0ru1:latest/val_probs_labels.table.json","path":"media/table/val_probs_labels_60_5c997abc250b9aeb1735.table.json","ncols":2,"nrows":851,"_type":"table-file","sha256":"5c997abc250b9aeb17351990cf126050e49f0f01453d08c68659c2c90bea421f"},"val_accuracy":96.59224441833138,"specificity":0.9290322580345474}