{"tumor_train":425,"train_samples_used":1701,"test_incorrect":113,"specificity":0.9905956112542132,"epoch":21,"test_total":1011,"val_probs_labels":{"nrows":851,"_type":"table-file","sha256":"0df12a8bc40490163982c4700d6d290c01539bbd41fe4c8f27ed15b2a3935ae0","size":22238,"artifact_path":"wandb-client-artifact://4fnw8cj9ph36f2x5dj2urzffqa7e9eyqk5egtmullkz7k8wbbyiidfverghcoh5xtk6hldto3wglrg60hxhdxp933dy6dpor34gt87bkiemof4gx7xgi0ij8gnaqgl4v/val_probs_labels.table.json","_latest_artifact_path":"wandb-client-artifact://on7m2jguzt7a9fd5xm80emcl6ev3qrwufp82le9gupf4bet5rf9a13jpgslxaxvqelw4m22bgw86v0txhjivyyh5v6xyumfh2ebf3itttoyd6w7rf8rqyiew7o0n86a7:latest/val_probs_labels.table.json","path":"media/table/val_probs_labels_20_0df12a8bc40490163982.table.json","ncols":2},"test_correct":898,"_runtime":168.499536149,"test_auc":0.9558203968545003,"val_loss":0.3117055190461023,"test_accuracy":88.82294757665677,"train_loss":0.10719030536711216,"test_specificity":0.8765432098549002,"val_accuracy":95.53466509988249,"sensitivity":0.9342105262982291,"auc":0.9881738044169986,"_step":21,"_wandb":{"runtime":168},"no_tumor_train":1276,"_timestamp":1.7498682858201287e+09,"test_sensitivity":0.8960396039456099}