{"test_incorrect":58,"specificity":0.9322580644860562,"val_loss":0.15040998586586543,"train_loss":0.03173230642410503,"test_sensitivity":0.915841584143303,"test_specificity":0.9827160493584515,"test_correct":953,"_wandb":{"runtime":464},"test_accuracy":94.26310583580614,"train_percent_used":0.8,"val_accuracy":96.12220916568742,"_step":28,"_timestamp":1.7498057466376905e+09,"auc":0.99162840617733,"val_probs_labels":{"_type":"table-file","sha256":"c2434144008b347dbb071d2e9f94857406d739cdb71f5a2a1fba954b67683e2b","size":21672,"artifact_path":"wandb-client-artifact://kix8s6r9e4y4kc95h5cfekpn4m7y8vkyr3e6jgdjddssgqnuzty4vvgiermmwaokmwtqcm2772dnd6xykfgnpb3d2857s70f16u8gutj4spx477oe2t1jp52dgeuvfh5/val_probs_labels.table.json","_latest_artifact_path":"wandb-client-artifact://bb37zsmvlcs1lvhbmuye5hmdx4pzv59t81o3sv9ver58j56862kffm6cb4ii37mespmeyntw9fygzve44ivl6anx3r5hzvr11t5io64ruut01y7o4r5b07zs5eoodu7r:latest/val_probs_labels.table.json","path":"media/table/val_probs_labels_27_c2434144008b347dbb07.table.json","ncols":2,"nrows":851},"sensitivity":0.9778188539560477,"epoch":28,"train_samples_used":2723,"_runtime":464.845685268,"test_auc":0.9855478140406634,"test_total":1011}