{"_step":49,"checkpoint_path":"Checkpoints/Messungen-noTu-Tu/trainsample_3064/checkpoint_epoch_030.pt","best_model_path":"Checkpoints/Messungen-noTu-Tu/trainsample_3064/best_model.pt","epoch":35,"val_loss":0.1825117745569774,"train_samples_used":3064,"val_incorrect":31,"_runtime":440.299074391,"specificity":0.9677419354526534,"val_correct":820,"train_loss":0.03302415336171786,"val_probs_labels":{"_type":"table-file","sha256":"3f8fe49d22c5587a9f67df6656414678687fb5a349a0fed6caf5dc3f6b96eefd","size":22134,"artifact_path":"wandb-client-artifact://w16m1x4ed6dmrgcfwq8vss5qfa6w2pqdafv6utjsx7vd600bbs6hgxztg2laysrgg7b74zjwfbae6mw7gynx2s63rxnx7zx1jjmzrngpn0rfzmqgt25rbvhsfi5xtoh0/val_probs_labels.table.json","_latest_artifact_path":"wandb-client-artifact://3882a0l92cvpenrcchvl62n5hpbyu2vyu6yf5u2zble4dvh2hlsgwx4h08qm5k4s9c442akp0pwwpj1l6m94a8gvnmyi7ofcqx0nm10kwwot11gw8vhqk6f0xasat93q:latest/val_probs_labels.table.json","path":"media/table/val_probs_labels_49_3f8fe49d22c5587a9f67.table.json","ncols":2,"nrows":851},"val_accuracy":96.3572267920094,"_wandb":{"runtime":440},"auc":0.9872041023194802,"_timestamp":1.748651602556708e+09,"val_total":851,"sensitivity":0.9611829944369467}