{"test_auc":0.9680193945320459,"test_incorrect":92,"_wandb":{"runtime":237},"specificity":0.935483870937565,"test_sensitivity":0.8960396039456099,"_step":23,"test_correct":919,"train_samples_used":1361,"val_probs_labels":{"nrows":851,"_type":"table-file","sha256":"5a9a69a0ff94556805bc83e39208408f5a311ce39bfa6ac033c9689057c9f51f","size":21848,"artifact_path":"wandb-client-artifact://4qs4omhf0kz3nylzv2cz55cmgydkvlxfkxkip5kj9divqes8qbf4zlqak26eg4nz9o0u5nloecztlnq46j68a9sn71moyt338q9q8pwiar5x1e098myvkhwbb60kizxk/val_probs_labels.table.json","_latest_artifact_path":"wandb-client-artifact://86eiyrosfwgl85gzvxf4cooty9d0qip6qezqqm66mr7fiy9y2kvn5q7ldnoqupilv3romv4tka0gbq5ki0np4b5l931lphu1jbizzo1zw5ef26bd11hn13w5xj9u5mz4:latest/val_probs_labels.table.json","path":"media/table/val_probs_labels_22_5a9a69a0ff94556805bc.table.json","ncols":2},"val_loss":0.167599119246006,"test_accuracy":90.90009891196836,"_timestamp":1.7498187151463823e+09,"val_accuracy":95.53466509988249,"auc":0.9853258601156759,"train_percent_used":0.4,"test_total":1011,"sensitivity":0.9667282809433136,"_runtime":237.228876411,"test_specificity":0.9283950617054717,"epoch":23,"train_loss":0.04091701419516043}