{"val_accuracy":91.33709981167608,"val_probs_labels":{"path":"media/table/val_probs_labels_21_039c1bd9278f3688bc7e.table.json","ncols":2,"nrows":531,"_type":"table-file","sha256":"039c1bd9278f3688bc7e01cb2638df8c3e08af1696d1cf5db4b61aab9be7cadc","size":13530,"artifact_path":"wandb-client-artifact://8oe1k7d6jqksbiwd8kyp5g2p73jsxiupytbyyoq862cidjutxp5vwqgtmncoh1xx7cuqbzc8iyohl237iid9nq4oacpbhbe7hevny7dareq68844563rfmo69g9oj1dq/val_probs_labels.table.json","_latest_artifact_path":"wandb-client-artifact://1eci1fr3gpcj13wb52u8wvh6oakymxgu02pd6sy3on6cx10povcorow36t233yzv1go2617f9lxblcv73ib5q4mg3r4r2qm15idsgvq22yjte9mhetui1n23npqrgpjr:latest/val_probs_labels.table.json"},"sensitivity":0.9513108613875914,"test_correct":558,"val_loss":0.3515612686135094,"test_specificity":0.89999999997,"train_loss":0.04339236017646423,"specificity":0.8749999999668561,"train_samples_used":1917,"test_accuracy":92.07920792079207,"_timestamp":1.7494975636950011e+09,"glioma_train":845,"_wandb":{"runtime":436},"_step":22,"test_confusion_matrix_table":{"artifact_path":"wandb-client-artifact://9jmzuq559okg6b156oxc6j4k5qjz7awg3uc5kwx7mzowbt16n4su3w098y2gfzkbn4t454ujvska9abmoh7uo3f5pp1u8j9uxp5fucjsohi4h8shg2ufq14hsjlq0nfw/test_confusion_matrix_table.table.json","_latest_artifact_path":"wandb-client-artifact://si9gfsmwjjbigy2no5r9wyrbhyb3y4w5wu4ms9in708nmzvn6czr9qjb2ri2u3hxwfeou5ai657bue0132tm0ik7blqrsmdrdrlja86bsfdvphk3wsumgha1crc54eox:latest/test_confusion_matrix_table.table.json","path":"media/table/test_confusion_matrix_table_22_19381f17e99e70a11e0a.table.json","ncols":3,"nrows":4,"_type":"table-file","sha256":"19381f17e99e70a11e0a29a1cc07ba9a8a50c45d7dcb865495cbf64e841969f1","size":192},"test_total":606,"_runtime":436.80256483,"auc":0.9608089320167972,"test_incorrect":48,"meningioma_train":1072,"test_sensitivity":0.9411764705574779,"epoch":22,"test_probs_labels":{"sha256":"f550d27695c5c1966fe21a1720851fd80a70f90f8b9991fe7d836bf4cca2dcd7","size":15006,"artifact_path":"wandb-client-artifact://wz1wxdm08ealo7ynspokdvy9v993fqwv8ww2on4nsgnmefqj3p1hq6pgo8ednqdxfhpqidn6exzshidb9o3ijyy4990xre8cpu9tx52dphdle263493q4vvowtvrnqcg/test_probs_labels.table.json","_latest_artifact_path":"wandb-client-artifact://12fksgie39l81aj9re0sp0w5788snm3phqa7civk0jvcc7f86gg3trzbnd4a1uhjq62ouigv1vu57xve0feiadiht3mu5we0w20vwd77s3v5vsbetpfr383xf9oa4cfg:latest/test_probs_labels.table.json","path":"media/table/test_probs_labels_22_f550d27695c5c1966fe2.table.json","ncols":2,"nrows":606,"_type":"table-file"},"test_auc":0.9765795206971677}