{"val_accuracy":95.06462984723855,"test_sensitivity":0.9290429042750983,"test_total":1011,"auc":0.9867921094537064,"train_samples_used":1021,"_wandb":{"runtime":767},"test_incorrect":83,"val_loss":0.24508644528687,"test_specificity":0.9012345678789818,"sensitivity":0.9372623574085092,"test_auc":0.9713441714541824,"test_accuracy":91.79030662710188,"test_correct":928,"_timestamp":1.7493204228261204e+09,"_runtime":767.891764733,"train_loss":0.06571176974102855,"_step":37,"specificity":0.97230769229772,"val_probs_labels":{"_type":"table-file","sha256":"8f3485b34932a16c1c1d133f9fe0a93e18997d5dc941f6f34edbd4ea427f41a7","size":65624,"artifact_path":"wandb-client-artifact://oc0r384rvpbav7krcfjnthob08rqasl5urh7khn68b7s0lzoqg9yh3air3xfpw7fz1r1kzbavmxh29sbz9jj2kgve3w50xxw4znhc3yrd470253u2l9udkidavvzidox/val_probs_labels.table.json","_latest_artifact_path":"wandb-client-artifact://h60gzsmcfbfovm58i2cf0dqi7six5ejkrxa0lijbo57y1pbtrhwhx5sc4ketpckcukx3mg04qil9hs7nb7l06tcfld05m2cwktmf8fh5arky0xk6n69o9vmh01yn24du:latest/val_probs_labels.table.json","path":"media/table/val_probs_labels_36_8f3485b34932a16c1c1d.table.json","ncols":2,"nrows":2553},"epoch":37,"train_percent_used":0.1}