{"train_loss":0.02120661085764705,"_wandb":{"runtime":781},"specificity":0.9387096773890738,"epoch":56,"_timestamp":1.7480524989185963e+09,"val_correct":824,"val_accuracy":96.82726204465335,"val_probs_labels":{"size":21815,"artifact_path":"wandb-client-artifact://44fpcaobzooz88goolxvm3tnqqqjjallpgty9mcicebccjzih1kqvayopo6svdrn5t64oevt2i048gxe0gc4ax24voh5rp4y19dg03pi7qhu8tj627v9k6v8d475axg8/val_probs_labels.table.json","_latest_artifact_path":"wandb-client-artifact://by86srujgdo4fq6nv1yz8tckhmtwub9h1t8wz9muvjaib5cmolusn697ccxabx5p7iykn2q4e9ke8dte9a1it6i6v6g9kvo40a72xnv0y8icnsws76nh3bprsras3j5r:latest/val_probs_labels.table.json","path":"media/table/val_probs_labels_60_aa30cd4e42b5679cb290.table.json","ncols":2,"nrows":851,"_type":"table-file","sha256":"aa30cd4e42b5679cb290a5dc296725db86cc3a1d5675c3f081ce302b5eaa27e1"},"_runtime":781.974707177,"val_loss":0.10442949222799923,"val_total":851,"train_samples_used":3404,"_step":60,"sensitivity":0.9852125692978704,"checkpoint_path":"Checkpoints/Hyperparametersuch-noTu-T/fiery-sweep-61/checkpoint_epoch_050.pt","val_incorrect":27,"auc":0.9953312265219724}