{"train_samples_used":2765,"test_specificity":0.962962962939186,"val_probs_labels":{"sha256":"2e826c924a5b4c59d936312bd0ae4e29543d8940a18a9c9b77e97eafe3aed569","size":22183,"artifact_path":"wandb-client-artifact://juw7maib2dotahb5v67ffm4neawlzjrzi66scjxo9cxmuaeia7a1jgqv6kdzvigzj7p24vjfx7slm8f0jj1nw8rw21s4dx5yvdxs4djl9elwzj8rxbpxuk7u9y96i4zp/val_probs_labels.table.json","_latest_artifact_path":"wandb-client-artifact://n0rolzowmp1jxm444j5m3yy9wrf1vjsdq3guyo3dzo66f0z65bj1jrjj1vrr0l3uhr9iw4sm69mlnuhbd0sfqv9cc21sdjdx7xqy2d18fmwht4fmvrh8h4ltcb9lnd4e:latest/val_probs_labels.table.json","path":"media/table/val_probs_labels_24_2e826c924a5b4c59d936.table.json","ncols":2,"nrows":851,"_type":"table-file"},"test_incorrect":73,"_timestamp":1.7498570522769008e+09,"test_correct":938,"val_accuracy":97.41480611045829,"specificity":0.9874608150160671,"_wandb":{"runtime":396},"test_accuracy":92.77942631058357,"train_loss":0.07048732270909981,"test_total":1011,"no_tumor_train":1276,"_step":25,"auc":0.9915619770429208,"_runtime":396.859464523,"epoch":25,"tumor_train":1489,"val_loss":0.12645595254642622,"test_auc":0.9771217862526993,"test_sensitivity":0.904290429027982,"sensitivity":0.9661654135156735}