{"test_specificity":0.962962962939186,"_timestamp":1.7497734751788285e+09,"test_correct":936,"sensitivity":0.9778188539560477,"_step":29,"train_loss":0.09599045690681253,"test_incorrect":75,"_wandb":{"runtime":350},"test_total":1011,"val_probs_labels":{"path":"media/table/val_probs_labels_28_b66a21296e0f798ce57f.table.json","ncols":2,"nrows":851,"_type":"table-file","sha256":"b66a21296e0f798ce57f7f55fbca1b73f61158760b0565364ab8ebd2db870bfd","size":21868,"artifact_path":"wandb-client-artifact://3r1b5z5axoyyjja1hxijqsxifpk8jirdqkvombvvhvgixz0vkp6o58j2nq1e60x1242obzl2x1v7nnj5ixt176qfd6ni27ai5zkoa4v34ozo1zxeb9wrsl2fgaal6ef8/val_probs_labels.table.json","_latest_artifact_path":"wandb-client-artifact://bh3o4ve1feigyk65ncape33ocxdj6ajv6lat8s1qfzfqpuem3xqb4ewhrvzzizj5b779uquhckx108090blvh8uck12zo486kr5f1qsiimvter8p3k3um4or8l68pvk4:latest/val_probs_labels.table.json"},"auc":0.9827022837040129,"_runtime":350.057634117,"specificity":0.8806451612619146,"val_accuracy":94.24206815511164,"epoch":29,"train_percent_used":0.5,"test_accuracy":92.58160237388724,"train_samples_used":1702,"val_loss":0.19587653875350952,"test_sensitivity":0.9009900989950331,"test_auc":0.9701259014790368}