{"val_incorrect":80,"val_accuracy":90.59929494712104,"best_model_path":"Checkpoints/Messungen-noTu-Tu/trainsample_340/best_model.pt","epoch":37,"train_samples_used":340,"train_loss":0.052518864472707115,"sensitivity":0.9667282809433136,"val_loss":0.3130680365221841,"specificity":0.7999999999741936,"val_probs_labels":{"ncols":2,"nrows":851,"_type":"table-file","sha256":"0475a2a276623b33444aa347140cccd2d7a58a54a0ee970e09a778de237c1467","size":21932,"artifact_path":"wandb-client-artifact://t9ajk4yga14zh9r7uxshf4uuxg90jk54qickpg6wu37dqlfq44de8jys44te10huvsshexoulfvv43u41j6otrjycyj3kvh3ys68via3pfrawpz8by8jbau0auji8psg/val_probs_labels.table.json","_latest_artifact_path":"wandb-client-artifact://xv816mb3l0ewma4a2jsbtontnw80jftxzg8380zkkpt1wih7it1o4ct7h9cywy8osl8rm1qzerbmiodyl6oz3zorefzki7ngulyix9xskc0tndtxopohyvdnh4a9yj2e:latest/val_probs_labels.table.json","path":"media/table/val_probs_labels_57_0475a2a276623b33444a.table.json"},"_runtime":142.729245122,"checkpoint_path":"Checkpoints/Messungen-noTu-Tu/trainsample_340/checkpoint_epoch_030.pt","val_total":851,"auc":0.9643014727803948,"val_correct":771,"_step":57,"_wandb":{"runtime":142},"_timestamp":1.74865015224226e+09}