{"test_accuracy":88.61386138613861,"test_correct":537,"auc":0.9331375553285666,"specificity":0.7840909090612087,"test_incorrect":69,"_runtime":293.928200168,"test_sensitivity":0.9379084967013755,"val_loss":0.6620111140689593,"test_auc":0.958082788671024,"val_probs_labels":{"sha256":"c2bcf0da32b6357f2963079ecd24f34edab6bcc5812bccc163aa72d5a3f4f2a4","size":13074,"artifact_path":"wandb-client-artifact://ebanm7rjn3acpk4ear6tt6vrbux6dc2w56jwqxy2bxr5073t8z0ef0oid9axms1zpwimddlvwnh3zlk3844fwh3l75zacx8kig1835j6erti137e55e3gvt52fhkyyo7/val_probs_labels.table.json","_latest_artifact_path":"wandb-client-artifact://bbvncwvx8cfmlvs1c36ry245pze94ihgin0o4qo3wltb5svthsxv55z00q4fz4j927601sfagf181asdthe53oqsb5f0pgwpclmntyc4r2e36fuba3ytr9755tzc1ky7:latest/val_probs_labels.table.json","path":"media/table/val_probs_labels_32_c2bcf0da32b6357f2963.table.json","ncols":2,"nrows":531,"_type":"table-file"},"train_loss":0.0585826332480165,"sensitivity":0.955056179739511,"train_samples_used":1389,"_timestamp":1.7497659650545976e+09,"meningioma_train":1072,"_wandb":{"runtime":293},"test_specificity":0.8333333333055555,"val_accuracy":87.00564971751412,"_step":33,"test_total":606,"test_confusion_matrix_table":{"sha256":"cfb4825aef71c55b82e77b675bd032db40494167cb2d896876e523bc4f1e1cc2","size":192,"artifact_path":"wandb-client-artifact://e5c5wotf2protluhrom8cnhm0e0pvvoeagdytjoil9iwql00lw2auky2bxrs6uzlw0alsj89pwsdaloszqigyhvgfzzx1uj8sx5t50i7oxp9bzvb4exapr0csln5f34d/test_confusion_matrix_table.table.json","_latest_artifact_path":"wandb-client-artifact://5pjt3p5u3mhxcaxqlhhqa9s7oly7mhnwj7vwuhonb7fmoxbddj80f0d8u4ilnjsovgw338p3wkqq8o99crnex2pi1piw7ub1bop0fpei66v3run4eaa4surhztxyqp8q:latest/test_confusion_matrix_table.table.json","path":"media/table/test_confusion_matrix_table_33_cfb4825aef71c55b82e7.table.json","ncols":3,"nrows":4,"_type":"table-file"},"epoch":33,"glioma_train":317,"test_probs_labels":{"_latest_artifact_path":"wandb-client-artifact://5afht82lbdxda9b8sjy7czr1z163nfw4lqwvqaq5fe3kfy3je0fzx4mubxsapmk4ypg27wf2u7jm80aq381efbk8vmirbcv119k3d7xi1odrxp0s1qat3gqehxt678eo:latest/test_probs_labels.table.json","path":"media/table/test_probs_labels_33_f8f832cd75d96801317f.table.json","ncols":2,"nrows":606,"_type":"table-file","sha256":"f8f832cd75d96801317f35ce6d3ef2de3ca08c0ce57b48c51fd4f410e38661de","size":15439,"artifact_path":"wandb-client-artifact://cdekvsaaglx64n5542cpp89bp5pbfmzlhgf1jxn1cbgh6g66cr5pdqdhaq54ziqsq3rfan0t5pdd5u68tv68vqldc1vd424ws1s9qqs2wuv9v8s581a7pxvw4jkau8rn/test_probs_labels.table.json"}}