{"test_correct":977,"val_probs_labels":{"artifact_path":"wandb-client-artifact://4av13lolzu0cfdglzho5zyki1fosc19qnejs0q6sm6ead9t63ckqrfl2mp95n3plsdu6qkm4m0zistl4c5w5mow7qywkp46qepdqmr68n4s7gcjin85sqq3flb1tpf1w/val_probs_labels.table.json","_latest_artifact_path":"wandb-client-artifact://aqj0nigr9klnr34dmq3aizhc129rdsvse6v4wmsri8o5my683fjpa1iigf95dnj8nfl27nry0c11vebuajitn5eeho9envi71pnbiiro9m45dtx5bjjoy3cozrl1hpjl:latest/val_probs_labels.table.json","path":"media/table/val_probs_labels_34_3c36eefee5a8a8dbc647.table.json","ncols":2,"nrows":851,"_type":"table-file","sha256":"3c36eefee5a8a8dbc6470118f3c54eeebc1e390dddb2304783529c5d0d0d5125","size":22064},"train_loss":0.04102219924330711,"train_samples_used":3191,"test_specificity":0.9999999999753086,"sensitivity":0.9718045112599285,"test_accuracy":96.63699307616221,"test_incorrect":34,"test_total":1011,"test_sensitivity":0.9438943894233681,"auc":0.9957397412025362,"epoch":35,"test_auc":0.994022735606894,"_runtime":678.449006663,"_step":35,"val_loss":0.06858691227223192,"val_accuracy":97.76733254994124,"tumor_train":1915,"_wandb":{"runtime":678},"_timestamp":1.7498329306480212e+09,"no_tumor_train":1276,"specificity":0.9874608150160671}