{"train_samples_used":340,"_step":55,"specificity":0.832258064489282,"val_probs_labels":{"size":21991,"artifact_path":"wandb-client-artifact://7n2pwxjr18shctfkqsj5zu6jsfvt3feg1bk5yh8203ext7zrw0lc9ij8kggs2ikl6m2faptspnqebt3jgfxrn5x1y1spav06uomjezkrm3n9gheo1hzmtza1907k0hzw/val_probs_labels.table.json","_latest_artifact_path":"wandb-client-artifact://p75rv82310kjdu6uc7d80p2yb4o0qza8y3suo2t2mcrd9rqg19e71xy99sxykgfa07vq6qm3fvizmqva7e11hj0wbah890ogr4v3f3ofmvxrnp2gqk1kovb2t3hgmm52:latest/val_probs_labels.table.json","path":"media/table/val_probs_labels_55_b890bb86b5d360341582.table.json","ncols":2,"nrows":851,"_type":"table-file","sha256":"b890bb86b5d3603415824bc6da31a1d4c8d68f7546230e63a0fcf0e18f3182b1"},"epoch":37,"_wandb":{"runtime":142},"val_accuracy":91.30434782608695,"auc":0.9590423946097429,"best_model_path":"Checkpoints/Messung-noTu-Tu/trainsample_340/best_model.pt","_runtime":142.690838195,"val_incorrect":74,"val_loss":0.3254309158240046,"val_correct":777,"_timestamp":1.7485315706209247e+09,"checkpoint_path":"Checkpoints/Messung-noTu-Tu/trainsample_340/checkpoint_epoch_030.pt","val_total":851,"train_loss":0.06479670604070027,"sensitivity":0.959334565601491}