{"val_loss":0.27583523094654083,"specificity":0.9188191881579771,"train_loss":0.1117766515484878,"epoch":83,"val_correct":481,"best_model_path":"Checkpoints/Messungen-Gli-Men/trainsample_1702/best_model.pt","val_total":532,"_runtime":646.364578726,"val_probs_labels":{"size":13748,"artifact_path":"wandb-client-artifact://vr0vohqvebkmvxi595g390n98pz4asjfpcdrtq0jszj5w7u0a89deavqn1mv9ji6op8f3cze2mqinruk5vwtuox836kk8n8d3mf5gper6uegrwb2p6b8fl9iro9cqatt/val_probs_labels.table.json","_latest_artifact_path":"wandb-client-artifact://1x02kbw74rpbbq70lutetvd54e8wjgmr5ti6snmh6g8cg228l1oln1v2nrb3ddcmplkomat5z9xtx8elc4d5m5l7yb4i3jolpruhqrp4ma5uiwyva0jbi4r0hbabokja:latest/val_probs_labels.table.json","path":"media/table/val_probs_labels_117_bf9f3bb5722313812bf4.table.json","ncols":2,"nrows":532,"_type":"table-file","sha256":"bf9f3bb5722313812bf492e5774ad35e4b159af73b0be65ebd1ec3e7a03ca774"},"val_accuracy":90.41353383458647,"_step":117,"auc":0.965291032220667,"sensitivity":0.8888888888548319,"checkpoint_path":"Checkpoints/Messungen-Gli-Men/trainsample_1702/checkpoint_epoch_080.pt","train_samples_used":1702,"_timestamp":1.7486925159052813e+09,"val_incorrect":51,"_wandb":{"runtime":646}}