{"val_accuracy":96.12220916568742,"val_probs_labels":{"artifact_path":"wandb-client-artifact://e2x7g7bqez9ef4eiqgy59y1dxqs3frfagfn0gn6p6axurd7lxblpdt3s8busfcf16fksyzv8b6povnyf321zkxlou058nfjhdiojvfzhm3y2wq5e520xmuskn8tiwulx/val_probs_labels.table.json","_latest_artifact_path":"wandb-client-artifact://hakhp768adbfirpzadmv780l5yplbuc5zoqqvbx3hplqjndi4nl5me8y917m9zidtipw3biuvq16jd69czw3xqxiw5b32a9m8f7mg6u86tkqcbq5dugm5ec1dl8q57d3:latest/val_probs_labels.table.json","path":"media/table/val_probs_labels_27_57211b51163ab6f7fc25.table.json","ncols":2,"nrows":851,"_type":"table-file","sha256":"57211b51163ab6f7fc25cc6f032adc619f6e42c3022cf141ffd3d6c076d30b24","size":22145},"auc":0.9885755172619403,"val_total":851,"specificity":0.9548387096466181,"_timestamp":1.7480425500913897e+09,"train_loss":0.07327237001116492,"train_samples_used":3404,"val_correct":818,"_wandb":{"runtime":363},"sensitivity":0.964879852107858,"val_loss":0.1718153901812103,"_runtime":363.16862205,"_step":27,"checkpoint_path":"Checkpoints/Hyperparametersuch-noTu-T/restful-sweep-35/checkpoint_epoch_020.pt","epoch":26,"val_incorrect":33}