{"sensitivity":0.9722735674496807,"val_loss":0.09461008860463542,"val_probs_labels":{"_latest_artifact_path":"wandb-client-artifact://0yyrvzdsz93web3qgcay142kdbks452nn8du0shfp56eqjv2efhwv92wk4i6rruox13wd6up35lshqhij60ns2iyq3mofq4zddabxlb9wxiqi5gfeny79mw9cwa9q2qk:latest/val_probs_labels.table.json","path":"media/table/val_probs_labels_27_2eb22802be68272d128b.table.json","ncols":2,"nrows":851,"_type":"table-file","sha256":"2eb22802be68272d128bf640a9c036e07040914a8c49904a4a81df02393d296d","size":21928,"artifact_path":"wandb-client-artifact://bdzu0e5vtn3926cmnyd45wc3qsn2e159tgy3obvf32ybcleegt4wv72a4pmaoyfynat54t344hx67vr4nx88umqegigoeuwbqxdj3929uawreantw1kxwoge9zrhkb3g/val_probs_labels.table.json"},"val_accuracy":97.64982373678026,"val_incorrect":20,"train_samples_used":3404,"_step":27,"_wandb":{"runtime":364},"val_correct":831,"train_loss":0.01905748149362841,"epoch":26,"val_total":851,"specificity":0.9838709677101977,"checkpoint_path":"Checkpoints/Hyperparametersuch-noTu-T/dulcet-sweep-59/checkpoint_epoch_020.pt","_timestamp":1.7480515002463715e+09,"_runtime":364.824469249,"auc":0.9960765607298312}