{"test_total":1011,"test_sensitivity":0.9356435643409959,"epoch":29,"test_specificity":0.9679012345440025,"test_accuracy":94.85657764589516,"train_samples_used":3063,"val_loss":0.11510224957019091,"val_probs_labels":{"artifact_path":"wandb-client-artifact://g7lael7n9mudiftish16ng1575e5u6wx76tosb07xmrbt2y4h0fxn3c4spftnpgch0zixr3wpbdpekric5lfk6g8qa8xlnl26ff0i68nm801iputvecoiqghn4fzd4kx/val_probs_labels.table.json","_latest_artifact_path":"wandb-client-artifact://matdf9edq5cpgn4uqn07opdx20y9cpgnhbxx2xp864uvx9hnj3knxlo25utsrxbihe4ub56wc6ei2ftk3duyfto1fz9gtrd3or08762ydw3cwugdgyavzxgbg3fpmhfd:latest/val_probs_labels.table.json","path":"media/table/val_probs_labels_28_f794e3b70a328cc11574.table.json","ncols":2,"nrows":2553,"_type":"table-file","sha256":"f794e3b70a328cc11574570b11b8050dd8b7f4dc6ae95638712349a9809889a4","size":66568},"val_accuracy":97.10144927536231,"sensitivity":0.9600760456212923,"_timestamp":1.7494856226164615e+09,"train_percent_used":0.3,"_step":29,"train_loss":0.0321799034330373,"test_auc":0.9889907509269446,"auc":0.9935582204023269,"test_correct":959,"_wandb":{"runtime":921},"specificity":0.988717948707808,"_runtime":921.735309911,"test_incorrect":52}