{"val_accuracy":97.76733254994124,"epoch":26,"test_incorrect":57,"auc":0.9949089023499187,"val_loss":0.08711160187210355,"train_samples_used":3191,"test_accuracy":94.3620178041543,"test_specificity":0.9753086419512269,"test_correct":954,"_wandb":{"runtime":490},"_runtime":490.935763967,"sensitivity":0.9718045112599285,"specificity":0.9874608150160671,"train_loss":0.05921873554587364,"val_probs_labels":{"_type":"table-file","sha256":"bc1b3820ba991af1d207e843d5f6cd6205d8af913e3bf8f69c8f9b55d62d131a","size":22141,"artifact_path":"wandb-client-artifact://0ycvtwrv7jhqxbfvx9gbxwa1g1gop4msfozadgz3p4zvi7vqoqgl6yaiytxmyh88y314ctiuzzkucr7oviv8op20r77xh5y0wf1lxzuk8qcyll7om8uksqdzxshgm6em/val_probs_labels.table.json","_latest_artifact_path":"wandb-client-artifact://xhk58hg9j0d1x1xxs80doga1kj2b6kyou40witz0rcg6z78fl4m7f5pb2q4vx7fczqy2asv4yb7gp1kxzhxxsibi8r92nem4jrg26nlxkwqsibuhs51xg7dzggetph08:latest/val_probs_labels.table.json","path":"media/table/val_probs_labels_25_bc1b3820ba991af1d207.table.json","ncols":2,"nrows":851},"_timestamp":1.7504259031888993e+09,"no_tumor_train":1276,"test_auc":0.9838895000611172,"test_sensitivity":0.9224422442092006,"test_total":1011,"tumor_train":1915,"_step":26}