{"val_incorrect":29,"_timestamp":1.7480330184271383e+09,"sensitivity":0.9630314232724023,"checkpoint_path":"Checkpoints/Hyperparametersuch-noTu-T/noble-sweep-5/checkpoint_epoch_010.pt","_runtime":258.638850748,"val_probs_labels":{"nrows":851,"_type":"table-file","sha256":"114b9b0353aeee8905199fd3370c42388cb21b971d2687cec2440d4fe62c2363","size":22065,"artifact_path":"wandb-client-artifact://jhzxyogiguouonh08anxepfwe83obzq5kgg4k5a4w9eu56h457jlja4kjygvddywlg48tqr42v7bjeq5gpl23x08zypteyo0q95ap21zeq6d1lgjugr6ahix24tch7no/val_probs_labels.table.json","_latest_artifact_path":"wandb-client-artifact://l465l8cohi39zmlzuusoflgxx6rwogil4h8h55sg820qi2e79ht0sm46j13mcmznl9mcdcnu4rrgykg1uuocfvarg5dsugqge8xb5ls3hmjfox9mjptamq3bejhbszhy:latest/val_probs_labels.table.json","path":"media/table/val_probs_labels_19_114b9b0353aeee890519.table.json","ncols":2},"specificity":0.9709677419041624,"val_total":851,"train_loss":0.10152319052457227,"val_loss":0.1701775709300785,"_step":19,"auc":0.9889034643133982,"val_correct":822,"epoch":19,"_wandb":{"runtime":258},"train_samples_used":3404,"val_accuracy":96.59224441833138}