{"val_accuracy":96.94477085781433,"train_samples_used":1914,"_timestamp":1.749844654336263e+09,"_step":24,"no_tumor_train":1276,"test_specificity":0.9259259259030636,"test_accuracy":91.79030662710188,"epoch":24,"train_loss":0.05108747327079376,"tumor_train":638,"test_sensitivity":0.9125412541103541,"val_loss":0.1403371606554304,"test_correct":928,"_wandb":{"runtime":294},"test_auc":0.9699547732551033,"sensitivity":0.9586466165233337,"specificity":0.9874608150160671,"test_incorrect":83,"_runtime":294.381743761,"val_probs_labels":{"_type":"table-file","sha256":"aa7ff13d68032124ccb478252a13b3b09cb58f56aa1b3560c915c820c9b0cf9d","size":22200,"artifact_path":"wandb-client-artifact://6z0bsie5ymicjq8d1dvkoz192hwi3ke616fiobwhvhvd12jsh443jtaj9fshp1r8tvdaugpzzvzvo26b86t9f77468knmqcolrnh149vxq2ewamr73398lepmgfn9r1t/val_probs_labels.table.json","_latest_artifact_path":"wandb-client-artifact://l9sikogtzwqcnfxazpw4w0o2zsgz1vyycvqd95elgog0qoa4ba2pbcpnbn6qltfwwrxls7z58uu6aev70yt8y59w162uq62e5phpkqo08qdd9buusfgnpwlskbxe0wq8:latest/val_probs_labels.table.json","path":"media/table/val_probs_labels_23_aa7ff13d68032124ccb4.table.json","ncols":2,"nrows":851},"test_total":1011,"auc":0.9941310957644895}