{"no_tumor_train":1276,"val_probs_labels":{"nrows":851,"_type":"table-file","sha256":"ea52457eb9c0353f29f721199cfb8e9e1c6c1db1483622847a38efefb68ea683","size":22227,"artifact_path":"wandb-client-artifact://3jgpbj8rbjb81o0btp5ypud8ywv9f5sv1uldtzw9mksewdknpzxmhupd2sx7h3jznzzmnfjwoi4bu1k4qq8ojahm4ric4a87crn9otogkaqw5p9l88qeh8wdkbmin5th/val_probs_labels.table.json","_latest_artifact_path":"wandb-client-artifact://n3augkikmdfchnp23m5s1gpttb1ggr5sy89j86f05ss14tcyj0do9pinavy0if5gafswf6c4sfnodb2xjlr9awo8rrcte3ny8pxxf18aa2jzu8ie8ppcnb58p6som8bv:latest/val_probs_labels.table.json","path":"media/table/val_probs_labels_33_ea52457eb9c0353f29f7.table.json","ncols":2},"test_total":1011,"test_sensitivity":0.9570957095551634,"test_auc":0.9919366010675141,"train_loss":0.05593224890374889,"epoch":34,"_timestamp":1.7504132026423504e+09,"val_loss":0.06354376993009023,"tumor_train":1702,"test_accuracy":97.3293768545994,"test_specificity":0.9975308641729005,"auc":0.9973366016923185,"_runtime":557.869812095,"train_samples_used":2978,"specificity":0.9937304074923595,"test_correct":984,"val_accuracy":98.00235017626322,"_wandb":{"runtime":557},"_step":34,"sensitivity":0.9718045112599285,"test_incorrect":27}