{"val_incorrect":271,"sensitivity":0.9999999999616858,"_wandb":{"runtime":104},"train_samples_used":2128,"_step":11,"_runtime":104.670603788,"val_correct":261,"val_total":532,"val_loss":0.6939536613576552,"auc":0.5,"train_loss":0.6937209883732582,"_timestamp":1.7481089813842049e+09,"epoch":11,"checkpoint_path":"Checkpoints/Hyperparametersuch-Gli-Men/dulcet-sweep-33/checkpoint_epoch_010.pt","specificity":0,"val_probs_labels":{"_type":"table-file","sha256":"b4108710a870d61f986169942e2b519414d57213d1151849f58d822d2622ba10","size":13340,"artifact_path":"wandb-client-artifact://p0a17u3nckgb14wrd57n5dbs0y9p015thgpjrpl79zzmv6dw4ocbbxcndvlcr44qvjz80o6j8dqe7qttj05s2wvr9snrjthxo0ubyplm94y28ozjxkrjq6qrofgx9mf6/val_probs_labels.table.json","_latest_artifact_path":"wandb-client-artifact://o492j4e1j9niq4rdjj23sn80oipxl92mtmuaaglamhks60r7lvllavucbxov8j9ar23my06g13jcnetvnq4fhr5q0un78qw1o9n81dgowfaosi6d6br0dkk21qh5l0aw:latest/val_probs_labels.table.json","path":"media/table/val_probs_labels_11_b4108710a870d61f9861.table.json","ncols":2,"nrows":532},"val_accuracy":49.06015037593985}