{"test_accuracy":92.87833827893175,"_step":23,"_wandb":{"runtime":371},"train_samples_used":2723,"sensitivity":0.9685767097787694,"val_accuracy":95.88719153936546,"test_sensitivity":0.9141914191268286,"test_incorrect":72,"_runtime":371.93201034,"val_probs_labels":{"path":"media/table/val_probs_labels_22_546451565a25925c8813.table.json","ncols":2,"nrows":851,"_type":"table-file","sha256":"546451565a25925c8813e9f7c5e56031c4e38a9edb64ba8ab95d7dcd913e9e9c","size":22096,"artifact_path":"wandb-client-artifact://pmo2qsxbrn3ds4ssv9upaen241h57nr3z7fz07ekz96cr5g2p524dp6t41k5t59wdf4o5qcc1qbd95n8423y0psn6y35b1dxboml8jyycszb9kpljal7rwc3xia3cv7x/val_probs_labels.table.json","_latest_artifact_path":"wandb-client-artifact://fi8vyrfktfirnu64ph2tm7d59437l12s8ggvujjt7kbaodyg48ac6lcbhkxu55vydkgv4pqq816vxk9gpe7yecumzjom8qiemqoxtwn4l7di2vd6k07bmgyksl839gke:latest/val_probs_labels.table.json"},"test_specificity":0.9506172839271453,"epoch":23,"train_percent_used":0.8,"val_loss":0.14414736415658677,"_timestamp":1.749780498707296e+09,"auc":0.990060223003995,"test_correct":939,"specificity":0.9419354838405827,"test_auc":0.9835879884284724,"train_loss":0.041904608824883,"test_total":1011}