{"val_loss":0.29118140207396614,"_runtime":687.851344383,"checkpoint_path":"Checkpoints/Hyperparametersuch-Gli-Men/visionary-sweep-61/checkpoint_epoch_070.pt","auc":0.9637429132912019,"_step":79,"_wandb":{"runtime":687},"val_accuracy":90.97744360902256,"train_samples_used":2128,"val_total":532,"specificity":0.8929889298563473,"val_probs_labels":{"path":"media/table/val_probs_labels_79_a393ae0c5642392f06e6.table.json","ncols":2,"nrows":532,"_type":"table-file","sha256":"a393ae0c5642392f06e63557d4e92d529bce84654b2bbbdfcd812286d550ab77","size":13552,"artifact_path":"wandb-client-artifact://vhb91y0smwje4ih5ybcz97wsxw0doi6mzgsyaps8zcs80efz3xug800qkxs26cnmpcqna8firn6g9xuj5dftjbm0hkqf1022luxy5mxzp5vi6qfybxr35kmscuan4t9e/val_probs_labels.table.json","_latest_artifact_path":"wandb-client-artifact://otw1z9g9btbnx6i4dcb2eomdxk1r9an04e0w3so8afu3pzkdzhvkwssgmhr58mmnzf00zqr6yxo0quq9fcsqbkqoxmyke9kvl1q92tmxmabjqoajs3v66bcaap22pmiu:latest/val_probs_labels.table.json"},"train_loss":0.11105978905278094,"sensitivity":0.9272030650985745,"_timestamp":1.7481185805447137e+09,"val_incorrect":48,"epoch":73,"val_correct":484}