{"train_loss":0.05807399677790024,"train_samples_used":2723,"val_correct":810,"_runtime":240.192981094,"val_loss":0.21338854836566107,"_wandb":{"runtime":240},"val_accuracy":95.18213866039953,"val_probs_labels":{"path":"media/table/val_probs_labels_29_1cb9261aa5a8c77a3672.table.json","ncols":2,"nrows":851,"_type":"table-file","sha256":"1cb9261aa5a8c77a3672cb5550829b3d1466bc31fb9cb98df84e9f4a9bcc92ed","size":22191,"artifact_path":"wandb-client-artifact://5t84h8g66i8b8v8dbgtb6fr12hisazctilm2dk0rowrg4dziyqq1twuguun15kibeohxa0iy7q3ed3q5e9bbzqa4y00zmu45v8u6w5mmtbldgijtp1re3t3dy4auq003/val_probs_labels.table.json","_latest_artifact_path":"wandb-client-artifact://9v4blxdl96erb5762w9xbji1a26whq21d5r3r3bt6t19xn6ez0yjwz1ebo0nbsafw2lywbvu0p2si30if4kz5chj402g35p56ppwp49ojppk54lb36o92vqhssv6y0gz:latest/val_probs_labels.table.json"},"val_incorrect":41,"val_total":851,"checkpoint_path":"Checkpoints/Messungen-noTu-Tu/trainsample_2723/checkpoint_epoch_020.pt","auc":0.9877824816647784,"_timestamp":1.74864147243166e+09,"specificity":0.9741935483556712,"_step":29,"epoch":21,"best_model_path":"Checkpoints/Messungen-noTu-Tu/trainsample_2723/best_model.pt","sensitivity":0.9390018484114787}