{"val_loss":0.2817155326552251,"train_samples_used":2128,"_runtime":329.704522867,"val_total":532,"train_loss":0.12154493261295468,"val_incorrect":52,"_timestamp":1.7481142341111317e+09,"val_probs_labels":{"_latest_artifact_path":"wandb-client-artifact://a5ng0dt2az3qpgt44hqj5qt3c2ajaxr1ghtgmpl3zprt9r02ju1xpwhgc6mhmugy4vxijdz7fo68i1072y565w7c3nxmi4dcvnd3uvmbt56vsxpuxvi8v8j3zei8o5q3:latest/val_probs_labels.table.json","path":"media/table/val_probs_labels_37_bdcf59d5cf1aff37745b.table.json","ncols":2,"nrows":532,"_type":"table-file","sha256":"bdcf59d5cf1aff37745bcd99d4903288d6341174a5c910500552a42cbb91df4d","size":13661,"artifact_path":"wandb-client-artifact://2zib1juw52a5wh1yur68nzlz5h4rlu7p7pvx9h4pq73hu8vbb8c0oz3lzlic1t8h4vs6bdqkto3xomljsr93gsjbd3rqadi11ubuao3fcn5b71gw6d1nva7u9tt8vtoo/val_probs_labels.table.json"},"epoch":35,"checkpoint_path":"Checkpoints/Hyperparametersuch-Gli-Men/summer-sweep-50/checkpoint_epoch_030.pt","sensitivity":0.9310344827229489,"_step":37,"val_accuracy":90.22556390977444,"auc":0.9668886344035854,"specificity":0.8745387453551831,"val_correct":480,"_wandb":{"runtime":329}}