{"_runtime":175.743072485,"train_samples_used":2128,"val_incorrect":89,"_wandb":{"runtime":175},"sensitivity":0.8582375478598376,"checkpoint_path":"Checkpoints/Hyperparametersuch-Gli-Men/eternal-sweep-78/checkpoint_epoch_010.pt","specificity":0.8081180811509919,"epoch":19,"_step":19,"auc":0.9097566837737343,"_timestamp":1.7481256084670134e+09,"val_correct":443,"val_loss":0.3984439432621002,"val_accuracy":83.27067669172934,"val_total":532,"train_loss":0.4388779401779175,"val_probs_labels":{"_latest_artifact_path":"wandb-client-artifact://6lorakbyy4mq0b1uq1fg9reke2erzafymnso5523xa9qxa09k3ereatwygd8tzd49714y6nxhnskd88dh2h9udon5puh73o3opqjxtudl3o5i3h4fhn5icgx7rgu0slg:latest/val_probs_labels.table.json","path":"media/table/val_probs_labels_19_1c2168b5c8de75248533.table.json","ncols":2,"nrows":532,"_type":"table-file","sha256":"1c2168b5c8de7524853394f10efb76995823c31b231acd4a53fbe1caa57a48bf","size":13455,"artifact_path":"wandb-client-artifact://7yvqoe24427efz3ajg5mfrblem1kco5e0p8aw1ocoppklbflfhuzy4xqpdf1d2qi1bwwyy95dfzrioel4tn8hr0tpyrr9b6tsoh2rcrticj3yadfjyrl766qnmotwbel/val_probs_labels.table.json"}}