{"_wandb":{"runtime":616},"test_accuracy":97.23046488625123,"_step":36,"specificity":0.9937304074923595,"test_total":1011,"_timestamp":1.7504514492571318e+09,"_runtime":616.104741837,"sensitivity":0.9774436090041834,"test_auc":0.9942794279427943,"val_loss":0.07866328349336982,"test_sensitivity":0.9620462046045867,"val_probs_labels":{"ncols":2,"nrows":851,"_type":"table-file","sha256":"4a0db5d12c32c9f796ce651aacfb5127018deef6f0544dce461322548ac50867","size":22048,"artifact_path":"wandb-client-artifact://0wak3ir0051uc9zh0x0jz8gnrxvyi0rog8buj25monveecblv48vwicvzgfu5ic5352f71zrsyr1pplv9p6qthxpo1sxot1ei8pzphed288podbpndscz9lbfzr36ysb/val_probs_labels.table.json","_latest_artifact_path":"wandb-client-artifact://vsw8hc16cl3pdyxq23brn0vd2h7jajveyac20im9ra278us1cjyryqmaawtt2zv4vvpetj90fk69v4w81xjm2a6s9y2wycpztfds6z7lxnmj23f590qrxc3qegvbbqyr:latest/val_probs_labels.table.json","path":"media/table/val_probs_labels_35_4a0db5d12c32c9f796ce.table.json"},"test_specificity":0.9876543209632678,"epoch":36,"no_tumor_train":1276,"test_incorrect":28,"val_accuracy":98.35487661574618,"auc":0.9964527305725128,"tumor_train":1702,"train_samples_used":2978,"train_loss":0.03753672285044255,"test_correct":983}