{"val_probs_labels":{"nrows":851,"_type":"table-file","sha256":"99d55ebbcbcb1615018bf72f594d5961bd0dc7556149eb0ac0cec6774fb4db1e","size":22095,"artifact_path":"wandb-client-artifact://k1rc7fr8w7gux9869d5b0ufzpeumg5v1h3qtrp8d1uw3bjuz2vlrwsq3bqc0gnei3f4xw7vfwcndqwckhw10dt6t0x59hipa75duzpseae60dbgnj17tfbf6eb1v3g84/val_probs_labels.table.json","_latest_artifact_path":"wandb-client-artifact://psxq7jxf0pt2rw9q6dcvkl9c1x6bsg4b441ygcoddoka86h8hf27ga2t69pbaygnm2mxzmavwsxg2wfqxmfw988lf8qyp19tqt79v35r5apyqfnnb9er36etkvpvuqir:latest/val_probs_labels.table.json","path":"media/table/val_probs_labels_28_99d55ebbcbcb1615018b.table.json","ncols":2},"_runtime":250.279418651,"sensitivity":0.9390018484114787,"specificity":0.935483870937565,"val_accuracy":93.77203290246769,"test_accuracy":89.31750741839762,"train_percent_used":0.3,"auc":0.9825830302307554,"test_sensitivity":0.8811881187973402,"_wandb":{"runtime":250},"_timestamp":1.7498189704164357e+09,"test_specificity":0.9111111110886145,"_step":29,"test_auc":0.9546062013608769,"test_correct":903,"train_samples_used":1021,"train_loss":0.061010742909274995,"test_total":1011,"test_incorrect":108,"epoch":29,"val_loss":0.22537390461989812}