{"test_auc":0.9941368210895163,"test_specificity":0.9925925925680841,"specificity":0.9651282051183063,"val_probs_labels":{"sha256":"c231c16af88011c503205ebd5672da31e1d0db0471537de019a9ca40dbe6c246","size":64308,"artifact_path":"wandb-client-artifact://0z4z9y42jgwqqm0d6n22ju2c3kwy4510gx140lrwzfb03b3d61q46bligrkzlqrl45rmisxpxawkoq5zl4fzh2hssrbbcqm1p0y5vvm90q9pa970bbo786712gn2dojv/val_probs_labels.table.json","_latest_artifact_path":"wandb-client-artifact://zfot8bjt4y1imb5amq7wbwmhzuvi2lcyw7m8fnu979ape5tdmlzyyn63wy53nwg41s70590vu949sk91ivjtuzz6jsm9wdx8hufrcc71qymcdlsjz9bqnecx6u6ze7d8:latest/val_probs_labels.table.json","path":"media/table/val_probs_labels_34_c231c16af88011c50320.table.json","ncols":2,"nrows":2553,"_type":"table-file"},"_timestamp":1.7493148707401493e+09,"val_accuracy":97.45397571484527,"train_percent_used":0.6,"val_loss":0.11293619647622108,"sensitivity":0.9803548795882108,"test_incorrect":23,"auc":0.9940625914009944,"_wandb":{"runtime":1751},"test_accuracy":97.72502472799208,"epoch":35,"test_total":1011,"test_correct":988,"train_loss":0.0289985781176559,"test_sensitivity":0.9669966996540099,"train_samples_used":6127,"_runtime":1751.590760924,"_step":35}