{"_timestamp":1.7486464998762362e+09,"val_loss":0.3071275938834463,"epoch":34,"val_probs_labels":{"path":"media/table/val_probs_labels_51_2074ec36fe2aa4c6f9eb.table.json","ncols":2,"nrows":851,"_type":"table-file","sha256":"2074ec36fe2aa4c6f9eb5badc99b8364ec874517cbacdc45f3ab32900304e4e5","size":22035,"artifact_path":"wandb-client-artifact://98op90om4o3uaidh6t3axsklkpevhkjyap2nk13jb3ux8qxvws0pfp710ejrmnjlfqz7k5dcxxwmkhdsw53bz8k8numdgzjr3fxl57bj58ri883hywkm9hh2u860lrek/val_probs_labels.table.json","_latest_artifact_path":"wandb-client-artifact://twye1kygdp82u04rfo7b043tnm19aye4mljtq9s62veuxzau8i5im9w6yg5wueha827cxsx08l9b1ckmkucbmvgcc72884yywhrvui7zja4n2lr8w6yo36a2ur4qq6zm:latest/val_probs_labels.table.json"},"val_accuracy":92.7144535840188,"val_correct":789,"_runtime":131.440249239,"train_loss":0.050866782665252686,"sensitivity":0.953789279095124,"checkpoint_path":"Checkpoints/Messungen-noTu-Tu/trainsample_340/checkpoint_epoch_030.pt","best_model_path":"Checkpoints/Messungen-noTu-Tu/trainsample_340/best_model.pt","_wandb":{"runtime":131},"train_samples_used":340,"specificity":0.8806451612619146,"val_total":851,"_step":51,"val_incorrect":62,"auc":0.9642358833701031}