{"val_correct":478,"val_probs_labels":{"sha256":"b95a5278d586bafebb9578caa69d6afe01f970da149e000e7a9eec087b17f320","size":13744,"artifact_path":"wandb-client-artifact://zbjfpvx82iug2r9b9rth0m1zrqrprp2ir605cxpflizy6940wjf0i8x6bkke4htzu5ifit62itx2382bou7mulaxelbktugjznphli08rt0fzmcpw922ooqnoc0zw8i0/val_probs_labels.table.json","_latest_artifact_path":"wandb-client-artifact://yoenk4kz8q5upiydlnxvtqsd31tfd9jzd2k0ojx5fe7hxl5ivgvxxwvbf2qbj8n7cwh8moaexliqrn6ds6vvm0zco4a7ingum1o93krg9pjllaw4n1zdfas635yn10g8:latest/val_probs_labels.table.json","path":"media/table/val_probs_labels_40_b95a5278d586bafebb95.table.json","ncols":2,"nrows":532,"_type":"table-file"},"train_loss":0.057372849357587505,"_step":40,"val_incorrect":54,"checkpoint_path":"Checkpoints/Hyperparametersuch-Gli-Men/desert-sweep-21/checkpoint_epoch_030.pt","_timestamp":1.7481052812414312e+09,"_wandb":{"runtime":352},"train_samples_used":2128,"auc":0.967305707539834,"_runtime":352.58846312,"val_accuracy":89.84962406015038,"specificity":0.9520295202600727,"sensitivity":0.8429118773623405,"val_loss":0.3285274421248366,"val_total":532,"epoch":38}