{"train_samples_used":1488,"test_correct":882,"no_tumor_train":1276,"val_loss":0.3581740739090102,"tumor_train":212,"test_sensitivity":0.884488448830289,"test_total":1011,"_step":29,"_runtime":213.003365672,"test_specificity":0.8543209876332266,"test_auc":0.9442488693313775,"val_probs_labels":{"sha256":"e9f180073f414f48414c60f0edaa9b83f7daede49f1d159a27dc1281e5e8e126","size":22248,"artifact_path":"wandb-client-artifact://brx0dncwdy3ckl09b0g6bqusu942xphlh0kidxelqj18xfr38e0svel0vcoe38ui70fzny4pvu0ldwcjtpeyg9105mokm0yw35fisl3zqvgqr3ayryvneh2gg89183so/val_probs_labels.table.json","_latest_artifact_path":"wandb-client-artifact://w63zstpfjvn757urjumwxzjenu6jgm5udzyox689t4s5yatdhxytair9dim4oy6sh4c1bptdr0lh147lcea9xau0ulzfs14eum8pj33868tuhl843j3yi0suoxbkw1iz:latest/val_probs_labels.table.json","path":"media/table/val_probs_labels_28_e9f180073f414f48414c.table.json","ncols":2,"nrows":851,"_type":"table-file"},"epoch":29,"train_loss":0.045748838145906724,"_timestamp":1.7498685053570902e+09,"val_accuracy":96.3572267920094,"auc":0.9874254602022298,"test_accuracy":87.24035608308606,"_wandb":{"runtime":213},"specificity":0.9874608150160671,"sensitivity":0.9492481202829088,"test_incorrect":129}