{"epoch":27,"auc":0.9906922664122592,"_runtime":355.399750986,"val_probs_labels":{"nrows":851,"_type":"table-file","sha256":"8fa9ced2522e208a54fe5567754b0c5552079b236f478f33f6ddcf425d2c42f2","size":22163,"artifact_path":"wandb-client-artifact://phsaempsp72ikmzvuwezf3xf48emht6csc2v7vy1bp8xjf9byz8ooxgba8us7bt67bdv5x8e955s29t5vnyfjie1glh2t6yrx3ickuzckjdzhmjzbbe1tw7c7gpxjy3r/val_probs_labels.table.json","_latest_artifact_path":"wandb-client-artifact://s8qi20cm8i1j7rifeueolyxzm1eioeohb03vtkdu3aawx8zvv1jcy1j1kl8o9y1838r49stu0dwxtbpetc2h8x8inpukcqnso37800r2yxaqp11x80gy3phux4cnc2fq:latest/val_probs_labels.table.json","path":"media/table/val_probs_labels_26_8fa9ced2522e208a54fe.table.json","ncols":2},"specificity":0.9612903225496358,"train_percent_used":0.6,"test_total":1011,"_wandb":{"runtime":355},"test_correct":964,"train_loss":0.02456632419489324,"sensitivity":0.9685767097787694,"test_auc":0.9856944953754635,"test_sensitivity":0.9537953795222146,"_timestamp":1.7497642768246565e+09,"val_loss":0.1871937188719,"test_incorrect":47,"test_accuracy":95.35113748763601,"val_accuracy":96.59224441833138,"_step":27,"train_samples_used":2042,"test_specificity":0.9530864197295534}