{"test_incorrect":44,"_timestamp":1.7498380848262074e+09,"test_auc":0.9896997107118118,"val_loss":0.07565578977976527,"no_tumor_train":1276,"auc":0.9953449454356894,"_step":43,"_wandb":{"runtime":762},"_runtime":762.58306045,"test_accuracy":95.64787339268051,"test_total":1011,"val_accuracy":97.88484136310224,"val_probs_labels":{"_type":"table-file","sha256":"80532c8cfc8cca85c6ef8de6b9e0edee399241c127f9ac17d8e12d7bc935be9a","size":22090,"artifact_path":"wandb-client-artifact://htl1oq048gjp0izreiagw1kcqnxnj4j1gwzku6fv3dih2b3iaa5xz9ov9qdoy91w1zeh8kpgjyrahif02k97i2swg32lcuckc0ovcc8z39zhnrbiqf3sx136kv1ltgqf/val_probs_labels.table.json","_latest_artifact_path":"wandb-client-artifact://3i0hh5um9yay286n3b1i7zhfxmmmept4s461m5ydp7jgl30hvctrgflddmwkn2errzh5t5xre77aoj7rou2vj88nqkuy8rk49x2wxtiod974k3uwtp7jwe6vdjl4kc7d:latest/val_probs_labels.table.json","path":"media/table/val_probs_labels_42_80532c8cfc8cca85c6ef.table.json","ncols":2,"nrows":851},"test_sensitivity":0.9339933993245215,"test_specificity":0.9901234567656759,"sensitivity":0.9699248120118436,"train_samples_used":2978,"train_loss":0.052558796926556774,"tumor_train":1702,"epoch":43,"specificity":0.9937304074923595,"test_correct":967}