{"auc":0.9568570747123011,"train_loss":0.048888941605885826,"_runtime":143.069446101,"specificity":0.8290322580377731,"epoch":37,"val_incorrect":75,"val_loss":0.3184411163840975,"val_total":851,"_timestamp":1.7486396856680927e+09,"train_samples_used":340,"val_accuracy":91.18683901292597,"val_probs_labels":{"_latest_artifact_path":"wandb-client-artifact://p09fvv1i795wuo7zw6syprot3qi77vl7hnh0u0q4ywfybar887gq4jiz0lxbie8ybds2byg3433tvxrwrorzojki8falzgsh6h5oe89eq2g34x516qoo3h64hf25k4f9:latest/val_probs_labels.table.json","path":"media/table/val_probs_labels_58_ff6386fe62242013e110.table.json","ncols":2,"nrows":851,"_type":"table-file","sha256":"ff6386fe62242013e1104d842f9f9ff04d2ea242d77db1fd922dd98874999236","size":22001,"artifact_path":"wandb-client-artifact://2f28bhdtv46dqq4dxklf9fel1vfnp2ingitn05yuq5ba68xy8rv4pdrqvya50x5nz64g9boegk3xy1u65f5ameuwccpzk0p98orsv6cp6rnz96a8pvs0wjj3cqm75o5a/val_probs_labels.table.json"},"best_model_path":"Checkpoints/Messungen-noTu-Tu/trainsample_340/best_model.pt","checkpoint_path":"Checkpoints/Messungen-noTu-Tu/trainsample_340/checkpoint_epoch_030.pt","_wandb":{"runtime":143},"_step":58,"sensitivity":0.959334565601491,"val_correct":776}