{"tumor_train":638,"val_probs_labels":{"sha256":"9238915f21e57fc82ff98bbd631d33c1d84765161ef7d599ec0647a99c597bc3","size":22123,"artifact_path":"wandb-client-artifact://oa80rld260e454dcbgm3xf6rbmvfwxuq0uz0qtw8y64aru9qhg5kg8ffx85n5cgkeof2vuqv6sfcwipyhhk9obo7q7z8xb4rq5ghfhnloahcqam7s66xsvpxobwn9xk9/val_probs_labels.table.json","_latest_artifact_path":"wandb-client-artifact://d9at8cldjk0fycnw2c9yjxjsvvblyflem55vxmk9miq40n4thdwecmd04e7c84oae1evhwr3cr5nlv3oxzgwfj919suni7r6nrmkvwjkkve01x3wclgb2x7of3ayfj8q:latest/val_probs_labels.table.json","path":"media/table/val_probs_labels_28_9238915f21e57fc82ff9.table.json","ncols":2,"nrows":851,"_type":"table-file"},"_runtime":327.990085541,"auc":0.991296815706979,"epoch":29,"test_incorrect":88,"_wandb":{"runtime":327},"train_samples_used":1914,"_timestamp":1.7498539283826647e+09,"test_sensitivity":0.9075907590609308,"test_correct":923,"_step":29,"test_total":1011,"val_accuracy":96.59224441833138,"test_specificity":0.9209876542982472,"train_loss":0.056999883924921356,"val_loss":0.18219722115567752,"no_tumor_train":1276,"test_auc":0.961899523285662,"specificity":0.9749216300634821,"test_accuracy":91.29574678536103,"sensitivity":0.9605263157714187}