{"test_auc":0.9876746933952655,"train_loss":0.036361638572998345,"test_sensitivity":0.9339933993245215,"test_total":1011,"_step":33,"no_tumor_train":1276,"_wandb":{"runtime":582},"tumor_train":1702,"test_accuracy":95.74678536102869,"epoch":33,"train_samples_used":2978,"val_probs_labels":{"artifact_path":"wandb-client-artifact://xrd0seqe60wf6x0iw9ad0g6ybbejoyrpro72qafcjbz2p83phra690xkc0z8irlm4fkejgx5mqe6bz9r47lx024ehj56mh7mnr99c8aetmh0pwjt8po7u5x16jzrxgx0/val_probs_labels.table.json","_latest_artifact_path":"wandb-client-artifact://n3b32cbioz9o8w3sa1sjvpwn7dguiex59afc86ha1rty39d77eq2rac3645jbolhiksopp7uef228qpkr3xoyot73xs0p7im8rscv3b799nzr58a3lp5m0wmrv6bdyzz:latest/val_probs_labels.table.json","path":"media/table/val_probs_labels_32_483a91e2d472c22699fd.table.json","ncols":2,"nrows":851,"_type":"table-file","sha256":"483a91e2d472c22699fdd3effcdfce1af880181774edca328209d80eff05f888","size":22143},"test_specificity":0.9925925925680841,"_runtime":582.926693123,"test_incorrect":43,"auc":0.9952035260565207,"val_accuracy":98.00235017626322,"val_loss":0.08481665168489728,"test_correct":968,"sensitivity":0.9736842105080135,"specificity":0.9905956112542132,"_timestamp":1.750437292319005e+09}