{"best_model_path":"Checkpoints/Messungen-Gli-Men/trainsample_426/best_model.pt","val_correct":437,"_wandb":{"runtime":91},"val_incorrect":95,"sensitivity":0.877394635981709,"val_probs_labels":{"ncols":2,"nrows":532,"_type":"table-file","sha256":"8230385758be61e45801535fc0cbf9d9129773af9497ae1b419ca6b1c97254f9","size":13380,"artifact_path":"wandb-client-artifact://j9vnb0yywbplhygy7b70r8x2lv0k3wtn34evej0xik6uzrlwg7xfc54731wg2l7aszsff918grimtdbbgd289hs77g5porm5qk1q1yoc3g01n8urqmq5hgweocynscyc/val_probs_labels.table.json","_latest_artifact_path":"wandb-client-artifact://5ih2whn11my2p9c7txbxfap8fn915ime6zekaul8cy3g5rvhii979cgms9lk1arwkpmhsdgzo43btw6s7kgcg32hy580wff8p4q4hwrw4u55d8za28vnhlrj4z9vqbmw:latest/val_probs_labels.table.json","path":"media/table/val_probs_labels_40_8230385758be61e45801.table.json"},"val_loss":0.47364101409912107,"_runtime":91.372568983,"val_accuracy":82.14285714285714,"_step":40,"specificity":0.7675276752484307,"_timestamp":1.748690780423973e+09,"auc":0.8889313031061346,"checkpoint_path":"Checkpoints/Messungen-Gli-Men/trainsample_426/checkpoint_epoch_020.pt","train_loss":0.31384246051311493,"val_total":532,"epoch":27,"train_samples_used":426}