{"specificity":0.9594095940605384,"_runtime":257.158392593,"val_accuracy":89.28571428571429,"checkpoint_path":"Checkpoints/Hyperparametersuch-Gli-Men/fine-sweep-60/checkpoint_epoch_020.pt","val_total":532,"_wandb":{"runtime":257},"train_samples_used":2128,"val_probs_labels":{"path":"media/table/val_probs_labels_28_ada69c917b91da6d81da.table.json","ncols":2,"nrows":532,"_type":"table-file","sha256":"ada69c917b91da6d81da318a4d17f98e12260808eb3b4341090260375ae88dff","size":13784,"artifact_path":"wandb-client-artifact://fadpvik4nfpw2hzjbarm2g8ek61wkn0ts9m9bd992p4a4212bryz746ik6sgvt5ty93ohoiz85neugukj7qwjqpbtitygs05tjznilaywmx69r0vwb18xftexkv1lprj/val_probs_labels.table.json","_latest_artifact_path":"wandb-client-artifact://ldv2984wxntbzinn923610yeckklkwnw4whfrl66nk18oidybnq3mv9xc7zcj18dg7g9jkzkkareytkgb0j5w7xmslmf14rek3rpage8kkw7asdhm6ctf0i50lih35tw:latest/val_probs_labels.table.json"},"_timestamp":1.748117886905418e+09,"epoch":27,"_step":28,"sensitivity":0.8237547892404692,"auc":0.9677651948933281,"val_correct":475,"train_loss":0.21166307698277867,"val_loss":0.2743611517879698,"val_incorrect":57}