{"_runtime":652.478295184,"val_accuracy":98.1198589894242,"epoch":37,"test_specificity":0.9925925925680841,"tumor_train":1702,"specificity":0.9937304074923595,"_timestamp":1.7498287449497626e+09,"test_accuracy":96.73590504451039,"test_auc":0.9943160982764943,"val_loss":0.08545878875468459,"test_incorrect":33,"_wandb":{"runtime":652},"train_loss":0.043246735469438136,"auc":0.9962111391330991,"val_probs_labels":{"artifact_path":"wandb-client-artifact://y03untxqjy5fpk55majf8hf4cemobw6myoxgwzrtask6shkizkqk6xoi53ka0b1l8xscarmfabiuy4318vy7px3zkjvtkot06weyc2ku1l5vbvw7hj31mzibxi0mkl7p/val_probs_labels.table.json","_latest_artifact_path":"wandb-client-artifact://l36u0ray8rlhj5hqduj00e4terhuvm61rr2w3aeuo3j7l1dt7ynvir32fq02jt6bs04ajrquu54zuwbkuvv3m07e1oj8ei1hdk6dwbzp3o0bne181042g3rt588l63g8:latest/val_probs_labels.table.json","path":"media/table/val_probs_labels_36_14af735d3f378d2a5964.table.json","ncols":2,"nrows":851,"_type":"table-file","sha256":"14af735d3f378d2a5964a092643dcbefee98860b11dc7ac2eb590c5a1cc3badb","size":22181},"sensitivity":0.9736842105080135,"_step":37,"test_total":1011,"test_sensitivity":0.9504950494892658,"test_correct":978,"no_tumor_train":1276,"train_samples_used":2978}