{"sensitivity":0.9661654135156735,"tumor_train":1064,"_wandb":{"runtime":355},"test_sensitivity":0.9075907590609308,"train_samples_used":2340,"auc":0.9934593537134373,"epoch":27,"test_specificity":0.9604938271367779,"specificity":0.9874608150160671,"val_probs_labels":{"nrows":851,"_type":"table-file","sha256":"e76f2f221a34c486957acded13544077be8156f26a530ff3b852a4d16cebccc0","size":22089,"artifact_path":"wandb-client-artifact://wq7batlz3kdc0y5nziyxwa2zvgv16j0knf6snx41u7bf6rkcm5wdxqur2n5chdna6t3vlnb7eltdl24cibubw1mczgovndqo4nhka10gy6mqlfrmh033s1uqfvt52dex/val_probs_labels.table.json","_latest_artifact_path":"wandb-client-artifact://li3k1g5tuyuvhyhfqp70cs78nrvdgc6dc1ufjopsczyx9hofci85gqllpntofuvqp4pwa39abx8kqvtmjvh1tqbtye0mpn6ki005o38oga1fmnxru6omwozg4ihao3v7:latest/val_probs_labels.table.json","path":"media/table/val_probs_labels_26_e76f2f221a34c486957a.table.json","ncols":2},"test_correct":939,"_step":27,"test_auc":0.9780181721875891,"test_total":1011,"test_incorrect":72,"val_loss":0.1276035217036094,"train_loss":0.03212647964736741,"test_accuracy":92.87833827893175,"_runtime":355.268457281,"no_tumor_train":1276,"_timestamp":1.7504529699406064e+09,"val_accuracy":97.41480611045829}