{"train_percent_used":0.7,"val_loss":0.15299723723105021,"_step":41,"test_specificity":0.9654320987415943,"specificity":0.9225806451315296,"sensitivity":0.9796672827915034,"_runtime":592.916694991,"test_correct":970,"test_total":1011,"val_accuracy":95.88719153936546,"test_accuracy":95.94460929772502,"auc":0.9941744678313755,"val_probs_labels":{"size":20481,"artifact_path":"wandb-client-artifact://3yns8k9cu262sz0hx5w4caqqqtyzkeiwy34kyupb9m352eje7igb6rfj2ith3hrbqocum6isy131p8s0xc5he6hq3pu9dqr0fet7s4hzbrr7bb8pmfjfdz7gm6r86lo6/val_probs_labels.table.json","_latest_artifact_path":"wandb-client-artifact://q4p572fief5t1gswbs9qq4qv5ferbuaowexat9yr3gn8aaq7queap87wytwt1sjflqywdem40cqrgnw4nyh3913hbzn3i68yp8sgjh76ienagoq8izi2n9lmp9aigttd:latest/val_probs_labels.table.json","path":"media/table/val_probs_labels_40_66a3011bd834ebc384cf.table.json","ncols":2,"nrows":851,"_type":"table-file","sha256":"66a3011bd834ebc384cfa234318fb4d5b5feada23a3babe5eefaffbebaa42f19"},"epoch":41,"test_sensitivity":0.955445544538689,"train_loss":0.014664709886634037,"_timestamp":1.7498063525113e+09,"test_auc":0.9893737521900338,"test_incorrect":41,"_wandb":{"runtime":592},"train_samples_used":2382}