{"train_loss":0.1108626799986643,"checkpoint_path":"Checkpoints/Hyperparametersuch-Gli-Men/earthy-sweep-96/checkpoint_epoch_090.pt","val_loss":0.3509793281555176,"_wandb":{"runtime":943},"val_total":532,"val_incorrect":56,"_timestamp":1.7481353107620957e+09,"auc":0.9574161258853968,"specificity":0.8597785977542517,"val_probs_labels":{"_type":"table-file","sha256":"5ed94b65f6256dae3079440ddffc97ef82653789390f64a24e42ec6b2fd6207f","size":13448,"artifact_path":"wandb-client-artifact://re1p6g008qlbtvvqsn939f65ne85he6dv7ex88lj85yonop38z3hrz6u4kfqigt00lt13y8x5jd557ygdpthgvdovqzuugnil5fgafhlhxc52e13hyk4hj6ud1h35cri/val_probs_labels.table.json","_latest_artifact_path":"wandb-client-artifact://j0f2uhmf5t04by1evlosnl22bvjyxrpgt2ux29ccslue5ztb954wdwjld5e2mo73kf2g2ecmb714993habr2eowhgbcqmpux8we95ukbc2e86uq81ekyzbualtrrax1m:latest/val_probs_labels.table.json","path":"media/table/val_probs_labels_107_5ed94b65f6256dae3079.table.json","ncols":2,"nrows":532},"val_accuracy":89.47368421052632,"_step":107,"train_samples_used":2128,"epoch":99,"sensitivity":0.9310344827229489,"val_correct":476,"_runtime":943.50021586}