{"train_samples_used":1021,"_step":39,"specificity":0.9384615384519132,"auc":0.9866731662929382,"_wandb":{"runtime":689},"train_loss":0.04698333074338734,"test_auc":0.9707207757812819,"test_accuracy":91.88921859545005,"test_total":1011,"test_specificity":0.9012345678789818,"sensitivity":0.9683143219203529,"val_probs_labels":{"size":66070,"artifact_path":"wandb-client-artifact://a1r4hhp9frklbzf2kwtcme5ibammuby251ws4yyedfn6wino7petdfp8w1a26ldczw5ulnvo69qenxtch1fcinzx8b0klohiqoro70520dxwdztw5qxg9kz72cag9q5k/val_probs_labels.table.json","_latest_artifact_path":"wandb-client-artifact://qo75kb52c7vfsb760lk78cadvofvr14e1r3f44zuf5an1n81wlqmtsblng6czogt9em38a4u1nxnx457m0dnau14ss7zrlu238yw8ayb2kme9y3qzp0h71zfer4m2lni:latest/val_probs_labels.table.json","path":"media/table/val_probs_labels_38_3571e5bb9be46a76a341.table.json","ncols":2,"nrows":2553,"_type":"table-file","sha256":"3571e5bb9be46a76a3418ac32aa5ec8b9d91b1c2d06f0f45277661cbb32140ad"},"test_incorrect":82,"_timestamp":1.7495098533791928e+09,"val_accuracy":95.69134351743047,"test_correct":929,"test_sensitivity":0.9306930692915727,"_runtime":689.483350124,"train_percent_used":0.1,"epoch":39,"val_loss":0.18382961563766004}