{"sensitivity":0.9741219962851364,"_step":19,"_timestamp":1.7480441069960575e+09,"val_probs_labels":{"size":20134,"artifact_path":"wandb-client-artifact://9c63jek8iiz7lyixlcgxfnptzyp1su4w8w8ikgq05wts7abmwrlrydxmwx0qp5uzx2qf01579sdmjdisbh5zt1pc9k4fshf3f1ps4im292ln5pkdxd70fd818k17lwgj/val_probs_labels.table.json","_latest_artifact_path":"wandb-client-artifact://jknaearkvt04qzkunpve4t3u1l86nqoljqeul524eeqhg53ycwf2kap5ieriukars1hyf5x6ryomewb27bid728xtn23inek2u2wk06i1hviyn4w5f0rgjy5mh3o9lki:latest/val_probs_labels.table.json","path":"media/table/val_probs_labels_19_a64ccc6e30c8049ea844.table.json","ncols":2,"nrows":851,"_type":"table-file","sha256":"a64ccc6e30c8049ea844f3f9fdaa0ba045c2c29e0a0ff49dcda0cb1c5c21ce31"},"epoch":19,"checkpoint_path":"Checkpoints/Hyperparametersuch-noTu-T/pretty-sweep-39/checkpoint_epoch_010.pt","_wandb":{"runtime":264},"train_loss":0.0063753109597175315,"train_samples_used":3404,"val_total":851,"_runtime":263.99846651,"auc":0.9965416492755351,"val_incorrect":20,"val_accuracy":97.64982373678026,"specificity":0.9806451612586888,"val_loss":0.11766283949475985,"val_correct":831}