{"specificity":0.9298892988586757,"val_probs_labels":{"_latest_artifact_path":"wandb-client-artifact://k81875706ismegrggwfib7sywsv32h8d0h0yig5wyt3aud37u1k8nnm9yp1a5fbilm1grt11nuwfqsv4524nv91377lir1q6pmr0esxrm4dkgxp8hc0bqu8swkgo9aq1:latest/val_probs_labels.table.json","path":"media/table/val_probs_labels_46_b28f43a31ea9acf84136.table.json","ncols":2,"nrows":532,"_type":"table-file","sha256":"b28f43a31ea9acf84136101229efaa980602db19f51f2019a3d5401521f35a57","size":13598,"artifact_path":"wandb-client-artifact://vaoat48u0ndgx80z00muzz1ehbizh1yua5r7r1j4noj27abd8vy4sw6a2ua6r08n7exg33l9ho6msgvjln8p9cxbznnnxuy9apjzftrvnj0xkaduplvfpz335lycoy7j/val_probs_labels.table.json"},"sensitivity":0.9425287355960716,"train_samples_used":2128,"_timestamp":1.748117081922073e+09,"val_accuracy":93.60902255639097,"val_loss":0.2710054150472085,"checkpoint_path":"Checkpoints/Hyperparametersuch-Gli-Men/young-sweep-57/checkpoint_epoch_040.pt","_step":46,"val_total":532,"auc":0.9797401422290085,"val_incorrect":34,"train_loss":0.034628963522503484,"_runtime":409.066259942,"_wandb":{"runtime":409},"epoch":43,"val_correct":498}