{"train_samples_used":2552,"train_loss":0.04416860002093017,"epoch":29,"auc":0.9951976335823887,"test_specificity":0.9851851851608596,"test_accuracy":94.55984174085064,"tumor_train":1276,"sensitivity":0.9661654135156735,"_runtime":320.158564792,"test_total":1011,"val_accuracy":97.64982373678026,"val_loss":0.11399054793374878,"specificity":0.9937304074923595,"val_probs_labels":{"artifact_path":"wandb-client-artifact://mzrg76x4w3wqdcl9ojmhat81l08g4gwz13uh58yk4ibxttu2h3luv3zu9o86r66y6907cp9t9ffox2sgzboty4tnevsbfbb6wuhx1gtei20eq0d26to00hztwxh8ejst/val_probs_labels.table.json","_latest_artifact_path":"wandb-client-artifact://8ib2ab50anvz0y95wllwy0981lv2ye0kbdgl8znt0zy2lcfrxhdrv2ti9dab9fhbszu2p20nhezhg6x0zsg2itfk4eudtmopqoa9if0u1nuwlqe7ydzukyk09u57x68v:latest/val_probs_labels.table.json","path":"media/table/val_probs_labels_28_0c54c90f42d49394b01f.table.json","ncols":2,"nrows":851,"_type":"table-file","sha256":"0c54c90f42d49394b01fe0145921957ffa747fc834ad6a01844921011bbbec75","size":22238},"_step":29,"test_sensitivity":0.9191419141762518,"_timestamp":1.7498672032667305e+09,"_wandb":{"runtime":320},"no_tumor_train":1276,"test_correct":956,"test_incorrect":55,"test_auc":0.986028602860286}