{"test_incorrect":46,"test_correct":965,"epoch":30,"_wandb":{"runtime":447},"val_accuracy":98.1198589894242,"no_tumor_train":1276,"tumor_train":1276,"test_auc":0.9900256692335899,"test_accuracy":95.45004945598417,"train_samples_used":2552,"train_loss":0.053306554234586655,"auc":0.9950856765738799,"test_sensitivity":0.9339933993245215,"_runtime":447.173093617,"_step":30,"_timestamp":1.7498623936483116e+09,"test_total":1011,"sensitivity":0.9812030075003533,"test_specificity":0.9851851851608596,"specificity":0.9811912225397745,"val_loss":0.08393268659710884,"val_probs_labels":{"nrows":851,"_type":"table-file","sha256":"49ca8c56678f0b07c3ca02057969aa6febf20904119a8becba09c23745716b20","size":22104,"artifact_path":"wandb-client-artifact://4p9x4uxic62tsodvvibmneg7ej807x8te7qe6cud903es691rj3xj0ibqhdu64p6cf8868hnkcefey8swykp2hazf30ceksszgdsj3k6uaxrgh1keja0wz8xt3i7vsp9/val_probs_labels.table.json","_latest_artifact_path":"wandb-client-artifact://f671sbp2k6szqiai6kjwidpudy2a7sncvl0v0zei8zhcu1hbu4eie3qcfo07r5wm2n3ms7pnoyt0clbe2jt3c7pebpgajaddr7ktpc69h1ohww5d6ez39yy405zfumui:latest/val_probs_labels.table.json","path":"media/table/val_probs_labels_29_49ca8c56678f0b07c3ca.table.json","ncols":2}}