{"_runtime":251.195407007,"train_samples_used":3404,"_step":18,"val_correct":825,"val_incorrect":26,"epoch":18,"_wandb":{"runtime":251},"val_probs_labels":{"size":22095,"artifact_path":"wandb-client-artifact://ni8c794z0rixnvoa5qls4w0pn6mhu2kapl50sub3x81ps6wzvbnsddjlnvmsmzo48kuytrk0ztrhwbmedfyazege5l8ockv4r5y14hi3nsp0kgxydiqo7mbq9yulixol/val_probs_labels.table.json","_latest_artifact_path":"wandb-client-artifact://qxnqajc8spffvvc26jd8dx738rov41eb0jkxi73o5uxeuslnfqbrkpvrx8zj338rcxt35p0wp6kqt8ojao31a8f4oqhf85ni2qcy6mmiwa2a2ar7jrn6ou4acf7wahfk:latest/val_probs_labels.table.json","path":"media/table/val_probs_labels_18_5be348e7592800251038.table.json","ncols":2,"nrows":851,"_type":"table-file","sha256":"5be348e759280025103839aedcf325b1ee3802a2c7508d7b67558de1e7c1ca11"},"checkpoint_path":"Checkpoints/Hyperparametersuch-noTu-T/dutiful-sweep-30/checkpoint_epoch_010.pt","auc":0.9918788384711704,"val_accuracy":96.94477085781433,"_timestamp":1.7480406923291733e+09,"sensitivity":0.9685767097787694,"val_total":851,"train_loss":0.08274971499220929,"val_loss":0.1395602847656442,"specificity":0.9709677419041624}