{"auc":0.9964291606759846,"test_sensitivity":0.9702970296869587,"test_correct":993,"val_loss":0.06451271408669916,"test_accuracy":98.21958456973294,"epoch":38,"val_probs_labels":{"nrows":851,"_type":"table-file","sha256":"b5a0989ff918da72340e76af7a364a0998aa679208187600f4bc0308fc5325f8","size":21361,"artifact_path":"wandb-client-artifact://qr1p7osphvqw0ennef6wmq0ff56go8399vq6l18pn4peagta2juolrgs0y1fb9k058g7olf29ylhiwqp4xvknllf5n84dalaefi31vztmvsz7h1255ut8bghzk4jezbf/val_probs_labels.table.json","_latest_artifact_path":"wandb-client-artifact://rwfu4qok1yjvfjs51jdor8wooorwrvg68lnaj069zadk419c0iato9xigf2r3nl38knwabzur5tap6vvkngy9n8yoo962zx4ktfz2np8becjy54sg7xtwf6203ez2y97:latest/val_probs_labels.table.json","path":"media/table/val_probs_labels_37_b5a0989ff918da72340e.table.json","ncols":2},"train_samples_used":3404,"val_accuracy":98.58989424206815,"_runtime":710.721187783,"_step":38,"test_total":1011,"test_specificity":0.9999999999753086,"specificity":0.9905956112542132,"train_loss":0.032644401011229666,"_timestamp":1.7504304301838863e+09,"test_auc":0.9951635904331173,"sensitivity":0.9830827067484382,"no_tumor_train":1276,"_wandb":{"runtime":710},"tumor_train":2128,"test_incorrect":18}