{"train_percent_used":0.8,"train_loss":0.02714060181097011,"val_accuracy":98.1590285938112,"test_total":1011,"val_loss":0.078401791115175,"test_accuracy":98.21958456973294,"test_specificity":0.9950617283704923,"specificity":0.97230769229772,"test_incorrect":18,"auc":0.9974696954925091,"test_correct":993,"test_auc":0.9977468117182089,"_timestamp":1.749329516889548e+09,"val_probs_labels":{"sha256":"50667b588f90f6bb1775b60e2e02737b380bf18ec4bf9b16de1ad723a8440bfa","size":62029,"artifact_path":"wandb-client-artifact://y9de512ctidtgjg2q9x0c9j3k30nc8mkcwvr7p2tkag5in6r8vxq0r7ncuulkz9u0h11sq9gn1jukqdtymlbw9qsoh2opbynuk2785m7uph6w06bkxftxpizbz3fr60a/val_probs_labels.table.json","_latest_artifact_path":"wandb-client-artifact://2lcqiwpxpqo1xp11zejxtjx2dz9zludp2v0o1l49ydxp25jef395lrxn3w054lh3vk0d367fuh4m3agbl7f7guv6g24wtowykt69a6c6pm6hvxn7dapdpbfnu3w6rxi9:latest/val_probs_labels.table.json","path":"media/table/val_probs_labels_30_50667b588f90f6bb1775.table.json","ncols":2,"nrows":2553,"_type":"table-file"},"_wandb":{"runtime":2073},"epoch":31,"_runtime":2073.762413949,"train_samples_used":8169,"test_sensitivity":0.9735973597199076,"_step":31,"sensitivity":0.987325728764339}