{"val_loss":0.10057566554418632,"val_incorrect":20,"val_total":851,"val_probs_labels":{"nrows":851,"_type":"table-file","sha256":"33947a98eb08b12b5e0b591536b9e2a2a4237b19019e459581735499547e4bf3","size":20926,"artifact_path":"wandb-client-artifact://kui6il5041c21tdtt52yl99bnmdci10xezc2kn2usbq2t6e5nyga06gdcyt1n8o6ykyzrcc881g73xl42v4nmx6jtcebx0x8nwt663v1v7e7ffv4702ok57rkiiks5eq/val_probs_labels.table.json","_latest_artifact_path":"wandb-client-artifact://k2q1t1z90fdt0dy6gxltx467bko7zsyfay22ktpwi16rsnsmcj118zmbfzq8comsnn5xo7zeiri0g1t8ifl6qdzfqkbbrviwuclfhjrac66cjdvuj6bipyb9elof7ba3:latest/val_probs_labels.table.json","path":"media/table/val_probs_labels_38_33947a98eb08b12b5e0b.table.json","ncols":2},"checkpoint_path":"Checkpoints/Hyperparametersuch-noTu-T/restful-sweep-102/checkpoint_epoch_030.pt","auc":0.9963269930236718,"train_samples_used":3404,"_wandb":{"runtime":489},"val_correct":831,"epoch":36,"sensitivity":0.9741219962851364,"_timestamp":1.7480992078174329e+09,"train_loss":0.006327664598184465,"_runtime":489.687435202,"specificity":0.9806451612586888,"val_accuracy":97.64982373678026,"_step":38}