{"_timestamp":1.7481092370520742e+09,"_step":27,"val_total":532,"specificity":0.9040590405570458,"_wandb":{"runtime":246},"_runtime":246.624140414,"auc":0.973137662411107,"sensitivity":0.946360153220446,"val_accuracy":92.4812030075188,"val_loss":0.2787978804725058,"val_incorrect":40,"epoch":26,"train_loss":0.04713108220985576,"val_correct":492,"val_probs_labels":{"_latest_artifact_path":"wandb-client-artifact://kra2i90x46np1u80jyrgrwc13s2njmmq4r240o3s6e0no7f53pvlctnoqafks9qgdjhepjloc9oh0y93b7blshc6hdsvmrbcvdbiqqk159b9mc8kjvk9djvw72imsgsb:latest/val_probs_labels.table.json","path":"media/table/val_probs_labels_27_2b38e9be85e4628468ec.table.json","ncols":2,"nrows":532,"_type":"table-file","sha256":"2b38e9be85e4628468ec70b4095f189e99cfe53203cf04aaee971800e9d9961a","size":13618,"artifact_path":"wandb-client-artifact://277b14qbm07jbmzr6mrqfwvu07ywojnnbln3u2njflxx0rdvg4htoii35mp7uftbu4zqfwq90xsrmcvf9qv7dciui0ophpns7jsrizcpsddvt9yavg17pwtsljhbqvuq/val_probs_labels.table.json"},"checkpoint_path":"Checkpoints/Hyperparametersuch-Gli-Men/flowing-sweep-34/checkpoint_epoch_020.pt","train_samples_used":2128}