{"test_specificity":0.9901234567656759,"test_sensitivity":0.9735973597199076,"test_auc":0.9948743022450394,"test_accuracy":98.02176063303659,"train_loss":0.03681457539399465,"_timestamp":1.7504119822042692e+09,"val_accuracy":98.35487661574618,"_step":39,"train_samples_used":3404,"val_probs_labels":{"_type":"table-file","sha256":"256a5f9857a452d03a68419436520063d9cd7795d18726d705073adf3a4811aa","size":22210,"artifact_path":"wandb-client-artifact://1latgnu4cu0ysjc3njuh9sif965hu16enj5jeor4ncx3abgfhxewii4k66yd2heg6hrzzxpbu7gwsyoi361u6p3vr9dubo24xxuyze7mdqkpfczfqbhk97pdlez11lt8/val_probs_labels.table.json","_latest_artifact_path":"wandb-client-artifact://vo77j3us2tqqqga7j6a6ebjco7ypfoaqrxdie0uq8q32frvgof5x7hhpv236gd5n7u243jdivzczloffeodyxu573oae4uw15mvnhitl8ds9uto1kon5tgmhbwn9i3gs:latest/val_probs_labels.table.json","path":"media/table/val_probs_labels_38_256a5f9857a452d03a68.table.json","ncols":2,"nrows":851},"tumor_train":2128,"auc":0.9949737195653712,"specificity":0.9905956112542132,"sensitivity":0.9793233082522683,"epoch":39,"test_total":1011,"_runtime":769.648216916,"_wandb":{"runtime":769},"no_tumor_train":1276,"test_correct":991,"val_loss":0.10309143324515649,"test_incorrect":20}