{"train_loss":0.032312796313177655,"val_probs_labels":{"size":19796,"artifact_path":"wandb-client-artifact://oxjjbvh9dwzumopd0afnholge9voqft3dtjpx1sq4z5lw6l7n5nu3ygigwqf2du2gsbbdaepv2tqvbrnex5fk1zfx9yig2imfzt4foqyp9lm714ptggabmrw95h04hng/val_probs_labels.table.json","_latest_artifact_path":"wandb-client-artifact://cr3g73s9zyk5asskq62dmo72duy3u1a1uiwcyfzgt7926iz978tx6e9a45wkd6atba8281ncf7ocd8ncc3w2c8b8c0xsk3n8d0q63yj1vzkxkbdfk2g2p1evc57jh1j2:latest/val_probs_labels.table.json","path":"media/table/val_probs_labels_69_30414f15a31fb9939dca.table.json","ncols":2,"nrows":851,"_type":"table-file","sha256":"30414f15a31fb9939dca5e7a604255d90d4c18b5b1c14fd4dd34f42f6ff4e88f"},"test_incorrect":26,"test_specificity":0.9999999999753086,"val_loss":0.0892450005880424,"_timestamp":1.7497624845047898e+09,"_runtime":1403.259645254,"test_correct":985,"_step":70,"auc":0.9970067378212389,"_wandb":{"runtime":1403},"test_total":1011,"epoch":70,"test_accuracy":97.42828882294758,"train_percent_used":1,"specificity":0.9677419354526534,"train_samples_used":3404,"val_accuracy":96.3572267920094,"test_sensitivity":0.9570957095551634,"test_auc":0.9951961862852952,"sensitivity":0.9611829944369467}