{"specificity":0.9903225806132154,"test_auc":0.997461598011653,"train_percent_used":1,"train_loss":0.03835812954370071,"_timestamp":1.7498047589626188e+09,"_wandb":{"runtime":1192},"auc":0.9979607656072984,"test_total":1011,"test_accuracy":98.02176063303659,"val_probs_labels":{"sha256":"0846f92338d099182b2fddd45d909858452252ddb3a672803466b28a9d370a9d","size":21955,"artifact_path":"wandb-client-artifact://0xl968z0bbimvvhnkivlin268o176qvtx6i9l8lde0211mlm2skb0txfctsy9u1e0p11kb3n9rk30e468eir6ybwr0885q3ttc586w7gm8cxl2snx5xvvp08ol2hafw4/val_probs_labels.table.json","_latest_artifact_path":"wandb-client-artifact://jfyd73lzf33xarjneactipr8hon83c2vl8mocuiij0q8ib08s8hx3t9xpqpdn48eyfieks9dz6lh0rkwtk8m5o6eswr4m7q9ifx9y3k9v8w298n4wow251h55dklm7mb:latest/val_probs_labels.table.json","path":"media/table/val_probs_labels_59_0846f92338d099182b2f.table.json","ncols":2,"nrows":851,"_type":"table-file"},"test_correct":991,"test_specificity":0.9950617283704923,"test_sensitivity":0.9702970296869587,"_step":60,"val_accuracy":97.64982373678026,"epoch":60,"val_loss":0.07118895463645458,"train_samples_used":3404,"test_incorrect":20,"sensitivity":0.9685767097787694,"_runtime":1192.219296872}