{"test_total":144,"_timestamp":1.7472502435797424e+09,"_runtime":0.564278872,"_step":0,"_wandb":{"runtime":0},"test_accuracy":602.0833333333333,"test_correct":867,"test_incorrect":144}