{"val_loss":0.29578133258554673,"val_correct":472,"_wandb":{"runtime":417},"sensitivity":0.8735632183573347,"train_loss":0.21328331793055816,"_timestamp":1.748116071402219e+09,"_runtime":417.715601199,"train_samples_used":2128,"val_incorrect":60,"val_accuracy":88.7218045112782,"val_total":532,"specificity":0.9003690036568129,"epoch":44,"auc":0.9568506029887884,"checkpoint_path":"Checkpoints/Hyperparametersuch-Gli-Men/avid-sweep-55/checkpoint_epoch_040.pt","_step":47,"val_probs_labels":{"ncols":2,"nrows":532,"_type":"table-file","sha256":"fabe48b6387f05f81e8262f950abd9a7b56d68be2981b645893f60552354273c","size":13907,"artifact_path":"wandb-client-artifact://nsoer4i89923h3dm82zyw8ocghqvza5hsjzdu3bqckkp73fqlljmlmbl1nanhz7i4i9gz98vp1tdi9vmk568xy003b00jm0mfrypfkh6fcc22hjsge7z2sl65w6yskzg/val_probs_labels.table.json","_latest_artifact_path":"wandb-client-artifact://wyl6khfrzi566ktxku0l39gdbg3bv9pmjkpjsxi15yspnls5r52b0t70pq08c97hptthw6j6q35ao1g18rw27ickyyjwlhan7la0juxrlrrgq63tu63n2j1p0v9xirhg:latest/val_probs_labels.table.json","path":"media/table/val_probs_labels_47_fabe48b6387f05f81e82.table.json"}}