{"train_samples_used":3404,"best_model_path":"Checkpoints/Messung-noTu-Tu/trainsample_3404/best_model.pt","auc":0.9972512074414167,"train_loss":0.027767633486763334,"sensitivity":0.9685767097787694,"_runtime":1055.706408901,"_wandb":{"runtime":1055},"checkpoint_path":"Checkpoints/Messung-noTu-Tu/trainsample_3404/checkpoint_epoch_070.pt","val_total":851,"epoch":77,"val_correct":824,"specificity":0.9677419354526534,"val_loss":0.07348159647413663,"val_accuracy":96.82726204465335,"_step":108,"val_incorrect":27,"val_probs_labels":{"ncols":2,"nrows":851,"_type":"table-file","sha256":"9aebd128a40ac4c8b4089d71f7f0ecf1c8173f1aef7b1d0be37f8ffa34087855","size":20581,"artifact_path":"wandb-client-artifact://zwk9wlc0klj12yq5t39hcrlfnnfammsbqk205mxadhw4nrutdotph8yiz0ehz7f2gs2neqyd4xyq7bqx9wcifrq1eqmhpr79iu4c3n6l5208cjf70f03e2ib1hw5bi0k/val_probs_labels.table.json","_latest_artifact_path":"wandb-client-artifact://krktcfys83a3g8cad75zsnyteozn1cf8nrten5fye47igfipt2h96cdho4kmbda8sg0felse2wld2w5m03ibxxix73oqdi2ag2lx88m1ssq93h3etzrfcqvww1q997ui:latest/val_probs_labels.table.json","path":"media/table/val_probs_labels_108_9aebd128a40ac4c8b408.table.json"},"_timestamp":1.748529110027084e+09}