{"test_correct":876,"_runtime":244.24321572,"epoch":20,"specificity":0.9937304074923595,"test_total":1011,"auc":0.9892462347090297,"test_accuracy":86.64688427299704,"no_tumor_train":1276,"val_accuracy":95.29964747356053,"test_sensitivity":0.9323432343080471,"test_auc":0.9551644053294218,"_wandb":{"runtime":244},"tumor_train":638,"train_loss":0.0936594103773435,"_timestamp":1.7498360241643815e+09,"test_incorrect":135,"sensitivity":0.9285714285539742,"val_loss":0.28387729610715595,"_step":20,"train_samples_used":1914,"test_specificity":0.7679012345489407,"val_probs_labels":{"path":"media/table/val_probs_labels_19_7a922d6d4faf24958d91.table.json","ncols":2,"nrows":851,"_type":"table-file","sha256":"7a922d6d4faf24958d91dd629751e312a49813dc2e55eee5affb09f8a9a2810e","size":22255,"artifact_path":"wandb-client-artifact://nh5ffw1bd41nzbaco4uz5ejrc49dxhgwp8l6blxns34g2w426nkcd47phm9ncmmrws8q6d7ndnex3watep6ru8dwyfahlw9kbkgbsq1mx022z8ke2imd2qrndnib3e3u/val_probs_labels.table.json","_latest_artifact_path":"wandb-client-artifact://goe0z70on918o84c9i28h9a91vkkdeg0sgiwowzh3b1ympber93zv13rre7ficv75d02guiepgmgoxdtaklobbz4vmj6oldl3ca0lyyxbjoc8kuqxoky1dd2djm2y2rb:latest/val_probs_labels.table.json"}}