{"test_incorrect":88,"val_loss":0.16827247398240225,"test_accuracy":91.29574678536103,"_wandb":{"runtime":330},"train_samples_used":1702,"sensitivity":0.9611829944369467,"_step":29,"val_accuracy":95.29964747356053,"_runtime":330.373361465,"test_sensitivity":0.8795379537808657,"train_percent_used":0.5,"_timestamp":1.7497689354801853e+09,"test_specificity":0.962962962939186,"val_probs_labels":{"size":22069,"artifact_path":"wandb-client-artifact://4qanlq1dbder1obs4tax4ibxurod9mxi19hogqp288t3g6yplgw6yxtq36qoflw39t4yrb4m6gsuckebj9fxgybvy2rwc4he3j824rstbt4no53mkszlus5pwxvqmrb8/val_probs_labels.table.json","_latest_artifact_path":"wandb-client-artifact://a6ne8iy585mji6k6mhm1fupmadhbsc4n0yu7dmlsgjc7kajmecfxqmu5nx4x1hohhu8ggcpajetf250zygm6vkb6qvh19ks0cra8sdhl7xfn9rk92nik8zczqim9e4fx:latest/val_probs_labels.table.json","path":"media/table/val_probs_labels_28_066fd36194bf4ad17e9e.table.json","ncols":2,"nrows":851,"_type":"table-file","sha256":"066fd36194bf4ad17e9eae86b3711dfe854a62960853bfa0847475235df79c09"},"test_auc":0.9673715519700119,"test_total":1011,"test_correct":923,"train_loss":0.0646488999149629,"specificity":0.9387096773890738,"auc":0.9862262238387693,"epoch":29}