{"no_tumor_train":1276,"auc":0.983807481085158,"test_incorrect":187,"test_auc":0.9126960844232571,"val_probs_labels":{"sha256":"7b869dea92fa8dfca536a5e86f81d9832ab2779414ce80a2041120078835cba8","size":22048,"artifact_path":"wandb-client-artifact://dmnprjgdg0hbnzo7wsmxbzm5wq9l7typ53drewwdemq3d2eqv2nksr29s50uh1tcf5oshfnwh737ya4xch04wk5ktbbe9jevpf3p92rwe8p9dnj3hm2bx30v7yki2lkf/val_probs_labels.table.json","_latest_artifact_path":"wandb-client-artifact://z933sxoxkv8qw9ujx02xumpnsu7ca8ovwk1dkan2q437klk523momez21w5lj2h7og22b5rgsejc6aaexdatxfcwje0mi61t85uueillhpt45j5beoiwx44uzm6p15xg:latest/val_probs_labels.table.json","path":"media/table/val_probs_labels_14_7b869dea92fa8dfca536.table.json","ncols":2,"nrows":851,"_type":"table-file"},"train_loss":0.11351462236295144,"_step":15,"_runtime":156.2260511,"_timestamp":1.7504541873024967e+09,"tumor_train":212,"test_total":1011,"sensitivity":0.9398496240424841,"test_specificity":0.7061728394887364,"val_loss":0.33225303888320923,"test_accuracy":81.50346191889219,"test_correct":824,"test_sensitivity":0.8877887788632378,"val_accuracy":95.29964747356053,"specificity":0.9749216300634821,"_wandb":{"runtime":156},"epoch":15,"train_samples_used":1488}