{"_timestamp":1.748127308293091e+09,"val_incorrect":48,"train_samples_used":2128,"val_probs_labels":{"path":"media/table/val_probs_labels_39_34529d1978a9a2871bd3.table.json","ncols":2,"nrows":532,"_type":"table-file","sha256":"34529d1978a9a2871bd32086d686b51ec4c60627ecc8fc71f8ec0bb4f5ff579e","size":13855,"artifact_path":"wandb-client-artifact://f8opt700iyupqoty5hjuwvpe7q7l9tfsgcwz61jynmdiozb9xjqxi4hyxbp5t5j4rycg2k04yt3fszlb9u0xdgj8p1x2y75slx0btyrar9tik96556r60krti8rew9mp/val_probs_labels.table.json","_latest_artifact_path":"wandb-client-artifact://odmlvqwml6zvxp2vkiipn6j2w3x52kxsxl9zmnxv3m0o87vsqxn572kgvtc6a5ff3dm5xxy5iqkh2unioqg9unfl3rkabner1fpixlxb5ecrsgv1z1puhw4mybwshghr:latest/val_probs_labels.table.json"},"sensitivity":0.8659003831085862,"specificity":0.9520295202600727,"auc":0.9743535366388146,"checkpoint_path":"Checkpoints/Hyperparametersuch-Gli-Men/morning-sweep-82/checkpoint_epoch_030.pt","train_loss":0.0643350500613451,"val_loss":0.28886331915855407,"val_correct":484,"_wandb":{"runtime":352},"val_accuracy":90.97744360902256,"val_total":532,"epoch":37,"_runtime":352.58620944,"_step":39}