{"sensitivity":0.948243992588757,"test_correct":887,"val_probs_labels":{"nrows":851,"_type":"table-file","sha256":"860b15efd1e65e650af4d832d0416006700eba53b6d2a30cb52f7ca4aea8ce74","size":22067,"artifact_path":"wandb-client-artifact://ew3bbq3z7dameqh3p2etmm7106awfiw36e1uhzp6hop22dcdvt23x7g5axfofgdg1z5piiaf800bb7xyflkw4gzgft6u8dwh95yq42wvvpmklzc2a1fmnhlrtcemgvis/val_probs_labels.table.json","_latest_artifact_path":"wandb-client-artifact://wrgnuwyxqepxqitezfhd6071saswaqn0yca4ogdlsd64d37rwypxbznafjem3tilr7c09gaiohe9dks266xlrq9058dmq807kqjb5e0ncig7dxjhmjhqew8rqpxmzkuc:latest/val_probs_labels.table.json","path":"media/table/val_probs_labels_28_860b15efd1e65e650af4.table.json","ncols":2},"specificity":0.9193548386800208,"auc":0.9820463896010971,"train_loss":0.0537834195420146,"test_total":1011,"_step":29,"val_accuracy":93.77203290246769,"test_accuracy":87.73491592482691,"_runtime":206.409329103,"val_loss":0.21029389117445266,"test_incorrect":124,"train_percent_used":0.2,"_wandb":{"runtime":206},"epoch":29,"test_sensitivity":0.9026402640115075,"train_samples_used":680,"_timestamp":1.7497780137681422e+09,"test_specificity":0.8395061728187776,"test_auc":0.9485800431895042}