{"train_samples_used":2383,"_timestamp":1.7485302629474533e+09,"val_probs_labels":{"nrows":851,"_type":"table-file","sha256":"292dd7ea795c2a459762e19802b3ad0e80998ed5bd8dc473daa292f9d11b16e9","size":22108,"artifact_path":"wandb-client-artifact://jd3blf2tb8n3541asbext2lw8se0hcaz974p4cmeql1rpsrzf1oq6w8wiz8zcahwtuogojqimaidlg8bxcfowuwyalqgeqd02obj8ft099x5q8wi9n1pjsuini61guh9/val_probs_labels.table.json","_latest_artifact_path":"wandb-client-artifact://imh6ynlefpybknzss5a24tml5gz9yeoxxrh3z6vmg7til64v4gu6h6afdpcf6ycpb2xbubyenyh53r39ar3it0wi4hyajxuux6r8wrcfyy7j2n2pfaox6whyxfm1ri2q:latest/val_probs_labels.table.json","path":"media/table/val_probs_labels_59_292dd7ea795c2a459762.table.json","ncols":2},"sensitivity":0.9685767097787694,"val_accuracy":95.53466509988249,"train_loss":0.030581381564077578,"val_incorrect":38,"val_loss":0.14616243009056365,"val_total":851,"checkpoint_path":"Checkpoints/Messung-noTu-Tu/trainsample_2383/checkpoint_epoch_030.pt","val_correct":813,"epoch":39,"specificity":0.9322580644860562,"_runtime":401.439793114,"best_model_path":"Checkpoints/Messung-noTu-Tu/trainsample_2383/best_model.pt","_step":59,"auc":0.9917953610398903,"_wandb":{"runtime":401}}