{"sensitivity":0.9736842105080135,"_timestamp":1.7504526084201238e+09,"val_accuracy":98.1198589894242,"test_total":1011,"test_sensitivity":0.9339933993245215,"test_correct":964,"train_loss":0.04660339823458344,"_wandb":{"runtime":482},"test_specificity":0.9827160493584515,"_runtime":482.428911476,"test_accuracy":95.35113748763601,"no_tumor_train":1276,"auc":0.9958045584179887,"val_loss":0.10770206525921822,"specificity":0.9937304074923595,"train_samples_used":2552,"_step":33,"test_incorrect":47,"test_auc":0.98779285335941,"val_probs_labels":{"ncols":2,"nrows":851,"_type":"table-file","sha256":"bef08120f9757040d1f31c12c9cf46c92d794b4a603c60291ac0840c71ac1614","size":22214,"artifact_path":"wandb-client-artifact://x4qa9wrup0gkgvcy2200levih0o6urbp45liqdywb62zp6lnoldl9x3t8wrad8foys4wgrje794p2on90nqfk8zypvx7oim5fknld8s391eaa7pp2llcu8w4oh2dq2o2/val_probs_labels.table.json","_latest_artifact_path":"wandb-client-artifact://09sltvamb4jmdu1fvchizpc6dtxfo6i2tssy895fa31bv6b73cb2oljpo3fka1mbvdnffuasminrmy3gd23wezfef12n6b3d533m38ecopyofe5vm2whexuyhyfugqqp:latest/val_probs_labels.table.json","path":"media/table/val_probs_labels_32_bef08120f9757040d1f3.table.json"},"tumor_train":1276,"epoch":33}