{"specificity":0.9483870967436004,"test_correct":931,"test_specificity":0.9580246913343697,"train_loss":0.042832891922444105,"train_percent_used":0.4,"test_accuracy":92.08704253214638,"_timestamp":1.749811519128412e+09,"sensitivity":0.948243992588757,"_wandb":{"runtime":303},"val_probs_labels":{"ncols":2,"nrows":851,"_type":"table-file","sha256":"ef741cfccd8b04d34b3d7945908533224b41a5ad686a026f49f1a1a0bef9891e","size":22091,"artifact_path":"wandb-client-artifact://4ub730xbrilhpoik7j87vidnjidlrp8qo4xk518p75hnye1fbgeetahe97duj515mv34wwod15tzhxh6sqxmd63ik09gjd5dqa5uuxt85yuxto01yv2f1o5o5vcc9c4t/val_probs_labels.table.json","_latest_artifact_path":"wandb-client-artifact://6zk4mtwvbmy42ezt4nhtez1szqush6x91w1i1aeppd5zsfxq14i2o2qds46xhtdrlcvb5eqe6jfo4dxkc35y2vt3h734mahx14v6wqj5zgvdyo5mfqs7wqhitksis6ya:latest/val_probs_labels.table.json","path":"media/table/val_probs_labels_29_ef741cfccd8b04d34b3d.table.json"},"_step":30,"test_sensitivity":0.8960396039456099,"test_total":1011,"auc":0.9874724226343092,"epoch":30,"val_loss":0.17791712816272462,"val_accuracy":94.82961222091657,"train_samples_used":1361,"test_auc":0.9762213258362873,"test_incorrect":80,"_runtime":303.984629455}