{"specificity":0.9594095940605384,"val_loss":0.27486471062087836,"val_total":532,"checkpoint_path":"Checkpoints/Hyperparametersuch-Gli-Men/resilient-sweep-7/checkpoint_epoch_020.pt","val_probs_labels":{"_type":"table-file","sha256":"7ce18dddba44435065f7d153646ce85874d53858416118ecbaef936d158f97cd","size":13780,"artifact_path":"wandb-client-artifact://27a9k2t8zfhogapl6a56zw66fweu56a77tjj1xlgquc5qzegukfbygh9ocktdrmzu1f3jjpd2ae3gwclke3ux04s9pqai2xf9kxbuvub1ptejdz6fqex88aynafjferk/val_probs_labels.table.json","_latest_artifact_path":"wandb-client-artifact://xow8eexkuybfq2jsmo96b31zfdqk202h6khabzhialgntw3vwihyjzhf416ehnmnbu4x6r2fy6j0k6razbxjsdmc8cod5ukv04rx46955k6ijpocntsz0n928j5i13q5:latest/val_probs_labels.table.json","path":"media/table/val_probs_labels_23_7ce18dddba44435065f7.table.json","ncols":2,"nrows":532},"val_accuracy":93.42105263157895,"val_incorrect":35,"auc":0.9738869802491128,"epoch":22,"_runtime":210.184255424,"_wandb":{"runtime":210},"sensitivity":0.9080459769767032,"_timestamp":1.7481020003293967e+09,"train_samples_used":2128,"val_correct":497,"train_loss":0.06385234957915395,"_step":23}