{"_wandb":{"runtime":251},"val_probs_labels":{"path":"media/table/val_probs_labels_24_d6bebddfa45ce8aa809a.table.json","ncols":2,"nrows":851,"_type":"table-file","sha256":"d6bebddfa45ce8aa809a809a25e740fa9f305a27c1b16bef0845a7c4722c66e7","size":22014,"artifact_path":"wandb-client-artifact://jweln5fbqew94g65ruwpj0gbnstdigmgupjijpounkdbtf4lxjpmsjl51aymld3ut4j1elnt14idi03rdem7lyajkij42hz7cuf93wkgbzyfipu815vsj3uhcoetwah8/val_probs_labels.table.json","_latest_artifact_path":"wandb-client-artifact://27baqjj0q2nuo5v56522vwpz8patos5ktktv6p9t68nmd7uu7jff42j8yw1zujw26f5jv60g3ami27jzmmhrq9ncn1iruqijfvde1jr5746zwb6rqdc6zzotz00kphig:latest/val_probs_labels.table.json"},"train_samples_used":1361,"test_sensitivity":0.9092409240774052,"test_specificity":0.9012345678789818,"test_incorrect":95,"_step":25,"epoch":25,"specificity":0.9290322580345474,"test_auc":0.9668663162612559,"val_loss":0.1820490743432726,"sensitivity":0.9630314232724023,"test_accuracy":90.60336300692384,"train_percent_used":0.4,"test_total":1011,"auc":0.9826486196410469,"test_correct":916,"train_loss":0.06866042959419164,"_runtime":251.311899414,"val_accuracy":95.06462984723855,"_timestamp":1.7497691899423165e+09}