{"train_samples_used":1702,"specificity":0.9516129031951093,"val_correct":815,"val_loss":0.199935967368739,"_timestamp":1.7486457470198221e+09,"val_incorrect":36,"_runtime":278.73670816,"val_total":851,"_wandb":{"runtime":278},"sensitivity":0.9611829944369467,"best_model_path":"Checkpoints/Messungen-noTu-Tu/trainsample_1702/best_model.pt","val_probs_labels":{"artifact_path":"wandb-client-artifact://w9es6qdqh7sguoq3acer9foluxweyv3tt85gdaunwq9mfyuhvjozy46rg5lggko5t2xvt0fy7l2oeoqebm2qjlm5kcmqfo5j2zoiv407xkh8juw6kijh2lj4bsil41p7/val_probs_labels.table.json","_latest_artifact_path":"wandb-client-artifact://b4nkfnt95pq0ik48zjp462t5m979hsbglda80b4feozz3oy2c93mrliuakdkxtrp2xf9dmjw63644x69ood8gi0hrkrf782o4tsqocd6mq5wv4ybbaiul3rckv1pra7v:latest/val_probs_labels.table.json","path":"media/table/val_probs_labels_50_6937efefb6f5a58cfa00.table.json","ncols":2,"nrows":851,"_type":"table-file","sha256":"6937efefb6f5a58cfa00a65e666c741d989ad218a4151c0477464b378813ed0f","size":22007},"_step":50,"train_loss":0.028417752789599553,"auc":0.9861785224494662,"val_accuracy":95.76968272620446,"checkpoint_path":"Checkpoints/Messungen-noTu-Tu/trainsample_1702/checkpoint_epoch_030.pt","epoch":34}