{"test_incorrect":89,"test_correct":922,"_wandb":{"runtime":301},"val_loss":0.16259358543902636,"train_loss":0.051897618653518815,"sensitivity":0.9586466165233337,"epoch":29,"train_samples_used":1701,"_step":29,"specificity":0.9811912225397745,"_runtime":301.627709605,"test_accuracy":91.19683481701286,"no_tumor_train":1276,"val_accuracy":96.70975323149236,"val_probs_labels":{"ncols":2,"nrows":851,"_type":"table-file","sha256":"4416ecc374456970f9eae5f637293b9dee29304e4ae89f8b15f71f4fa8781645","size":22206,"artifact_path":"wandb-client-artifact://889vm2jekthx5ek1jt5zm0ddlx4o4glg2iqb4qj3zprgshzqmu8dtvacw5bipiv6tq43b97szxsfghwjk1uyv04chec9m5uk7trd46vnajdgfux1bn7lprmc58oqz2sw/val_probs_labels.table.json","_latest_artifact_path":"wandb-client-artifact://ca3bc6y4sbs77vjfe73ieewldmqu6pm0pm8oefkm5c0q76uxvkcaw2h5088m3p2n4gqeha8j0hj32co6jbc676bejo5oe0wqy78arqm1322pc1rpu6pvwa7ftahffoic:latest/val_probs_labels.table.json","path":"media/table/val_probs_labels_28_4416ecc374456970f9ea.table.json"},"test_auc":0.9633581876706188,"_timestamp":1.7498542371989717e+09,"auc":0.9926049449642915,"test_specificity":0.933333333310288,"test_total":1011,"test_sensitivity":0.8976897689620843,"tumor_train":425}