{"val_incorrect":61,"val_probs_labels":{"artifact_path":"wandb-client-artifact://8qnbchxtsa4o5o7gvnq7f4dwaemio4imwgbu6dk1x4e9k8l8xcfh0o41ypmx95es8qat6dy4ltwfudlykivhf90djmglcpifcgf7phhpwb10k1kmt7bel9v2z6lyrmvm/val_probs_labels.table.json","_latest_artifact_path":"wandb-client-artifact://1xj72l50f48t3pwku5da9u8l2wmt9rpng0nil0z5j699znls0lyuqtv0f21vfett9n62hvoedm68nsy5f2nn8rmhsugt8p7ka7df6kejj7zrgkml6khloxe0fo85bhy1:latest/val_probs_labels.table.json","path":"media/table/val_probs_labels_35_63e6301494b9dec2b72e.table.json","ncols":2,"nrows":532,"_type":"table-file","sha256":"63e6301494b9dec2b72e60fd92818cc697cafc99eaed01e836120148052ec75b","size":13479},"val_loss":0.4322119064848213,"_wandb":{"runtime":306},"_runtime":306.00056769,"val_correct":471,"specificity":0.8450184501533203,"_timestamp":1.748104914861422e+09,"sensitivity":0.9272030650985745,"train_samples_used":2128,"val_accuracy":88.53383458646617,"train_loss":0.13314560529796926,"auc":0.9457946303600967,"epoch":33,"checkpoint_path":"Checkpoints/Hyperparametersuch-Gli-Men/vital-sweep-20/checkpoint_epoch_030.pt","_step":35,"val_total":532}