{"val_loss":0.1881642064877919,"_wandb":{"runtime":206},"val_probs_labels":{"sha256":"9b6b9b3f5aa9814587530e84c6e2a291e506251f3b77370c07ee8e79423e7cac","size":22077,"artifact_path":"wandb-client-artifact://f3s4madzodmc2qxu9nvnocl4oqy7nkkmdyn59yca99x7d7bqloez2v4r7unwlfd8bzifb57eycb9bm6ipjrhm794sys08p5e4rnjid4i6th5m751xmzl413m0ep4dot9/val_probs_labels.table.json","_latest_artifact_path":"wandb-client-artifact://wn05ci4g9o3fplkyc605oz55gynnpxe8alh8btrpg4pmla4w0h1mo3j0dbtlzwsme0ut21bmtus8zhratjck9xeb7xm1p8eh88vl0mb1t7rcmhmtfo4jgs5097aqf8xp:latest/val_probs_labels.table.json","path":"media/table/val_probs_labels_42_9b6b9b3f5aa981458753.table.json","ncols":2,"nrows":851,"_type":"table-file"},"val_correct":811,"_timestamp":1.7485563281803524e+09,"val_total":851,"train_samples_used":1362,"auc":0.9837040128793751,"_step":42,"val_accuracy":95.29964747356053,"sensitivity":0.9704251386142251,"specificity":0.9225806451315296,"epoch":29,"train_loss":0.06427661498839204,"best_model_path":"Checkpoints/Messungen-noTu-Tu/trainsample_1362/best_model.pt","_runtime":206.656357551,"checkpoint_path":"Checkpoints/Messungen-noTu-Tu/trainsample_1362/checkpoint_epoch_020.pt","val_incorrect":40}