{"tumor_train":1064,"test_incorrect":61,"auc":0.993117590213779,"val_probs_labels":{"nrows":851,"_type":"table-file","sha256":"12d9e9aa73d4b0049ce44aee292a249efa4df0491d4129287714f532da33da26","size":22150,"artifact_path":"wandb-client-artifact://a0grztg706olgwom8a46imtnsfak5lyayu2x0gms5u48ge15j8b9ry9xro2oeaoe9u7cxdrhupwyzuz4fvxrm5r7kdnerzopj50jzqyitie7kkzwznz0pbxerp9ab6ge/val_probs_labels.table.json","_latest_artifact_path":"wandb-client-artifact://1zg94iocuue885ces7bydjzeakj1n1elp7fxth0s56jbv1q2cg91phuzwydp7vfho4lqy1ikyd5jkqkrfndyclocqibfx9fhwqqxle47d5eq94rbu4nqvg5vk7udnds4:latest/val_probs_labels.table.json","path":"media/table/val_probs_labels_25_12d9e9aa73d4b0049ce4.table.json","ncols":2},"_runtime":349.763150379,"val_accuracy":97.53231492361927,"epoch":26,"test_specificity":0.9382716049151044,"_wandb":{"runtime":349},"no_tumor_train":1276,"test_total":1011,"_timestamp":1.7504146223715384e+09,"test_correct":950,"specificity":0.9749216300634821,"test_sensitivity":0.9405940593904192,"val_loss":0.12021187772708279,"test_accuracy":93.96636993076162,"sensitivity":0.9755639097560984,"_step":26,"train_loss":0.0687898918005981,"test_auc":0.9819541213380598,"train_samples_used":2340}