{"val_loss":0.34433277547359464,"val_accuracy":87.96992481203007,"train_loss":0.24623056544977076,"epoch":59,"val_incorrect":64,"_runtime":561.623947307,"val_total":532,"val_probs_labels":{"size":13431,"artifact_path":"wandb-client-artifact://voeh5u846fbbh40zqzp933uw407zxhguilywm2t3tsunh7rzi029332o9aepx5dtnthycnkp5uewwv3vupjbylzn3rpogo4102cxq28uxu83kxtk927jxf2t5qia1sck/val_probs_labels.table.json","_latest_artifact_path":"wandb-client-artifact://glnr7852h78420fd1nyzq4fz2mw2sipd8k7woow63q0j1i3tefh2bhalvct3q5ji6eppw4np1b9vjjh23yppaww472shigaa2oga54vz2g3m9locwhxyqn2ymaq3p1pm:latest/val_probs_labels.table.json","path":"media/table/val_probs_labels_63_83c3dca5204190658d53.table.json","ncols":2,"nrows":532,"_type":"table-file","sha256":"83c3dca5204190658d53644b7484580ea9039c4eec9be9a09a793062ded2a637"},"_wandb":{"runtime":561},"train_samples_used":2128,"specificity":0.8376383763528547,"sensitivity":0.9233716474742003,"checkpoint_path":"Checkpoints/Hyperparametersuch-Gli-Men/icy-sweep-81/checkpoint_epoch_050.pt","_step":63,"auc":0.94773154628098,"_timestamp":1.7481269463795462e+09,"val_correct":468}