{"epoch":27,"val_incorrect":36,"val_total":851,"train_loss":0.02575613175180148,"_timestamp":1.7485298566158466e+09,"checkpoint_path":"Checkpoints/Messung-noTu-Tu/trainsample_2723/checkpoint_epoch_020.pt","val_loss":0.13912555362497056,"val_correct":815,"auc":0.9920875320493708,"best_model_path":"Checkpoints/Messung-noTu-Tu/trainsample_2723/best_model.pt","_step":40,"sensitivity":0.9741219962851364,"train_samples_used":2723,"val_accuracy":95.76968272620446,"_wandb":{"runtime":308},"specificity":0.9290322580345474,"_runtime":308.57647296,"val_probs_labels":{"artifact_path":"wandb-client-artifact://r94gxdv5umcxyj0uak72odmjdb2rkfpe23lzh50huevaektkhyxko60hwrw8hhlhqvwvy1ksj2y8j5o3ducbfsm8ku9aiffjxa2insz3puj8u6a65so87izaid14uflm/val_probs_labels.table.json","_latest_artifact_path":"wandb-client-artifact://5oiplxltob902wdoezq7yerb9qxfityheraa6ft09n281s5xd4e9uop3b3i40ma4qrf2b5wxibk89rnelpa9n90c6nq24zm855l97cg9ud1dew9q0wrcx9q84jpl5ryu:latest/val_probs_labels.table.json","path":"media/table/val_probs_labels_40_b57b70462843ca0a3b11.table.json","ncols":2,"nrows":851,"_type":"table-file","sha256":"b57b70462843ca0a3b119a40684be43b2cd87dc1fbdd62ee80a3464dffda2c45","size":21939}}