{"_wandb":{"runtime":305},"val_loss":0.19116173099194253,"specificity":0.9749216300634821,"_step":27,"test_auc":0.9591614717027258,"val_probs_labels":{"nrows":851,"_type":"table-file","sha256":"ad9be939012d006a27383c0a106be05959a055851aa49bfb218d4b644a3983f7","size":22177,"artifact_path":"wandb-client-artifact://axcqjp72bmvvjdhilpin2deaztl8sxbgavudtm4ouuln5jvgo43f5yvxix9vkx0ia26w4n5xjiphphjhg4as1zlczeisjdtwdlxu92flytom0bwc8z9d5v9dfprt3qvj/val_probs_labels.table.json","_latest_artifact_path":"wandb-client-artifact://tnalhu2mog12jxqglylj8535r8ckwax8vtiploszcdcjtpb7clq2ev57clmp8b7uaj0nn5uqpvxi0odhbj0abegotwvbkmbioq6rsr4pc0q9qqg8oi95gjodbvn04nhp:latest/val_probs_labels.table.json","path":"media/table/val_probs_labels_26_ad9be939012d006a2738.table.json","ncols":2},"epoch":27,"test_specificity":0.8962962962741655,"_runtime":305.167969345,"test_correct":896,"_timestamp":1.750435250918702e+09,"test_accuracy":88.62512363996044,"test_sensitivity":0.8795379537808657,"no_tumor_train":1276,"val_accuracy":95.88719153936546,"sensitivity":0.9492481202829088,"train_samples_used":1701,"tumor_train":425,"auc":0.9908607726212082,"test_total":1011,"train_loss":0.0518086207365351,"test_incorrect":115}