{"_step":75,"val_probs_labels":{"size":13476,"artifact_path":"wandb-client-artifact://e1z9as67bm9fdjhg7ccznmu4s2zldn6f9bieemnxstzcqu9rl36zt5ifuur7po40t6a9gbvnyln9ekcnx4nfpujdjrgk0z7dgc5vw1u3tc66t3l4w8tyu1wkxzhi9rg1/val_probs_labels.table.json","_latest_artifact_path":"wandb-client-artifact://ck2h5osabe0qyatiiir0dnbtqfc2il4k4i26ade45yn76s5wvdf1b9lx1vcjkbmjznpy1gaqo5t6fnmrthshymvqhvkgcyrzlgb6cp73o7ct5oz147tdlh9nk0neb8uz:latest/val_probs_labels.table.json","path":"media/table/val_probs_labels_75_0f06850a47214a4b7b57.table.json","ncols":2,"nrows":532,"_type":"table-file","sha256":"0f06850a47214a4b7b5779a70ba32189ab20b5c7f287b7af105fe572e082353b"},"_timestamp":1.748679308813371e+09,"val_correct":488,"val_total":532,"_wandb":{"runtime":490},"epoch":52,"_runtime":490.515031164,"checkpoint_path":"Checkpoints/Messungen-Gli-Men/trainsample_2128/checkpoint_epoch_050.pt","train_loss":0.17570147707181819,"val_loss":0.2611778289079666,"best_model_path":"Checkpoints/Messungen-Gli-Men/trainsample_2128/best_model.pt","specificity":0.8892988929561144,"val_incorrect":44,"auc":0.972119721197212,"train_samples_used":2128,"val_accuracy":91.72932330827066,"sensitivity":0.946360153220446}