{"best_model_path":"Checkpoints/Messung-noTu-Tu/trainsample_3404/best_model.pt","specificity":0.9645161290011446,"val_accuracy":97.17978848413631,"sensitivity":0.9759704251205921,"val_probs_labels":{"nrows":851,"_type":"table-file","sha256":"6c96355df2071d861a482111a3eb35610fdc4a981d416355bec1081eda3f440e","size":22035,"artifact_path":"wandb-client-artifact://joieldc7mquszxmpgur94vmklczzbc1a6x9pjfyr53dy3rbu1dj8a5lygoi87ghnj41yb0g0xhbvfp5nkf0bvt6e0qqpnydp29ati4ag4bg9qhdgfsirwh0cxutvo2sl/val_probs_labels.table.json","_latest_artifact_path":"wandb-client-artifact://2xsbdwnwanbayqkqioamjk47raofyrrwq8gnyxusu0lk6ni6qcdxg2ae9k9f2g5g5fyk13xhvj02doeyy0wx26dhs89k25dxs9f6vy36lb3p64tyct34eqjtrwy0zlre:latest/val_probs_labels.table.json","path":"media/table/val_probs_labels_37_6c96355df2071d861a48.table.json","ncols":2},"val_correct":827,"checkpoint_path":"Checkpoints/Messung-noTu-Tu/trainsample_3404/checkpoint_epoch_020.pt","train_loss":0.05372747847879374,"_wandb":{"runtime":353},"train_samples_used":3404,"auc":0.992910381014847,"_timestamp":1.7485466555519314e+09,"_runtime":353.97819616,"val_incorrect":24,"epoch":25,"val_total":851,"val_loss":0.0998598262667656,"_step":37}