{"no_tumor_train":1276,"_runtime":538.076674977,"val_loss":0.08737139936004366,"test_total":1011,"train_samples_used":2552,"val_probs_labels":{"size":22071,"artifact_path":"wandb-client-artifact://q1czopafoonb1eel3wafkqn31zkymxz17yprg012cots2rduty7kae26hdsm78eddvnq1lkjzbd6rf147rf3gyt9chnv5aqotgsls7yfh9xbj608sk69rpgogcqzesqz/val_probs_labels.table.json","_latest_artifact_path":"wandb-client-artifact://f5nr1pkqfz4uecr1jfized50dsx75n5127jxkv72ul5sply418h1gqicuw2n9ukwhzmr75e2otyevwm6vsjdnosayadm2ijlw166lowgt0t4ezrya1wu9hj4b9kaodh1:latest/val_probs_labels.table.json","path":"media/table/val_probs_labels_34_cb91a090556858616c9a.table.json","ncols":2,"nrows":851,"_type":"table-file","sha256":"cb91a090556858616c9aecd0ae67bb68883ae65e6fefe93b7095adb67f960209"},"test_auc":0.9808866071792365,"_wandb":{"runtime":538},"test_specificity":0.9580246913343697,"specificity":0.9874608150160671,"val_accuracy":97.76733254994124,"tumor_train":1276,"_step":35,"test_sensitivity":0.9075907590609308,"test_correct":938,"sensitivity":0.9718045112599285,"epoch":35,"train_loss":0.06781472703441978,"auc":0.9952153110047848,"test_incorrect":73,"test_accuracy":92.77942631058357,"_timestamp":1.7498575960543969e+09}