{"train_percent_used":0.4,"sensitivity":0.9898605830102037,"train_samples_used":4084,"_timestamp":1.74933768989265e+09,"test_auc":0.9926088905186814,"_runtime":1117.2057964,"test_incorrect":38,"test_accuracy":96.24134520276954,"specificity":0.9558974358876318,"_step":29,"val_probs_labels":{"path":"media/table/val_probs_labels_28_448f828cb2e8ea35977e.table.json","ncols":2,"nrows":2553,"_type":"table-file","sha256":"448f828cb2e8ea35977ecbd9025ea1789401f815030bfff8a5fa0e86c67e40ef","size":65884,"artifact_path":"wandb-client-artifact://qdus122gmyk3leqf8oasgj07tqqfjcd3q1n7bi0y8mz84vi04k52d515ciwgwu4daxj01upwgrcmphto9zn5hbsrydhpi3c2vq7cl1pl54cc2nc7rhxua2hx6bw7ykb0/val_probs_labels.table.json","_latest_artifact_path":"wandb-client-artifact://nxnybaeyne7tv6leoons8wgby1kx7wvs039hp8dycrbxesfcixlj9vwew67r29cacrm349yblxku58ruvb4e5zhfhuezdk0lripahz4jxw2uw5r3339544e8soblluzq:latest/val_probs_labels.table.json"},"test_specificity":0.9728395061488188,"val_accuracy":97.68899334116725,"epoch":29,"auc":0.9942013584218907,"_wandb":{"runtime":1117},"test_sensitivity":0.955445544538689,"test_correct":973,"val_loss":0.10079641651827842,"train_loss":0.025663847380201332,"test_total":1011}