{"no_tumor_train":1276,"train_samples_used":2127,"val_accuracy":97.88484136310224,"test_sensitivity":0.8943894389291355,"_timestamp":1.750415030208648e+09,"epoch":32,"test_auc":0.9763761561341319,"test_total":1011,"test_correct":931,"tumor_train":851,"train_loss":0.04392378234907108,"_runtime":402.156232447,"test_accuracy":92.08704253214638,"test_specificity":0.9604938271367779,"val_probs_labels":{"sha256":"3c3a1b9653ccbb3430dd6d53f1ea7963d94326044451eb30949f115e5dd3a477","size":22109,"artifact_path":"wandb-client-artifact://fe63x8ohnx2ewonblxddc1gft9jpbncepn72uhueztc2862v8inqt86bp1ukc03h4difq7q994y62s7nwccz78gzlvmgtyf4zd8kebi9c96jdkw93qj0nnmwnacwexok/val_probs_labels.table.json","_latest_artifact_path":"wandb-client-artifact://pvdxxi2u1suo9jvp6ckp5p2pinnw8smzghuf8rrebq9na5niir3tvra0zmaegzv0uovnledolt0p1ax68p1uhl1jcy0qyrvczy7oh2ic5o40x5uuf22iujinha3w1xsk:latest/val_probs_labels.table.json","path":"media/table/val_probs_labels_31_3c3a1b9653ccbb3430dd.table.json","ncols":2,"nrows":851,"_type":"table-file"},"specificity":0.9874608150160671,"auc":0.9947439130742217,"_step":32,"sensitivity":0.9736842105080135,"_wandb":{"runtime":402},"test_incorrect":80,"val_loss":0.09267565102449485}