{"auc":0.9903702820344644,"train_loss":0.06599773907766293,"val_correct":823,"_wandb":{"runtime":260},"_step":19,"checkpoint_path":"Checkpoints/Hyperparametersuch-noTu-T/desert-sweep-20/checkpoint_epoch_010.pt","train_samples_used":3404,"_timestamp":1.748037403202878e+09,"epoch":19,"val_probs_labels":{"sha256":"198f9b0be6d5dfecec25149058e6159c664d0fa914a9741f1c51087b651302a5","size":20216,"artifact_path":"wandb-client-artifact://k9qfv07c4qy5ekubuu9lp3ngbpiwitpc3o1my3j4ldrf258pzdmliylbaufvrs34yxe53z2yyjqlpvp8wnupszmviqhrg223mhf7fcihv7ehxotb9dx07frricv9bvy3/val_probs_labels.table.json","_latest_artifact_path":"wandb-client-artifact://r9vju4knicwpmv8ia4kk7h36879qpiytt96p1yfqntjal5gjllho6z4vwmovdkfnwh88deld4q9pvhkuh5ei682h1tg87721gtgym28pel3hosxz9rjwllh7gn1jpbek:latest/val_probs_labels.table.json","path":"media/table/val_probs_labels_19_198f9b0be6d5dfecec25.table.json","ncols":2,"nrows":851,"_type":"table-file"},"specificity":0.9709677419041624,"val_loss":0.23820324711212176,"sensitivity":0.964879852107858,"val_accuracy":96.70975323149236,"val_incorrect":28,"_runtime":260.387879052,"val_total":851}