{"test_accuracy":88.92185954500495,"val_accuracy":95.18213866039953,"sensitivity":0.9285714285539742,"_step":29,"test_total":1011,"_wandb":{"runtime":303},"test_correct":899,"val_loss":0.27687330171465874,"train_samples_used":1701,"test_specificity":0.918518518495839,"epoch":29,"val_probs_labels":{"sha256":"62f7dc7bee021db41622e7f9bd6d6f88a7099e3e1cc058a21b18bb4aade7675b","size":22261,"artifact_path":"wandb-client-artifact://1bx76a3xldv98iprkbzwkutjh2ghuvnv0c0miehrcehrx2rdtg648k5ns18f7p04rbqlnmm0t1hpgf182ddz4jcsk02lgg8dx0d3q4i8y70l3xrwimoxh9ao9g005t3p/val_probs_labels.table.json","_latest_artifact_path":"wandb-client-artifact://d3zqps2g053wabwqeh9psfm1p8vc2xnwqgk2iru3fxvdnwx05wjiq93gcu0n72mixeejehds6ir6hcdkusdekwek9osu7o1tlsmtr8cwezf7rtcwi3g5ppsbusd7k6oa:latest/val_probs_labels.table.json","path":"media/table/val_probs_labels_28_62f7dc7bee021db41622.table.json","ncols":2,"nrows":851,"_type":"table-file"},"test_incorrect":112,"_runtime":303.149215367,"tumor_train":425,"_timestamp":1.7504540243422852e+09,"auc":0.9886569872958259,"test_sensitivity":0.8696369636820191,"no_tumor_train":1276,"specificity":0.9905956112542132,"test_auc":0.9551603308478996,"train_loss":0.08195997881037849}