{"best_model_path":"Checkpoints/Messungen-Gli-Men/trainsample_851/best_model.pt","val_accuracy":84.3984962406015,"val_correct":449,"_wandb":{"runtime":146},"epoch":30,"train_loss":0.26800292304583956,"_runtime":146.4389976,"auc":0.9294086044308719,"_timestamp":1.7486784466083179e+09,"_step":45,"val_incorrect":83,"checkpoint_path":"Checkpoints/Messungen-Gli-Men/trainsample_851/checkpoint_epoch_020.pt","sensitivity":0.9080459769767032,"val_probs_labels":{"sha256":"5d27165d033cf31eb41e34278dc246d9b56eb5d360ada3f9d20d9d6a21d20afe","size":13472,"artifact_path":"wandb-client-artifact://zh6coom3mbna5yj4oq296agf9vblw835bcx4b6hkqi1wsh1p8ada4aqpaqyn9d98ex24pcg4v8rw1knldcecg4jwg09nkjz6jp76f3tm3r67xj7hoy9z663bw09bihnk/val_probs_labels.table.json","_latest_artifact_path":"wandb-client-artifact://85404d6imuiqtr3tw76v9a0ci3ub8ibk50a5ecm2t481512f5rt1i3ip6zpz88u0kbsfj3laucmp99s94wyf2gukohsr10k6sy6q9bu7l8oa5x3igplhjyfuu81c66d4:latest/val_probs_labels.table.json","path":"media/table/val_probs_labels_45_5d27165d033cf31eb41e.table.json","ncols":2,"nrows":532,"_type":"table-file"},"train_samples_used":851,"val_total":532,"specificity":0.782287822849362,"val_loss":0.39906877279281616}