{"_wandb":{"runtime":296},"_timestamp":1.7481331466741076e+09,"epoch":31,"val_accuracy":91.72932330827066,"auc":0.967786402001951,"sensitivity":0.8927203064792061,"val_loss":0.3984658747911453,"val_correct":488,"specificity":0.9409594095593742,"train_loss":0.01812646983136587,"val_probs_labels":{"ncols":2,"nrows":532,"_type":"table-file","sha256":"8c161f549ac5133f978dc1e2ed06966d536e93b7f3dac9fc547dfb2d653990e9","size":13229,"artifact_path":"wandb-client-artifact://0q2194s4v6h09tzj25d78bbrq52uwhf1p1w2iz63u2yfxw2o4amvf2w0q4r1xoj0ayjzulybgh5n1yn8fbpp24dd6o215c8h43s1nugog4951o1usrqv16x4mrjhzuue/val_probs_labels.table.json","_latest_artifact_path":"wandb-client-artifact://i0aqbl7c8ni25xb08lzetmkuo38uj3aisps0ho3ztdyicczn5adzr293vq54tkmoc22reextw254783n0r37u4hbvdr022qradel2ptc4co58pu2d36y0mfvs5mirza5:latest/val_probs_labels.table.json","path":"media/table/val_probs_labels_33_8c161f549ac5133f978d.table.json"},"val_incorrect":44,"_step":33,"train_samples_used":2128,"checkpoint_path":"Checkpoints/Hyperparametersuch-Gli-Men/sparkling-sweep-92/checkpoint_epoch_030.pt","_runtime":296.451107861,"val_total":532}