{"no_tumor_train":1276,"auc":0.9953095905908973,"epoch":36,"_wandb":{"runtime":525},"_timestamp":1.7504384086678486e+09,"val_loss":0.11468067219746965,"train_loss":0.03609720438253135,"test_auc":0.9894267204498227,"val_accuracy":98.00235017626322,"test_accuracy":94.65875370919882,"tumor_train":1276,"specificity":0.9937304074923595,"train_samples_used":2552,"test_sensitivity":0.9174917491597774,"sensitivity":0.9718045112599285,"val_probs_labels":{"_type":"table-file","sha256":"4afc1a6f1147f87efa5e727c9dab067733e90a508a0d94bd72d80da7ecc371b0","size":22225,"artifact_path":"wandb-client-artifact://iwb2zdf1ge2sqruep7d6s1rvh8eauxbw3sof91fut1ve2fbultkg982dckdut2j93lg5j5r02w3fdxewtwrt20cp2rjs0wmz1jl7onlvekzgu3nhacdu3pdb4v50droi/val_probs_labels.table.json","_latest_artifact_path":"wandb-client-artifact://vz84idsv88l9kqisbh2yzwqph7t8gmf272wlfn5axub674pge8frabjjyyk35ee1eigqv1rf0gcv8ki0rk23uzvkxrcu89ybto79v4akqpd8wmb9suifm1p79ew0rpfz:latest/val_probs_labels.table.json","path":"media/table/val_probs_labels_35_4afc1a6f1147f87efa5e.table.json","ncols":2,"nrows":851},"test_incorrect":54,"test_correct":957,"test_specificity":0.9901234567656759,"_runtime":525.232292869,"_step":36,"test_total":1011}