{"epoch":44,"val_loss":0.3710273504257202,"specificity":0.8339483394526218,"val_incorrect":71,"_step":60,"train_samples_used":1064,"sensitivity":0.9003831417279546,"val_probs_labels":{"ncols":2,"nrows":532,"_type":"table-file","sha256":"cd05f2a57c210194717c4206f0882e31b902da588b83178ce936c569ab1ce865","size":13520,"artifact_path":"wandb-client-artifact://wam82fliav2gccb94wbidg2buitsoh706eiyhgx61sx41untv5e4bzp20i4i4c3gaberb9l4jfn7wn2v5ss3wbtjyesegssqrgzrbdrlgomgczgq524tttjz6r8srprf/val_probs_labels.table.json","_latest_artifact_path":"wandb-client-artifact://ku2hkz1xragqmvomk4l7sfmkek05u914sgvi0xb3dp3roazrm2z2n53slh772n33ld79rlh08apnsticnkoeqworcr1l2lyjslnvl9mjornm04vab2vr3spk0b4krjjg:latest/val_probs_labels.table.json","path":"media/table/val_probs_labels_60_cd05f2a57c210194717c.table.json"},"val_total":532,"train_loss":0.1693195328116417,"auc":0.9391355982525342,"_timestamp":1.748687007211161e+09,"_runtime":246.276351162,"val_correct":461,"best_model_path":"Checkpoints/Messungen-Gli-Men/trainsample_1064/best_model.pt","val_accuracy":86.65413533834587,"checkpoint_path":"Checkpoints/Messungen-Gli-Men/trainsample_1064/checkpoint_epoch_040.pt","_wandb":{"runtime":246}}