{"val_total":851,"_wandb":{"runtime":319},"val_loss":0.1201695767896516,"train_loss":0.041281130630522966,"sensitivity":0.9722735674496807,"auc":0.9923975910798402,"train_samples_used":2383,"_timestamp":1.748552489264085e+09,"val_probs_labels":{"size":22081,"artifact_path":"wandb-client-artifact://t0v3eya015v82pjxce49jhck1ieabmrgjn5plc575lumsycize53qkm7zxu61e5l3w1ytf12c0kuqesn9xuo18i04031n0nhxoyugarycertqumbhorytdziru53wgjy/val_probs_labels.table.json","_latest_artifact_path":"wandb-client-artifact://w5ojq84q996yuk0freyjklmnozbddlgojrvtmohk8p0gk9ankt0a7ylfpotwi0388ian6ngc9xavj35d2trjgotha9ue7boswtl4fo1tthq8m96q6wis2dqu32z3s4wv:latest/val_probs_labels.table.json","path":"media/table/val_probs_labels_45_ca88710026f3cd456f93.table.json","ncols":2,"nrows":851,"_type":"table-file","sha256":"ca88710026f3cd456f93abaf93df47f2f22bf388b3607e5bdacbb3e249532707"},"_runtime":319.024161118,"specificity":0.9548387096466181,"best_model_path":"Checkpoints/Messungen-noTu-Tu/trainsample_2383/best_model.pt","epoch":31,"val_incorrect":29,"val_correct":822,"checkpoint_path":"Checkpoints/Messungen-noTu-Tu/trainsample_2383/checkpoint_epoch_030.pt","val_accuracy":96.59224441833138,"_step":45}