{"val_probs_labels":{"size":22021,"artifact_path":"wandb-client-artifact://l01rwtwi7871zimom9taxmb9by8a42k38jw0eoofpzgohh9ffa5mqra66ejbj44vmv6yib53z7s830dd29cpqthqwqtypp4oetc0fekiyh9x28ds0k44vjmt2y14he31/val_probs_labels.table.json","_latest_artifact_path":"wandb-client-artifact://qztof3rged1m5ldcbgf9vxjllykm7kbm4e1xegu8ivs7f3refkbc1e9s3172dmn05pwyey7h1yw2nvdhta6bjw73zam78teseh5saiusaleiyuxt1eew669um5cd1ekh:latest/val_probs_labels.table.json","path":"media/table/val_probs_labels_44_c414af5b4828a05a58fb.table.json","ncols":2,"nrows":851,"_type":"table-file","sha256":"c414af5b4828a05a58fb558a528a4dc35e3c1beb3624d8782ed0da51ba71b5f6"},"sensitivity":0.964879852107858,"val_accuracy":94.94712103407755,"val_correct":808,"auc":0.9845149364975255,"val_incorrect":43,"epoch":29,"_timestamp":1.7486364525830824e+09,"_step":44,"checkpoint_path":"Checkpoints/Messungen-noTu-Tu/trainsample_1021/checkpoint_epoch_020.pt","_wandb":{"runtime":176},"specificity":0.9225806451315296,"_runtime":176.007659768,"best_model_path":"Checkpoints/Messungen-noTu-Tu/trainsample_1021/best_model.pt","val_total":851,"train_samples_used":1021,"val_loss":0.19205457184995925,"train_loss":0.03710941015742719}