{"val_loss":0.19620383211544581,"_timestamp":1.7486346830889924e+09,"val_correct":814,"specificity":0.9096774193254943,"val_accuracy":95.65217391304348,"_step":54,"best_model_path":"Checkpoints/Messungen-noTu-Tu/trainsample_3064/best_model.pt","checkpoint_path":"Checkpoints/Messungen-noTu-Tu/trainsample_3064/checkpoint_epoch_030.pt","epoch":39,"val_total":851,"val_incorrect":37,"val_probs_labels":{"sha256":"07c9faf274b06a1a90c3166091ca9c14bcde733e719b8d04c26c32654fd5d576","size":19705,"artifact_path":"wandb-client-artifact://srybbrsh9r700p99fnrkg00dkmo09ag9j6jkskuu3ewa8l4f48mw3y3rwgk4re7mdnxlsv021eakme2ythd0526n7s3nzgyou5sef9fdjovxe2kuw1z24zmb9kgal84y/val_probs_labels.table.json","_latest_artifact_path":"wandb-client-artifact://2k21kvoedgf0a7gky1t3lruvwwwqg8pouqaddyf4zn47lkyn89wfcbrl2uejiifc84bx34zfs0n0owipc66lumo8wdsfmupcigskqmoafl2uicfyxq2xm251m3tfpp0y:latest/val_probs_labels.table.json","path":"media/table/val_probs_labels_54_07c9faf274b06a1a90c3.table.json","ncols":2,"nrows":851,"_type":"table-file"},"_wandb":{"runtime":492},"sensitivity":0.9833641404624147,"auc":0.9905163675392046,"_runtime":492.1600446,"train_samples_used":3064,"train_loss":0.0227468877856154}