{"_wandb":{"runtime":471},"auc":0.9959394192355852,"_runtime":471.346448661,"val_correct":831,"specificity":0.9645161290011446,"epoch":35,"checkpoint_path":"Checkpoints/Hyperparametersuch-noTu-T/fancy-sweep-6/checkpoint_epoch_030.pt","train_loss":0.015427752706627572,"train_samples_used":3404,"_timestamp":1.748033503276837e+09,"_step":37,"val_total":851,"sensitivity":0.9833641404624147,"val_accuracy":97.64982373678026,"val_probs_labels":{"_latest_artifact_path":"wandb-client-artifact://t176hz03ffrky8a7dvugptts4q1cz80bnosp1iz44at16z1n8shn52cb8wtnp9avlx074ikn3trrm6pkxcu8u092v3y6da0j49vvtaap9g56vh7sxkped3o6c3vlax4v:latest/val_probs_labels.table.json","path":"media/table/val_probs_labels_37_1b1ddb8e575152a4cb3a.table.json","ncols":2,"nrows":851,"_type":"table-file","sha256":"1b1ddb8e575152a4cb3a80b172f0dc6ce3894045cd69a51ae50e1586ac07809e","size":21406,"artifact_path":"wandb-client-artifact://gtknbq8u6rap38ay9qesoradszjjsr6cm77na5ilclokq11qpfrfafqk0qt39lml62omi1zwvc7wbi5nnquass1ssclp13cpi58bdajdz8fqdrct1c2bhpnzw6bbo5e6/val_probs_labels.table.json"},"val_incorrect":20,"val_loss":0.09294542021760005}