{"sensitivity":0.9852125692978704,"train_samples_used":3404,"val_correct":830,"val_incorrect":21,"val_probs_labels":{"ncols":2,"nrows":851,"_type":"table-file","sha256":"98d20a2370fe7342042fdf3e389c08f6932173e894dcec7822247690cdcdc10e","size":20032,"artifact_path":"wandb-client-artifact://3fpogo05qm869mbosydxl9pg11w7wqg8n507j9fn92g71n3znnvf97tt79deq67yn2lreg9qqktm1vpvlkookqdgu1v9ypgcep8k5syqb4df0sf81o9qa2fitqyly2gg/val_probs_labels.table.json","_latest_artifact_path":"wandb-client-artifact://2ylhl0czn9eqllbfttt5v0ulndksq1h2fnhmtik74ny8wwwnm6y30dbqkk6yhh8p3xpkmyzs8xn9c3w5qz1xkmo8fzz5a0umfcdv8j2qez65rf3e267gzy0n9uo8owdq:latest/val_probs_labels.table.json","path":"media/table/val_probs_labels_106_98d20a2370fe7342042f.table.json"},"specificity":0.9580645160981269,"val_total":851,"train_loss":0.035129341210618066,"val_accuracy":97.53231492361927,"val_loss":0.07507684214838914,"checkpoint_path":"Checkpoints/Messungen-noTu-Tu/trainsample_3404/checkpoint_epoch_070.pt","_wandb":{"runtime":975},"epoch":71,"_runtime":975.170284007,"auc":0.9976626319241547,"_timestamp":1.7486511548570654e+09,"best_model_path":"Checkpoints/Messungen-noTu-Tu/trainsample_3404/best_model.pt","_step":106}