{"val_loss":0.3382706511902678,"_runtime":400.210327139,"meningioma_train":1072,"test_total":606,"val_accuracy":91.71374764595103,"train_samples_used":1917,"test_sensitivity":0.9281045751330684,"test_correct":550,"_step":22,"test_incorrect":56,"test_specificity":0.8866666666371111,"train_loss":0.05059658677588838,"auc":0.9598584156168426,"_timestamp":1.749481876309648e+09,"epoch":22,"specificity":0.886363636330062,"test_accuracy":90.75907590759076,"sensitivity":0.9475655430356716,"test_auc":0.966078431372549,"_wandb":{"runtime":400},"val_probs_labels":{"sha256":"b80cb544ede95b85c016d4645e295cdb1fe97ca38046f2aa5abe35cf86d0ebb9","size":13706,"artifact_path":"wandb-client-artifact://04gdm3wecvrb306dpdgste89xemtig5j42knn5iuo2uao5ogyj7ukuwinfz1wqitxx5iy9txlvpp0xxv9ah94aybtkke76qxro04arg75812hljbblxbb95u545h10rz/val_probs_labels.table.json","_latest_artifact_path":"wandb-client-artifact://olu2ed9bl8bi1x1a6jdh9hdgk3yclxebvw9wco00lna29iaql56h4zdxpwmlp2xk9dnjrg8z9q5uawzh8cqku2qbmz8mm4tz5q3953d3b6mdhrh212icrxy97le1j9yp:latest/val_probs_labels.table.json","path":"media/table/val_probs_labels_21_b80cb544ede95b85c016.table.json","ncols":2,"nrows":531,"_type":"table-file"},"glioma_train":845,"test_probs_labels":{"ncols":2,"nrows":606,"_type":"table-file","sha256":"f67bdb52c7469106e70e89c068328904e2019bd50e96093e84760bfc54a5618e","size":15435,"artifact_path":"wandb-client-artifact://4extcvqrcivd6mzyaqvfj1ph33dxn0v8zidjgbyuthuet5l4qfozzknt4n3poadoi31ja43s33zi5nw3dz8to3lz17mu1bcg1dr4vdvcfdfo2wuyef2vp3g1twb6lmqc/test_probs_labels.table.json","_latest_artifact_path":"wandb-client-artifact://flcvwk73p0bkwpb1gn4kwgq8zgwvv8oyt2cmjo3hexyx2lf6k2do8rtt929c8gmz1vqhgxsxj3xn28td7hjln5ayjgcsvt8ufb0d01tm0fft0knlyvrwgrm7lpf3epy4:latest/test_probs_labels.table.json","path":"media/table/test_probs_labels_22_f67bdb52c7469106e70e.table.json"},"test_confusion_matrix_table":{"size":192,"artifact_path":"wandb-client-artifact://no3h916koxo631w0j7vfiwy4nln5yt0stj8zyvtsllv46212yhienpx1cd1vl20dqua906yq1bfe0x2up0spjtpbwhvbrq19wllbqt5nsk82o74iwxp8y6r775kywh04/test_confusion_matrix_table.table.json","_latest_artifact_path":"wandb-client-artifact://t05x9vmnyelkihma2ykisqnecz6g11918z2rvp2envyggz5k5ejdly09ozz0ifl9t87bwo6vugyucvzymhlepjp44zwdb3kvtitluesegrfhl88vg8lao02j03k1ijie:latest/test_confusion_matrix_table.table.json","path":"media/table/test_confusion_matrix_table_22_9c650d9da19f996fd587.table.json","ncols":3,"nrows":4,"_type":"table-file","sha256":"9c650d9da19f996fd5878a6919ee89f266c1ca2854e206fa7ad02de70427b81c"}}