{"val_accuracy":97.41480611045829,"train_loss":0.006665118424514927,"val_correct":829,"_step":18,"specificity":0.9709677419041624,"val_probs_labels":{"_type":"table-file","sha256":"34d89a3a4fd64ee90dccbca307d92063c38ea140e1da75f4b8f43e1529fd4fc1","size":19684,"artifact_path":"wandb-client-artifact://t8u4rvid9dvxdj186a8ejfwrf1e02a5f27095lq5c3e8d4vd2e2vlhprg8gjnrq2b4gye4q8dz16g85ence9cxf6x8ez51wnr53dtiryt8wii1ehnmogbjwdghihtra2/val_probs_labels.table.json","_latest_artifact_path":"wandb-client-artifact://iewljijkv7suc7pq8h4qkjd6u82dly1re967dx7l88qp3f68srylvu89ca2hav1ttir8tqhqfyvrv8ddhuqbqt62enrujjgsx5a4egqgifm25u3kq1jpktjkx9glqrsp:latest/val_probs_labels.table.json","path":"media/table/val_probs_labels_18_34d89a3a4fd64ee90dcc.table.json","ncols":2,"nrows":851},"_wandb":{"runtime":245},"auc":0.9953252638483097,"_timestamp":1.7480357987567239e+09,"_runtime":245.377030367,"val_total":851,"epoch":18,"val_incorrect":22,"val_loss":0.12903996031889586,"checkpoint_path":"Checkpoints/Hyperparametersuch-noTu-T/frosty-sweep-14/checkpoint_epoch_010.pt","train_samples_used":3404,"sensitivity":0.9759704251205921}