{"auc":0.947788098570641,"train_samples_used":1064,"val_total":532,"checkpoint_path":"Checkpoints/Messungen-Gli-Men/trainsample_1064/checkpoint_epoch_030.pt","_runtime":201.193507579,"val_correct":460,"epoch":36,"val_loss":0.3994750678539276,"val_probs_labels":{"nrows":532,"_type":"table-file","sha256":"0e34d9b6f140c7eb4426a4df9183b94c9537804bd5669bbb5036900ea63a51ae","size":13388,"artifact_path":"wandb-client-artifact://7czsnm0pyprt6t138en1xc6nebwgks6clkexl55ehvftjb9lzhuj76y1i4j54imd8odq5kr0b8l6xdhv4hjlflf3hpct43w9862qgo98xbjkqg7p8ze3etb5txqtwukg/val_probs_labels.table.json","_latest_artifact_path":"wandb-client-artifact://jueh3wf2isgyhpchwqgkaqlkg2y0xhjy5uofmx5vk375ho6vfi15yggtikie5zgc36tpkha0gds8zz0guw0z3cb0tll5uu1lc41jjybe531l2zhooj6nfc3rjm8k87ts:latest/val_probs_labels.table.json","path":"media/table/val_probs_labels_52_0e34d9b6f140c7eb4426.table.json","ncols":2},"val_incorrect":72,"train_loss":0.18689369410276413,"val_accuracy":86.46616541353383,"specificity":0.7970479704502934,"_step":52,"sensitivity":0.9348659003473231,"_wandb":{"runtime":201},"_timestamp":1.7486840455520003e+09,"best_model_path":"Checkpoints/Messungen-Gli-Men/trainsample_1064/best_model.pt"}