{"specificity":0.9749216300634821,"val_accuracy":97.64982373678026,"_step":41,"test_sensitivity":0.9339933993245215,"val_loss":0.09815305677641716,"_timestamp":1.749839741429109e+09,"train_loss":0.03987412909535985,"test_total":1011,"train_samples_used":2340,"val_probs_labels":{"_type":"table-file","sha256":"cc2bba955934969048701c88bc04256fa8b37160e1ff5b59ef94189db56803d4","size":22144,"artifact_path":"wandb-client-artifact://rqdds2rmnw9gvj81riovh8ycafwt5vl6rlljl9en3738ehnulmjn4bli311wqdif3wsx939tufz8f8zpeqvxg63fakapae3700h3pf0vfhgzujlz447d128cwo7dmvye/val_probs_labels.table.json","_latest_artifact_path":"wandb-client-artifact://425tnpk7svchrfs7w2ann8y5vt06u4lucjm50zzxbqh1rjgc2s7lrfh8hwlt8z4icr3l9sa9fa54eupos3fttble3845hdcc7mdby1xcgpw8qqt42xkf1unh6gsah2zt:latest/val_probs_labels.table.json","path":"media/table/val_probs_labels_40_cc2bba95593496904870.table.json","ncols":2,"nrows":851},"epoch":41,"no_tumor_train":1276,"auc":0.9940250312301129,"_wandb":{"runtime":464},"test_accuracy":95.54896142433235,"tumor_train":1064,"test_correct":966,"sensitivity":0.9774436090041834,"test_incorrect":45,"test_auc":0.9871164894267204,"test_specificity":0.9876543209632678,"_runtime":464.604572978}