{"_runtime":307.933900951,"val_accuracy":96.23971797884842,"val_incorrect":32,"val_probs_labels":{"ncols":2,"nrows":851,"_type":"table-file","sha256":"eacf920fadb3687a043bd20f1e2ffc0cde060fed94640ded983f66aea4bb6d46","size":22169,"artifact_path":"wandb-client-artifact://d1q0k3rk021mtx0ok6z7s6iw2hbr38qbbngskd1b2bru2445q874tf3vo49hsy6fcbnadz04la5q317tnlz1qnaw3rhx7h7snbst45i02ml27x7b4ny4r2f42bnmkbqz/val_probs_labels.table.json","_latest_artifact_path":"wandb-client-artifact://rgassv2lm5u53qn12gyxwxhicftsfisrgf8gqgir0v8debakb5z6du05p6evt930sfegwy5k375hznpz636fz025t6yc6v6bd71mgyq62yk1h2vjjhay6nidhurt1k30:latest/val_probs_labels.table.json","path":"media/table/val_probs_labels_37_eacf920fadb3687a043b.table.json"},"auc":0.9903166179714985,"checkpoint_path":"Checkpoints/Messungen-noTu-Tu/trainsample_2723/checkpoint_epoch_020.pt","sensitivity":0.959334565601491,"_wandb":{"runtime":307},"best_model_path":"Checkpoints/Messungen-noTu-Tu/trainsample_2723/best_model.pt","_timestamp":1.748552164348626e+09,"train_loss":0.02338330913335085,"val_correct":819,"val_loss":0.16155359255416052,"val_total":851,"specificity":0.9677419354526534,"epoch":27,"_step":37,"train_samples_used":2723}