{"_step":60,"train_loss":0.076001502642477,"val_incorrect":36,"_timestamp":1.7480869352556055e+09,"_wandb":{"runtime":771},"_runtime":771.684841252,"val_accuracy":95.76968272620446,"val_probs_labels":{"_latest_artifact_path":"wandb-client-artifact://060b637fpgyeg7ba324rga6bizo5fymd8dft6hqtsvxxhgefx5su1biouv26ymppqi8dm8bgs5lp0q0lg6ugmcefsy05p2hcxr3bagoxcsy9dn49fzc1cvm014th945m:latest/val_probs_labels.table.json","path":"media/table/val_probs_labels_60_400f9512394f00b62019.table.json","ncols":2,"nrows":851,"_type":"table-file","sha256":"400f9512394f00b620194f616f3dcedfa45a232b79fa29286fd8cf18da3904ea","size":21987,"artifact_path":"wandb-client-artifact://zhyf1cgaqu37jnaratui6z3ga6pti85prvqbtt5fn2388stpeonizwgm2r7tkk0mkgmuku4zw96j5vrbjf0k08d5dqr30wvws18qf23ruw81ym0wwbkx505a0yliu0al/val_probs_labels.table.json"},"epoch":56,"train_samples_used":3404,"auc":0.9942639079363187,"val_total":851,"val_loss":0.09543637026633535,"val_correct":815,"specificity":0.935483870937565,"sensitivity":0.9704251386142251,"checkpoint_path":"Checkpoints/Hyperparametersuch-noTu-T/expert-sweep-80/checkpoint_epoch_050.pt"}