{"_step":35,"_wandb":{"runtime":597},"specificity":0.9905956112542132,"sensitivity":0.9812030075003533,"test_correct":995,"test_total":1011,"val_loss":0.07585113162973098,"test_incorrect":16,"_timestamp":1.7504222604169781e+09,"test_sensitivity":0.975247524736382,"epoch":35,"test_specificity":0.9975308641729005,"val_probs_labels":{"artifact_path":"wandb-client-artifact://js12omz66w8bg1jxfnsc2134w4nwa9b0mpqke1566fozbzi9ju2j9ou3u823ifxni4ox36mlw6yq1bgxod9bix17gqifmxhp61t69s9wu6ho0hj3bhqcdta5i1g6avas/val_probs_labels.table.json","_latest_artifact_path":"wandb-client-artifact://vy22l70v4ut0fy5gm2eokyfoawjb1nr2vmz40sj8gfpek2i05mph3803ubflya7decyr3wgczo25jl4suuo0j2238seqidde98gyagwp7z0moxjuytbbmny0iuks6ujf:latest/val_probs_labels.table.json","path":"media/table/val_probs_labels_34_bbef64d5d65decf4c170.table.json","ncols":2,"nrows":851,"_type":"table-file","sha256":"bbef64d5d65decf4c1702da923ed3d6a46585ba0797ad344b90fbf308fa08881","size":21338},"train_loss":0.02101146906109837,"tumor_train":1702,"auc":0.9964645155207769,"no_tumor_train":1276,"val_accuracy":98.47238542890717,"test_auc":0.9938516073829604,"_runtime":597.656786873,"test_accuracy":98.41740850642928,"train_samples_used":2978}