{"specificity":0.9594095940605384,"checkpoint_path":"Checkpoints/Hyperparametersuch-Gli-Men/iconic-sweep-59/checkpoint_epoch_030.pt","_wandb":{"runtime":400},"_step":42,"train_samples_used":2128,"val_incorrect":36,"val_correct":496,"val_loss":0.27503519422478145,"val_probs_labels":{"size":13590,"artifact_path":"wandb-client-artifact://wf7ea8e0uofg4xgd6pb823nm1fp2twta4b5hxnzjlywu22qsby6yy4vmf76idscdq55ycpw8olked0le5gxs64nezr9378sfpwa9pbposvoajtubzyp3t55sqwq9o8k6/val_probs_labels.table.json","_latest_artifact_path":"wandb-client-artifact://cg0dqk5sydh93l92jzijj0bjny469zxvhdoeqk5k5hyakvlr7brw0ugvmw1356mu0x6ixoqohxec50hdx90ydja66il4zxow28jem734zsim80xs6qahcyz0k80qxlcm:latest/val_probs_labels.table.json","path":"media/table/val_probs_labels_42_8dae56ea401db2acd16d.table.json","ncols":2,"nrows":532,"_type":"table-file","sha256":"8dae56ea401db2acd16d7a119ee857bcb69d6dfdd7cc9ca741ebaf53fd0c8f40"},"auc":0.9760218291838092,"epoch":40,"val_accuracy":93.23308270676691,"_runtime":400.129766664,"val_total":532,"sensitivity":0.9042145593523289,"train_loss":0.04317334551802453,"_timestamp":1.748117623225385e+09}