{"auc":0.9922485242382685,"_wandb":{"runtime":609},"test_specificity":0.9703703703464106,"_timestamp":1.7498088147846153e+09,"_runtime":609.25541983,"train_loss":0.05664278894524883,"val_loss":0.11244833469390869,"sensitivity":0.9778188539560477,"test_sensitivity":0.9306930692915727,"test_correct":957,"test_total":1011,"train_samples_used":3404,"test_accuracy":94.65875370919882,"test_incorrect":54,"val_accuracy":96.59224441833138,"specificity":0.9451612902920915,"test_auc":0.991842887992503,"_step":30,"val_probs_labels":{"ncols":2,"nrows":851,"_type":"table-file","sha256":"025a505308db09e61c0c6dfe2b9ff422afb8bbff458296e89ad88206834196da","size":22005,"artifact_path":"wandb-client-artifact://hx6axfvm59gp4mrtjvv0j5vwjtezr3pz1p4clw08vyg4m41x4j1ah05s82zln3b1hilf3ez1qbkn2wptg6y9m4cxgnn5n9cud82lmnfm974zeslhfalej2tw9kpuehom/val_probs_labels.table.json","_latest_artifact_path":"wandb-client-artifact://8ast5nxdeqtmum9lv6bg3bq2gwph9v6o8ho6s7tq5wlx941t7uz2ine1wl1drhbgw4dn8cmtl3155lrryl94n6y3i81ziogvy5tzy4p99fdl4iksolaq9ommrzcpbjo7:latest/val_probs_labels.table.json","path":"media/table/val_probs_labels_29_025a505308db09e61c0c.table.json"},"train_percent_used":1,"epoch":30}