{"val_accuracy":95.41715628672151,"val_incorrect":39,"val_correct":812,"_wandb":{"runtime":345},"checkpoint_path":"Checkpoints/Hyperparametersuch-noTu-T/pretty-sweep-38/checkpoint_epoch_020.pt","sensitivity":0.9722735674496807,"val_total":851,"val_loss":0.1409727280304112,"_runtime":345.16512785,"train_loss":0.08189305987983733,"_timestamp":1.7480438380070708e+09,"epoch":25,"specificity":0.9225806451315296,"auc":0.9901615884562638,"train_samples_used":3404,"val_probs_labels":{"size":21978,"artifact_path":"wandb-client-artifact://iz7i80kb2adw5mn72k1a714ewbb5fu8k9thqppbwklbeihc3zj8p3or5wnxye8a19rwe3g7allcny93d4q3eok8kamzik0r1esnvtsfaos84jzf41mvsk0t42w8fbmel/val_probs_labels.table.json","_latest_artifact_path":"wandb-client-artifact://ypx0ttlmljn5k1dtj92wcxhxpt9beaknm52h262ajlcltgcvtdputcz9hcr6edj8o0x71hdwoclzfox0kffyefxn7ffe8q30wn0b8ray3qcf03btdmz5h9devvs9xzdh:latest/val_probs_labels.table.json","path":"media/table/val_probs_labels_26_10587b6cd6473269eb0e.table.json","ncols":2,"nrows":851,"_type":"table-file","sha256":"10587b6cd6473269eb0e0f4f1193a757f4a846bd7f2b80acf411860a4994a64c"},"_step":26}