{"test_accuracy":89.93399339933994,"_wandb":{"runtime":419},"test_probs_labels":{"_latest_artifact_path":"wandb-client-artifact://sx8bdrkcr9k5q2js8h9go9w6zzv4ccharz7g0a5v0pgaa7ayx8960jtc2nu7gc59z97tfq4pe3gitf3bh8otahdd0f48yzpyzwsi3ko2550qvi8l6o72ekvz9dtvaoge:latest/test_probs_labels.table.json","path":"media/table/test_probs_labels_21_b33933e208719534a613.table.json","ncols":2,"nrows":606,"_type":"table-file","sha256":"b33933e208719534a613b89e5dab08b13efa72b6ebe21b9f6485c937c7e74256","size":15215,"artifact_path":"wandb-client-artifact://5x7xeaqxmx6rgfggcbi9x344vwupj883h4j9gm5py1e7uj4wlqgxdfgf1wmgtoaj8xec2lp6nh2xrr8w715cabzzqqw5l58vub7z5p5o47xy1gs02xeycreokwrxaceq/test_probs_labels.table.json"},"test_correct":545,"test_confusion_matrix_table":{"ncols":3,"nrows":4,"_type":"table-file","sha256":"86826e3c125fe4d1e3b1cf4665ff9a401adaa4aea6f4661c0e5c5ec9dda55963","size":192,"artifact_path":"wandb-client-artifact://tidpfcllxfj35c3nt5mrgzfgvhxpsy6if6unykjientrczbwr7qu44nvlgp0wno0ur6p2ai78bcdid7bx842vgfekpuo9cahkm9gh1o96dcu2oprh3h9j8m7e2e50h71/test_confusion_matrix_table.table.json","_latest_artifact_path":"wandb-client-artifact://gf5ktzmbjxwi7ipkbs0edhq13s5nyy3ouahd3hboojcljsauki5goffu4re1tnc1pzxh3p8pw17cjote5gda4ur9lrng9ma4xk6vvidcjgajl82c48cx7c112m9g47r7:latest/test_confusion_matrix_table.table.json","path":"media/table/test_confusion_matrix_table_21_86826e3c125fe4d1e3b1.table.json"},"test_incorrect":61,"test_specificity":0.8466666666384445,"train_loss":0.04586917534981152,"test_total":606,"auc":0.9603407672227897,"glioma_train":739,"val_loss":0.4144178311017801,"val_accuracy":90.01883239171374,"test_auc":0.9609150326797385,"meningioma_train":1072,"epoch":21,"train_samples_used":1811,"specificity":0.825757575726297,"sensitivity":0.9737827714991092,"_timestamp":1.7495024034829786e+09,"_step":21,"_runtime":419.954450095,"test_sensitivity":0.9509803921257849,"val_probs_labels":{"path":"media/table/val_probs_labels_20_d1c86644c237a82d7c40.table.json","ncols":2,"nrows":531,"_type":"table-file","sha256":"d1c86644c237a82d7c40138680bb87e4d050b2a92c96c220328645437fdf4e13","size":13330,"artifact_path":"wandb-client-artifact://0huuctgsjhp2srrhuwbi8nnj44vwdwu49rgr0r6ynhoi4f7wj9cjfvyka1b0bsr74u7pa4nr21op710omrff5sarn0aan3j7uxxkl0ii9ndiobpc7n3dhz0p9tp3yyyl/val_probs_labels.table.json","_latest_artifact_path":"wandb-client-artifact://syflaq98x1wipc7lpaqikhflxah752xg6y90yb31r6ogzgboe6l7t7zzg6ti544kj82f40dfxp03tdf9xm3uhwc2jie8w2tzoz86pvcc1m3qmjytjd3cd67gp6f6l48e:latest/val_probs_labels.table.json"}}