{"val_loss":0.16600366681814194,"_timestamp":1.748635032679844e+09,"train_samples_used":2723,"best_model_path":"Checkpoints/Messungen-noTu-Tu/trainsample_2723/best_model.pt","val_incorrect":31,"specificity":0.9516129031951093,"auc":0.9909307733587741,"_step":40,"val_accuracy":96.3572267920094,"sensitivity":0.9704251386142251,"_runtime":343.03192363,"val_probs_labels":{"ncols":2,"nrows":851,"_type":"table-file","sha256":"4ce157e1da8babfaf5b83e554fbb82dc99e87eac0c2fda9927f859231afc5f9f","size":21799,"artifact_path":"wandb-client-artifact://xedygtdr62kwwfbgcoel8o4q1ncid7ffpethyk7ra2n917y5408e40cqw2qs0bcdek26ajt2xms57z3geck64wy0jctq6mklpdi2a7oa845ch72lgzu7l020izvebp6w/val_probs_labels.table.json","_latest_artifact_path":"wandb-client-artifact://t9eb1zf8da6keghh862m0qxpxeri9k19sx012ibky90ydxp5o15m49ec04yeiebo39f3t4z7x6wudjoxc0tblv61h0wv7si7f2ezpkmmgl008irg2eqis9gsfey42qzj:latest/val_probs_labels.table.json","path":"media/table/val_probs_labels_40_4ce157e1da8babfaf5b8.table.json"},"_wandb":{"runtime":343},"epoch":30,"val_total":851,"checkpoint_path":"Checkpoints/Messungen-noTu-Tu/trainsample_2723/checkpoint_epoch_020.pt","val_correct":820,"train_loss":0.03478829626163298}