{"val_loss":0.25837536332170097,"epoch":45,"sensitivity":0.8927203064792061,"train_samples_used":2128,"_timestamp":1.7481004008992283e+09,"train_loss":0.077746357702251,"_runtime":427.453188986,"val_accuracy":90.6015037593985,"_wandb":{"runtime":427},"val_correct":482,"val_incorrect":50,"val_total":532,"auc":0.9719995475816827,"val_probs_labels":{"path":"media/table/val_probs_labels_48_23521e9ff19150959275.table.json","ncols":2,"nrows":532,"_type":"table-file","sha256":"23521e9ff19150959275acef915cd39ebf23a812db82af298965713f723a691b","size":13625,"artifact_path":"wandb-client-artifact://sn3j29krt52f5nfj4wq6yy9gytmo8203d6b3e086cf1yv20ns6389kqe4ln8iu10q5g6y9rjjcyfy19pr9ktwjkulsj8qt729k3dgyxhe4y2ym77gls74ryqqksi9jma/val_probs_labels.table.json","_latest_artifact_path":"wandb-client-artifact://soz2tcjkj41w49r3xj3wksag38gai577do7oz9fkyrzhfuq9mtr29gl2zvi17tfm0l3k323oe9ezt811k3antdje0iq889q762wxy3ika87uwtcorb9o3arohctg5rj6:latest/val_probs_labels.table.json"},"_step":48,"specificity":0.9188191881579771,"checkpoint_path":"Checkpoints/Hyperparametersuch-Gli-Men/visionary-sweep-1/checkpoint_epoch_040.pt"}