{"train_loss":0.02695306803798303,"auc":0.9928972084105163,"test_specificity":0.9901234567656759,"test_correct":972,"_step":42,"_wandb":{"runtime":1276},"sensitivity":0.9778200253423459,"test_total":1011,"test_accuracy":96.14243323442136,"train_samples_used":3063,"_timestamp":1.7493559724373357e+09,"test_incorrect":39,"_runtime":1276.426513243,"train_percent_used":0.3,"val_accuracy":97.88484136310224,"epoch":42,"test_auc":0.9901254940308846,"val_loss":0.1103967456612736,"val_probs_labels":{"sha256":"e4572c1817884b04631069d1909311948cfc1ea54bc6ed42dfc5805bfdbf5f7b","size":65885,"artifact_path":"wandb-client-artifact://c4pas77kz68x3aum7wsyhrb8nw8n06ghxs4v6cg4hfnrbi2buoins9olslzc4rjkbl4tj41p1h4txlf2k16elxqi1wq025utrcursq5cb3g26h43d428kauk3u3tfvn1/val_probs_labels.table.json","_latest_artifact_path":"wandb-client-artifact://mppxbgll5b7fi6xdtgar9nz6n7w3i17cmafds5bw9erxx4stf814sozkcykwpzqg6zasu9r9i2ifmgtargfxxnlt7a9z16319tf13yiw0rhifxl3cem884t2rx6u7i1x:latest/val_probs_labels.table.json","path":"media/table/val_probs_labels_41_e4572c1817884b046310.table.json","ncols":2,"nrows":2553,"_type":"table-file"},"specificity":0.980512820502764,"test_sensitivity":0.9422442244068936}