{"epoch":55,"train_samples_used":851,"val_loss":0.4251179575920105,"val_accuracy":81.95488721804512,"train_loss":0.18744965962001256,"val_correct":436,"val_total":532,"val_probs_labels":{"artifact_path":"wandb-client-artifact://tinm71yg86r88sr1gnu4eylyliygzxk011o6816ziwn1d8raguftbl2k6zlf8rpk2piwx8dt8scdg1kciqqfla608o3dm0g6sqpoowed5gh3m4vdohlv1l7o47tppv7d/val_probs_labels.table.json","_latest_artifact_path":"wandb-client-artifact://u6cemzmq3e201xj1y07q308tn3d4363tl3ms212v0uhig26kjw7o9p7q0hvk14prmylez1hmj0n6hd4ez2693wf5tlz2sjjohwvc2yi2lcmur4uzgbkb241b33q65guw:latest/val_probs_labels.table.json","path":"media/table/val_probs_labels_81_bbb48ab1da0ad6400a2b.table.json","ncols":2,"nrows":532,"_type":"table-file","sha256":"bbb48ab1da0ad6400a2b3040dbcbe9012d44a3ccc44055e01839d940afa9ebed","size":13740},"_runtime":270.9105361,"sensitivity":0.7279693486311123,"checkpoint_path":"Checkpoints/Messungen-Gli-Men/trainsample_851/checkpoint_epoch_050.pt","specificity":0.9077490774572786,"best_model_path":"Checkpoints/Messungen-Gli-Men/trainsample_851/best_model.pt","auc":0.9311617254103575,"_step":81,"_timestamp":1.7486813729750948e+09,"_wandb":{"runtime":270},"val_incorrect":96}