{"auc":0.996016687486742,"test_specificity":0.9901234567656759,"_runtime":666.67073269,"test_total":1011,"specificity":0.9905956112542132,"test_correct":978,"train_loss":0.025714992582798003,"train_samples_used":3191,"epoch":38,"no_tumor_train":1276,"tumor_train":1915,"val_loss":0.08096478746405669,"test_sensitivity":0.9521452145057402,"test_incorrect":33,"_wandb":{"runtime":666},"val_probs_labels":{"nrows":851,"_type":"table-file","sha256":"000250df3888d87c9d9f623247190335ec704510ca6ad661795c549e614f25cb","size":22154,"artifact_path":"wandb-client-artifact://gw9wu4szl9mwdyxvpj3xgfoacl762xetwkuauio1ec8xhh90otbep8iovfsornjmf43qrrfwmh8nwrj3zulmp9s60sumeckomej4eqsw1uvmuufe73pxerbrjmno1q7y/val_probs_labels.table.json","_latest_artifact_path":"wandb-client-artifact://up9t7gyzc1ht2px8uaev91yhu4lymkq181t3b35gcvd9jntzbarcedrrgul35bzaca4ihdjzv4cp0kdebtz736lzwtwg9h3vawaq0dhnpjna6rjdb7jwb24kgviwo9xw:latest/val_probs_labels.table.json","path":"media/table/val_probs_labels_37_000250df3888d87c9d9f.table.json","ncols":2},"test_accuracy":96.73590504451039,"test_auc":0.9878539705822433,"_timestamp":1.7504367015812545e+09,"sensitivity":0.9774436090041834,"_step":38,"val_accuracy":98.2373678025852}