{"specificity":0.3901515151367367,"train_samples_used":1811,"_runtime":13.484724588,"auc":0.8589405288843491,"_step":0,"train_loss":0.5610282617179971,"val_loss":0.5860365138334387,"_timestamp":1.749466690160147e+09,"epoch":1,"val_probs_labels":{"_latest_artifact_path":"wandb-client-artifact://oh44qfi720heg5giggey1hkmhwe8em4b2ma9mzbqicrws1udn8fyj4589imau86nxvn4wilr4vfn0fjxdmook8abfpjtvnj6h8yvkwdn9md31mavj2j7h9q2knyp7t71:latest/val_probs_labels.table.json","path":"media/table/val_probs_labels_0_a9ab2e387f307148efa9.table.json","ncols":2,"nrows":531,"_type":"table-file","sha256":"a9ab2e387f307148efa940e6c82832a63a45fab6dd71ca1e0b05b219e8603696","size":13300,"artifact_path":"wandb-client-artifact://md4ixu62ub6rh8f0tjajy315hgd8ct72lcqfvi6qxwna9b7qp6qqcvelqdujrve1ph5b8jmfqs03wbq9cij61eeiofkgg146r86cint752tfzbtln0r730h5q69opcoq/val_probs_labels.table.json"},"glioma_train":739,"meningioma_train":1072,"sensitivity":0.9662921347952699,"val_accuracy":67.984934086629,"_wandb":{"runtime":22}}