{"sensitivity":0.8850574712304575,"val_correct":490,"epoch":60,"val_loss":0.2660169690847397,"auc":0.9768842516011366,"_step":85,"specificity":0.9557195571603055,"val_probs_labels":{"sha256":"cc224aaa7a316b0247d7be4a9d477b6bb05b235b65e9a7cf6f694534dcaae7cd","size":13643,"artifact_path":"wandb-client-artifact://yh7a28hmutgqc8ncay7hvf0jqmiy8p9yl5d9qlsl55dfqynaxa6yl5pn3951muvsn2pqh0kg67b6yx9pdouyafkcz2mz9s1tsaw6lzyzq8knqgsy29rtif6mkjq6fs8v/val_probs_labels.table.json","_latest_artifact_path":"wandb-client-artifact://e0ws4uy69ljupoarw2i00hzwcg3c7mi9pbx35d8ew9v2utp5xdhaxcg3ke55x2dmu2yvkc6v5tw2fy68qyse3vf2ckyoze01j8f7ha3lliusazgg0uvk4q3wqzzy7u07:latest/val_probs_labels.table.json","path":"media/table/val_probs_labels_85_cc224aaa7a316b0247d7.table.json","ncols":2,"nrows":532,"_type":"table-file"},"_runtime":510.560428446,"_wandb":{"runtime":510},"checkpoint_path":"Checkpoints/Messungen-Gli-Men/trainsample_1915/checkpoint_epoch_050.pt","val_accuracy":92.10526315789474,"train_loss":0.07218690551817417,"val_incorrect":42,"val_total":532,"best_model_path":"Checkpoints/Messungen-Gli-Men/trainsample_1915/best_model.pt","train_samples_used":1915,"_timestamp":1.7486798283207295e+09}