{"sensitivity":0.9661654135156735,"_step":31,"test_specificity":0.9753086419512269,"auc":0.9933415042307965,"val_probs_labels":{"sha256":"4e9bd009d76071842f764fd62ede92c84bae3264d7cb7804522f33e2537fe3ff","size":22210,"artifact_path":"wandb-client-artifact://hbseqw03v323sdz8mdjemj2n38rmr4geyln3w3gb4fw59x8f12y9gumf676t82asv5ccaakmomiip1y80tbskff234xwst4elir4jkdx455f1lq16xdc76xvmocyemvf/val_probs_labels.table.json","_latest_artifact_path":"wandb-client-artifact://ldr6c6hgdnegsu21961xgq1x5x7luwuy4p5z4f2h9ewufum1u4cudxowvhtkdmg3sfgf1qdee5545ig9ut8ziaa2hlv46oz5xh931noipje7raiwv6c8nz8wkge4p3zs:latest/val_probs_labels.table.json","path":"media/table/val_probs_labels_30_4e9bd009d76071842f76.table.json","ncols":2,"nrows":851,"_type":"table-file"},"test_auc":0.9897282320824674,"epoch":31,"no_tumor_train":1276,"_wandb":{"runtime":463},"_timestamp":1.7504142682175503e+09,"_runtime":463.831443399,"tumor_train":1276,"train_loss":0.04989496404305101,"val_loss":0.14072905188160284,"test_correct":969,"val_accuracy":97.41480611045829,"test_total":1011,"test_sensitivity":0.947194719456317,"test_incorrect":42,"train_samples_used":2552,"specificity":0.9874608150160671,"test_accuracy":95.84569732937686}