{"_step":30,"auc":0.9760501053286395,"_wandb":{"runtime":267},"train_samples_used":2128,"val_incorrect":36,"train_loss":0.13363230705042095,"specificity":0.8966789667565801,"_timestamp":1.7481237396074095e+09,"val_accuracy":93.23308270676691,"val_probs_labels":{"_latest_artifact_path":"wandb-client-artifact://lt2lgrbcog2469y9c3r3o85prr3nrctx453154z6w1gy13ddwk8mqve6qguy4reo5fdl4zgj5eztecy017gxcn03mu8abec08qv02pz1ol5zjtd3531tzp1ot2sjqg6d:latest/val_probs_labels.table.json","path":"media/table/val_probs_labels_30_fd6b2e5b61facd5537a9.table.json","ncols":2,"nrows":532,"_type":"table-file","sha256":"fd6b2e5b61facd5537a93e7993bd2a333a6b1394de633832b2a720fddef4e382","size":13504,"artifact_path":"wandb-client-artifact://o61mtxedp6nux52dq1k0yila262brvhs9laflqt0vuc1bj6ajgevfqyv7lez23g8037t23hgv5wi7e909osjyed9nwogz6cayvznqloj2m50iwdn7t57561mwu0x9rrx/val_probs_labels.table.json"},"val_correct":496,"_runtime":267.052786162,"val_loss":0.22499377363257939,"checkpoint_path":"Checkpoints/Hyperparametersuch-Gli-Men/swift-sweep-75/checkpoint_epoch_020.pt","epoch":29,"sensitivity":0.9693486589666916,"val_total":532}