{"train_samples_used":10212,"test_accuracy":98.51632047477746,"val_probs_labels":{"sha256":"aaaa9c3b35bbe0606b1789e4b2c67926c7e9c4d877c6ce7ccdce844354588c94","size":65271,"artifact_path":"wandb-client-artifact://g7kedsvpclvxyronl6b7el4bkj71peh63g3fbr1zl9m4ou2zgwjbluwxd04n8ywhj3ftjzgrk37dbusgyegwcfvy85mf0fv900trvp8l8h37j0jbpdged36g8cyh5qfv/val_probs_labels.table.json","_latest_artifact_path":"wandb-client-artifact://6tb8f8gl2y5q7hlzh3u3juotdcekgmx24lgr36q5kcbcb9xlkmrbbyl0dmv00u7pt84u1rcf68541pqyka9f8uhawhqci5fc0umo43e1kwu8upall7jcajrjceq09uzu:latest/val_probs_labels.table.json","path":"media/table/val_probs_labels_31_aaaa9c3b35bbe0606b17.table.json","ncols":2,"nrows":2553,"_type":"table-file"},"test_correct":996,"_step":32,"sensitivity":0.9860583016414065,"test_sensitivity":0.9801980197858053,"train_loss":0.03199913661082974,"specificity":0.9733333333233504,"_runtime":2452.449612055,"val_loss":0.06777101552579552,"test_incorrect":15,"_wandb":{"runtime":2452},"epoch":32,"test_total":1011,"test_specificity":0.9925925925680841,"auc":0.997091742224822,"train_percent_used":1,"test_auc":0.9959499653669072,"val_accuracy":98.1198589894242,"_timestamp":1.7493243733269744e+09}