{"auc":0.9967813850703584,"val_accuracy":98.00235017626322,"train_loss":0.03782895183290488,"epoch":39,"test_total":1011,"train_samples_used":7148,"test_auc":0.9962637004441185,"test_incorrect":27,"_step":39,"test_accuracy":97.3293768545994,"val_loss":0.07559495382010936,"_timestamp":1.7493131068120267e+09,"sensitivity":0.9797211660267445,"val_probs_labels":{"ncols":2,"nrows":2553,"_type":"table-file","sha256":"9b6c3d7b0650b19d0741313d995dba19035a62b7f288d7c40a5628a11e7d0913","size":66533,"artifact_path":"wandb-client-artifact://rhth1u4oots34jxhgiifi2h37sz60b65b1dl0r0vuxpib0j35rgepia8jawrigcipe7zqohiyoos89uk8nruhdah0xmunq87qhaz8m1pnc9ni548egshlulw0mfs7g93/val_probs_labels.table.json","_latest_artifact_path":"wandb-client-artifact://1ggmmzpt6er2oeqpht6bzs9cbgrbibs9dr5o253c1db48ggvxsmsdbrtnswywqmg6i1abhd6hsrqu93irh2qb7cc7vhzgqc224tjopndftsval7tsfb04l034i9hek5w:latest/val_probs_labels.table.json","path":"media/table/val_probs_labels_38_9b6c3d7b0650b19d0741.table.json"},"test_sensitivity":0.9587458745716378,"test_specificity":0.9950617283704923,"_runtime":2259.173815897,"specificity":0.980512820502764,"train_percent_used":0.7,"_wandb":{"runtime":2259},"test_correct":984}