{"epoch":26,"checkpoint_path":"Checkpoints/Messung-noTu-Tu/trainsample_2383/checkpoint_epoch_020.pt","train_samples_used":2383,"auc":0.9911275415896488,"best_model_path":"Checkpoints/Messung-noTu-Tu/trainsample_2383/best_model.pt","val_accuracy":95.88719153936546,"_runtime":267.93544111,"val_correct":816,"val_loss":0.17935604069914138,"val_incorrect":35,"_wandb":{"runtime":267},"_step":38,"val_total":851,"val_probs_labels":{"size":22205,"artifact_path":"wandb-client-artifact://03q4g1ywnki53wyfe0sey3bit5ct2eysv1fwj3luyef641ue9fei1397ggeg7x11foy04c1y5t8qrbgfopywurvcixpzfnk542ty4wlbwz4ancyb2n2w0sezzqabozy1/val_probs_labels.table.json","_latest_artifact_path":"wandb-client-artifact://vhtkf71cvuun9e1ry1at2koq2g3dximccwrw9zkito74ebe4m4f6s8r0v07nmiozpp84hh9ip7y70xfu1dgyeunhbe4olzb2af6xwfm9oa06z86sfp4o2ba6khzdjemz:latest/val_probs_labels.table.json","path":"media/table/val_probs_labels_38_44bec3199847dce05a12.table.json","ncols":2,"nrows":851,"_type":"table-file","sha256":"44bec3199847dce05a12146187a564b4c6076a5d9c85dd77c9c08b416de997cd"},"specificity":0.9677419354526534,"_timestamp":1.748547651311826e+09,"sensitivity":0.953789279095124,"train_loss":0.03627916224496929}