{"train_samples_used":2128,"auc":0.9607244348305551,"val_loss":0.3171718815962474,"sensitivity":0.9578544060935688,"_timestamp":1.7481166638586519e+09,"specificity":0.8450184501533203,"val_probs_labels":{"_type":"table-file","sha256":"3efaa614667d34c62037fc11b90e7f60b2d72a6932acdc7966e44106907241a5","size":13466,"artifact_path":"wandb-client-artifact://d4oi821eq2ym7km7by78c2b0fusyi5ao5mt4cyexy1r0v31ayf6m6eja0qxs6sblaozacaml6y4g6mpwx7736f90hgc8nrobpcjb6ato322mkfg4o6aqydu93fx6bp4e/val_probs_labels.table.json","_latest_artifact_path":"wandb-client-artifact://7a32n8tw41xrdm6bpqvaj450hoj9zqo15fn3p5udms8hb4u6vbc4hs2uco0bev97kplhkrdk3h5tsaqc4u07lanuo2lar661ttjvql0ihesosa38268oeuufn4nvqucz:latest/val_probs_labels.table.json","path":"media/table/val_probs_labels_66_3efaa614667d34c62037.table.json","ncols":2,"nrows":532},"_runtime":578.348728243,"val_correct":479,"epoch":61,"_step":66,"_wandb":{"runtime":578},"val_accuracy":90.0375939849624,"train_loss":0.1555086413727087,"val_total":532,"checkpoint_path":"Checkpoints/Hyperparametersuch-Gli-Men/still-sweep-56/checkpoint_epoch_060.pt","val_incorrect":53}