{"_runtime":222.75108911,"train_loss":0.02661875868216157,"test_accuracy":88.92185954500495,"_wandb":{"runtime":222},"specificity":0.9451612902920915,"test_specificity":0.9382716049151044,"test_correct":899,"train_percent_used":0.2,"test_auc":0.9513588395876624,"test_sensitivity":0.8564356435502238,"test_total":1011,"val_accuracy":94.94712103407755,"test_incorrect":112,"val_loss":0.2093528381415776,"_step":32,"val_probs_labels":{"path":"media/table/val_probs_labels_31_7188dcc7f8377e2aaa61.table.json","ncols":2,"nrows":851,"_type":"table-file","sha256":"7188dcc7f8377e2aaa61a59c4a9ce0064143998f020d9cb5d88389036b2d39cf","size":21613,"artifact_path":"wandb-client-artifact://3r53v31cqiyli3r37teyyxw7ojvjd1d1xh74kqhsgcm0j0xdcyp5s5otzp6wqxlwhedrkodpl9uwp7og2aui54imvpga2077xuxnoxqj59ja77blz8iueksqjxpiaebl/val_probs_labels.table.json","_latest_artifact_path":"wandb-client-artifact://wsb6re3gznjoqyqmjm9xtkco9829gjz3vi4sc9zm2ffcfbb9nrm6yoxg5fg1gjo3uwnpij9kurd7sn30lj8lmcy3mkdsmami2sh3nofaio1hlpzzqf388bpl0tmljda9:latest/val_probs_labels.table.json"},"_timestamp":1.7498079685821722e+09,"sensitivity":0.9519408502596683,"train_samples_used":680,"epoch":32,"auc":0.9847892194860175}