{"val_correct":801,"checkpoint_path":"Checkpoints/Messungen-noTu-Tu/trainsample_1362/checkpoint_epoch_020.pt","val_accuracy":94.12455934195064,"_wandb":{"runtime":150},"train_samples_used":1362,"val_incorrect":50,"_timestamp":1.7486425413338504e+09,"best_model_path":"Checkpoints/Messungen-noTu-Tu/trainsample_1362/best_model.pt","sensitivity":0.9704251386142251,"train_loss":0.06323861771009186,"epoch":21,"val_loss":0.17644837072917394,"auc":0.9838828930892612,"val_probs_labels":{"sha256":"24a49612e8d9840ea340e23d8e1e1d2bc3bbb8705151f07ef8413b923a10cd95","size":21958,"artifact_path":"wandb-client-artifact://srd8hxa2s942x5gm4aftmerdlxyp2z03mv15hdd9r0wrnkhes9vvc7id4jsnx9xa84ehf85cu1dvqbwsjojt9lirr6jw594k9kvekzbacxfangszef60n0ladmr3qfx7/val_probs_labels.table.json","_latest_artifact_path":"wandb-client-artifact://vj4rtnw6dsy7qlmxi81a0a8r9tsmf2dzh9k8n365fdioirxhuxzh70t8oivl1xfiptg24p4zouf7ztgcz3ngwe4af5sqvy8zzlfrxdzchin6zax2kl2buv0vsks5a5gz:latest/val_probs_labels.table.json","path":"media/table/val_probs_labels_32_24a49612e8d9840ea340.table.json","ncols":2,"nrows":851,"_type":"table-file"},"_step":32,"specificity":0.8903225806164412,"val_total":851,"_runtime":150.965259497}