{"train_samples_used":1914,"_step":18,"test_total":1011,"no_tumor_train":1276,"test_correct":878,"tumor_train":638,"auc":0.9921865793009169,"sensitivity":0.9398496240424841,"val_probs_labels":{"_latest_artifact_path":"wandb-client-artifact://k3bla2wwousekursihfhk0706nhf9q1vl8uptp0kjd9d1th5x6ik7uolriciiv1iygnrmunup8yru0s1e02k3b5n4ldgxhgs6m280vy7anfrvy7aer20gadteu5apj7j:latest/val_probs_labels.table.json","path":"media/table/val_probs_labels_17_35615a8e93fe01bdc2d8.table.json","ncols":2,"nrows":851,"_type":"table-file","sha256":"35615a8e93fe01bdc2d849e55b0ee511ed3608eb7c2c13397d9810d3848be00f","size":22222,"artifact_path":"wandb-client-artifact://y0w0e33uiles6cyoane0suh3nb5zj3qj80qlnf9mdfazq89p2rvqdn6wnfpcotyyngb9sjnfyxloa9ax3wm2mv3ng4cy05t3s0881ww1imdibnl54dvatr3gvjwp77jl/val_probs_labels.table.json"},"_runtime":207.321362562,"epoch":18,"test_accuracy":86.84470820969338,"test_incorrect":133,"_timestamp":1.7504444052725754e+09,"test_auc":0.9421994051256978,"test_specificity":0.8518518518308185,"train_loss":0.09127192025383314,"specificity":0.9937304074923595,"val_accuracy":96.00470035252644,"val_loss":0.196114824286529,"_wandb":{"runtime":207},"test_sensitivity":0.8795379537808657}