{"test_auc":0.9354072444281465,"train_samples_used":1488,"test_correct":877,"_wandb":{"runtime":189},"test_total":1011,"val_probs_labels":{"size":22243,"artifact_path":"wandb-client-artifact://78mrxta4my09joiba7jui1ubfpqpp8dz7damkh6357bcv12w8r9toa12terrv4ngzuan44zfhcs8jdoa1qtg0d0stv5tptsxlq68r6smgjqk7fvp0xlm4wtkbvy3vv3i/val_probs_labels.table.json","_latest_artifact_path":"wandb-client-artifact://xlgr9lfr5ucma7yp1ccdblv6er75ag4qh8befpsbfwp3hvekelp12wtt3njvpvdapixjbpankef46567zhcuwibm0x65rdibn8zof0pryaoapzpemrrby8earimr3f4a:latest/val_probs_labels.table.json","path":"media/table/val_probs_labels_19_f6d967dc69a97c6d11df.table.json","ncols":2,"nrows":851,"_type":"table-file","sha256":"f6d967dc69a97c6d11df1bd498fafef7ca868217d2b03fa0173952ee9276f57d"},"test_specificity":0.8543209876332266,"test_sensitivity":0.8762376237479168,"test_incorrect":134,"epoch":20,"auc":0.9850507931270183,"_runtime":189.882444715,"val_loss":0.4106194291796003,"specificity":0.9937304074923595,"tumor_train":212,"sensitivity":0.9078947368250395,"train_loss":0.07615500719596942,"val_accuracy":94.00705052878966,"_step":20,"_timestamp":1.7498544336417968e+09,"test_accuracy":86.7457962413452,"no_tumor_train":1276}