{"_runtime":350.324810773,"val_probs_labels":{"nrows":851,"_type":"table-file","sha256":"4b69c5072cde02db3b4ad44f4cbea35b1f6504aebd1f22637989af957002bf40","size":21717,"artifact_path":"wandb-client-artifact://zvjymc61d3gogk1fowxzjld8j4ay366n7l97scdzv0wdsva2sk0ffxahn2osr2tr39ndit09fy6jm23c16fnn4p0wsbgbqhn3uchkc3p8oz9njrvofe8rfxfq7cnk1uc/val_probs_labels.table.json","_latest_artifact_path":"wandb-client-artifact://568z4u20bi4j80wkmwokqbt326b7kptrt6tr998thmbz0rdezz5vox6lh7i53ftgiwatok6q2plqq8g3k9zfkqgqy109i25oookr7tdja3r2g4syysxzn2sa97sotrt8:latest/val_probs_labels.table.json","path":"media/table/val_probs_labels_27_4b69c5072cde02db3b4a.table.json","ncols":2},"specificity":0.9806451612586888,"_wandb":{"runtime":350},"val_loss":0.09506318964330214,"train_loss":0.010074211436504912,"sensitivity":0.9796672827915034,"checkpoint_path":"Checkpoints/Hyperparametersuch-noTu-T/pleasant-sweep-64/checkpoint_epoch_020.pt","val_correct":834,"epoch":26,"_step":27,"train_samples_used":3404,"val_total":851,"_timestamp":1.748053297324651e+09,"val_accuracy":98.00235017626322,"val_incorrect":17,"auc":0.9961004114244827}