{"train_samples_used":2552,"epoch":32,"val_probs_labels":{"size":22286,"artifact_path":"wandb-client-artifact://7majbx006eto17wy14l05tfbf47jdjf8pwyy7linm6lxnd9qgy6o85c349900abyaqr19x282hep5r7r3ewdayeyz4gpblqbm4usheaaq2mtdie0p2j2hhnvntukbp15/val_probs_labels.table.json","_latest_artifact_path":"wandb-client-artifact://1nxw6ehzmz8s0vhihuzp39y5nje6p3fwdvdhw1im609qjmvcsnep06von02s8rt899femyokxwhnyngvebqupensnyqlgrtfiggvq5s0ykurqgvpeahgf2443h6sf73m:latest/val_probs_labels.table.json","path":"media/table/val_probs_labels_31_60fbbe4d3dcc297bbd09.table.json","ncols":2,"nrows":851,"_type":"table-file","sha256":"60fbbe4d3dcc297bbd096dc2aaeabc11369e0421f4a0a8a581fe57a880dad749"},"test_incorrect":56,"test_accuracy":94.46092977250248,"test_sensitivity":0.9191419141762518,"val_accuracy":97.41480611045829,"train_loss":0.03791139770764858,"specificity":0.9874608150160671,"auc":0.9950090744101633,"test_total":1011,"test_specificity":0.9827160493584515,"_wandb":{"runtime":484},"_step":32,"sensitivity":0.9661654135156735,"_timestamp":1.7504619044721549e+09,"tumor_train":1276,"test_correct":955,"val_loss":0.13082188554108143,"test_auc":0.9864116041233754,"_runtime":484.217667756,"no_tumor_train":1276}