{"val_loss":0.2623764395713806,"val_probs_labels":{"sha256":"01123e1cc7ef8b68f5c37d39c5e2281703d1d14150a9ec71b40ee98257b88cc5","size":13690,"artifact_path":"wandb-client-artifact://46qo2pxevzyxsk6z690c9akvltpxmmvlpx0i9bnvh51f2svb831u61c5fiz3hvxssae8631oc2wc7sbtxggxln2gqg770idietjzasye9ezt4brx4ghl2e729xxeoxwh/val_probs_labels.table.json","_latest_artifact_path":"wandb-client-artifact://nn87brxg20bapv8jnu8rjtzglopi6fwq9c3s7v17v9w4y8hv5ei2xi1bi44evh1lqqn665mystjiijfpv0wuvrpa2iyqaxmofea0mwvjj3km0jgcn6tek7wluznilnl3:latest/val_probs_labels.table.json","path":"media/table/val_probs_labels_45_01123e1cc7ef8b68f5c3.table.json","ncols":2,"nrows":532,"_type":"table-file"},"_runtime":401.44581075,"_timestamp":1.7481287253692467e+09,"val_total":532,"_step":45,"train_loss":0.08747206058572321,"train_samples_used":2128,"val_correct":487,"val_incorrect":45,"specificity":0.9335793357589085,"auc":0.9696738346693812,"epoch":42,"checkpoint_path":"Checkpoints/Hyperparametersuch-Gli-Men/radiant-sweep-84/checkpoint_epoch_040.pt","_wandb":{"runtime":401},"val_accuracy":91.54135338345864,"sensitivity":0.8965517241035804}