{"epoch":25,"test_auc":0.9813551725542924,"test_correct":947,"_runtime":355.775806852,"_timestamp":1.7498439131536334e+09,"train_loss":0.0491607278389366,"_wandb":{"runtime":355},"val_loss":0.09542831419301885,"val_accuracy":98.1198589894242,"specificity":0.9968652037305058,"auc":0.9961168595469867,"test_incorrect":64,"_step":25,"val_probs_labels":{"_latest_artifact_path":"wandb-client-artifact://wq0z9iy9senrmf8gn1rs7l5e4j488zlu9jq9j0zfai9c4naaea4sgt3bd8bgw0aa0yc4uq464c5ht9to386ucq4gzkcf2e4gl0vvyc1q1p4hj9z52nw3vcy0l62dgkdz:latest/val_probs_labels.table.json","path":"media/table/val_probs_labels_24_e9e2d3279940f4901338.table.json","ncols":2,"nrows":851,"_type":"table-file","sha256":"e9e2d3279940f49013384f6c99bd4b5a2f08c222cdb86b77d568955d924763f1","size":22164,"artifact_path":"wandb-client-artifact://0zehr54s5kvl3bme3lgnwxocqna21yrbdnaq1hfm5e5o0ze8vd8swl854j87hx3pntcrg5oapmiafafiafsvykndbjudi9j6z0spvq32sb1688h5wovk1emlornifaf5/val_probs_labels.table.json"},"no_tumor_train":1276,"test_total":1011,"test_specificity":0.9777777777536351,"train_samples_used":2340,"tumor_train":1064,"test_sensitivity":0.9092409240774052,"test_accuracy":93.6696340257171,"sensitivity":0.9718045112599285}