{"_timestamp":1.7498155761756933e+09,"_step":38,"_wandb":{"runtime":157},"train_loss":0.05843140929937363,"val_probs_labels":{"sha256":"67a15166ccae6eae20ebbf4a49dd4d66d04efd2595217716223136938268c653","size":22122,"artifact_path":"wandb-client-artifact://2p662wntjn9n03y9xnn0u984kctpwmqo4u3evptjssnbfas8fcerw32atb9wbcohynn7z57id8cu8zqo9pf4wuy2zh1762lopbkhutqvs0ab1cyshn987thgbo15dmy4/val_probs_labels.table.json","_latest_artifact_path":"wandb-client-artifact://fi8m92z86rbjas0oofb8dr1ongl88ilzfk0zmmahvz5i7b5cu9yks64zx77cki2mfyw9z1uvw9q0mlqlrxm4oo6h2jtgm652qltlqylfdlngqj3sbuniuw693egaqo44:latest/val_probs_labels.table.json","path":"media/table/val_probs_labels_37_67a15166ccae6eae20eb.table.json","ncols":2,"nrows":851,"_type":"table-file"},"test_incorrect":142,"_runtime":157.371506659,"specificity":0.9096774193254943,"epoch":38,"test_correct":869,"train_percent_used":0.1,"test_accuracy":85.95450049455984,"test_specificity":0.8444444444235939,"test_total":1011,"val_loss":0.3482117887054171,"train_samples_used":340,"val_accuracy":92.7144535840188,"test_sensitivity":0.8696369636820191,"test_auc":0.9323269363973434,"auc":0.9694234094568004,"sensitivity":0.937153419576023}