{"_timestamp":1.7498414616926448e+09,"val_accuracy":62.51468860164512,"sensitivity":0.999999999981203,"_step":12,"test_specificity":0.9999999999753086,"train_samples_used":3404,"tumor_train":2128,"test_auc":0.5,"test_incorrect":606,"val_probs_labels":{"ncols":2,"nrows":851,"_type":"table-file","sha256":"361406886ca55290134881160ef7b6716ce1269c170d45fc4088d5d609ad5258","size":21315,"artifact_path":"wandb-client-artifact://ijsy2ccs1quq7jea8wgtojik9z5nl26w0289kozgtrxijmw5dzx16wo7nn9l4yl2dub7x6u83202452mkg9ya8plyce7ows7k097n6xqwrni7ekbecqx1g9gwwclfmv7/val_probs_labels.table.json","_latest_artifact_path":"wandb-client-artifact://4fnhgjljj6ya843qjpz0h081fx7erc7rebunbtnn03u6tjmjlvohro4bprvv8t45qt6qfydhp2tl30j87bojwmeddh4r4doiyfr64qnbv7y8v26ugsz02gybzq5dcwmk:latest/val_probs_labels.table.json","path":"media/table/val_probs_labels_11_361406886ca552901348.table.json"},"auc":0.5,"_runtime":246.167872152,"epoch":12,"test_correct":405,"train_loss":0.6935935219128927,"test_sensitivity":0,"specificity":0,"val_loss":0.6931472165243966,"test_accuracy":40.0593471810089,"no_tumor_train":1276,"test_total":1011,"_wandb":{"runtime":246}}