{"specificity":0.9811912225397745,"epoch":21,"sensitivity":0.9398496240424841,"test_accuracy":83.87734915924827,"test_sensitivity":0.8564356435502238,"tumor_train":425,"no_tumor_train":1276,"_runtime":238.718147579,"test_specificity":0.8123456789922877,"_timestamp":1.749864000429957e+09,"test_incorrect":163,"test_auc":0.9199568104958644,"_wandb":{"runtime":238},"val_accuracy":95.53466509988249,"val_loss":0.22666957442249572,"train_samples_used":1701,"test_total":1011,"train_loss":0.14371009224227496,"auc":0.9849447285926414,"test_correct":848,"val_probs_labels":{"_latest_artifact_path":"wandb-client-artifact://zoihfhrt71kidcpgmq0gqpxqtd3c0vy7570bxrdjpvf3ozelu7u1gosjavzakvj7qcql3bxgilbhlvqthgxzxr80cy6k5sa3jnblyqc6ki91x4mvb59mms5jzu5s74w8:latest/val_probs_labels.table.json","path":"media/table/val_probs_labels_20_58ce2e7820a0c4808ee9.table.json","ncols":2,"nrows":851,"_type":"table-file","sha256":"58ce2e7820a0c4808ee92db7fc4adab8d3f018df82b5f116829ea6d80cb7026a","size":22065,"artifact_path":"wandb-client-artifact://i6nptlej52bo3xc8mukq9abrojtjchjq8edr3607vurndvpbrogut21j1u53e8sl1s3a37lnd9bu9nke0gepbheyw21txhb3zaa6jt83mearu3sh94lw5jayg5uflhvb/val_probs_labels.table.json"},"_step":21}