{"val_accuracy":95.18213866039953,"_wandb":{"runtime":391},"test_correct":962,"val_loss":0.14620261320046016,"train_percent_used":0.7,"test_accuracy":95.15331355093967,"_runtime":391.517330586,"auc":0.9901735138035895,"specificity":0.9322580644860562,"_step":27,"train_samples_used":2382,"_timestamp":1.7498102627962456e+09,"test_total":1011,"sensitivity":0.9630314232724023,"epoch":27,"test_auc":0.9885833027747221,"test_sensitivity":0.9504950494892658,"test_specificity":0.9530864197295534,"val_probs_labels":{"_type":"table-file","sha256":"0bc39100bb3f5c8ff38fd3bfb87bc230cf4a40d7e535db2c4d20d8df463fbce9","size":22087,"artifact_path":"wandb-client-artifact://j7vmqigyvab033kcvcxiuxh31zu7iir1mpnh0i47iw2qa6mokccnvb74lwrn9k3h6qqc3v3wgeoo10eeeuxjeakacgldbogqvk7rgbv2kngainfpxxv2owknwjgihqmq/val_probs_labels.table.json","_latest_artifact_path":"wandb-client-artifact://vfk787p5iita8jxtz3ew6754dc5upms1zd44xatiol1pij0hphn183sgyes5fztxd89lip1klst7qrvuot9hj6p8htdu623t8ywjue94km8kh82guku2am0wlaa2a2w8:latest/val_probs_labels.table.json","path":"media/table/val_probs_labels_26_0bc39100bb3f5c8ff38f.table.json","ncols":2,"nrows":851},"train_loss":0.067684809334184,"test_incorrect":49}