{"_runtime":79.374627773,"_step":4,"epoch":5,"train_loss":0.2518469080955626,"val_loss":0.31469071049381186,"_wandb":{"runtime":79},"_timestamp":1.7472499075624385e+09}