{"specificity":0.9548387096466181,"train_samples_used":2723,"val_accuracy":96.59224441833138,"checkpoint_path":"Checkpoints/Messung-noTu-Tu/trainsample_2723/checkpoint_epoch_020.pt","sensitivity":0.9722735674496807,"val_probs_labels":{"artifact_path":"wandb-client-artifact://ghdgvo4nblsdabuwa0448xwe7cduqg1tpmtlbtraouott1tgt1o4ichg6sjn8yx84032bs3l5qe7vf679venl5fldznefaiqzb61a20f8lxzv3zpy17x137gobysrekt/val_probs_labels.table.json","_latest_artifact_path":"wandb-client-artifact://b8ben5ubpvtdpil4mmvoe3gc8to0h2lv3lwmpw8hjtht3muh2ww9q9vldtb14g4m9chlg3wrudsdf1vhuwbw9frwfuu73rk795pzlyxid7jdn0u3ivls33v8txc1pgeb:latest/val_probs_labels.table.json","path":"media/table/val_probs_labels_42_d676588395e2fae32d63.table.json","ncols":2,"nrows":851,"_type":"table-file","sha256":"d676588395e2fae32d6355e6e94bc27deefe16c162ba7e1036348512b8a6db59","size":21855},"val_correct":822,"train_loss":0.025042703925547274,"_step":42,"_runtime":342.0570955,"val_total":851,"best_model_path":"Checkpoints/Messung-noTu-Tu/trainsample_2723/best_model.pt","_wandb":{"runtime":342},"val_incorrect":29,"val_loss":0.16763301832335337,"epoch":30,"auc":0.9905312742233617,"_timestamp":1.7485473755774903e+09}