{"checkpoint_path":"Checkpoints/Classifier-2.1/crisp-sweep-1/checkpoint_epoch_040.pt","test_correct":898,"test_accuracy":88.82294757665677,"epoch":50,"_timestamp":1.7477455107612047e+09,"train_loss":0.19196216672382974,"_step":52,"val_loss":0.25334451347589493,"test_incorrect":113,"test_total":1011,"_wandb":{"runtime":716},"_runtime":716.52302749}