{"_step":52,"specificity":0.8228782287519233,"train_loss":0.2589032490338598,"best_model_path":"Checkpoints/Messungen-Gli-Men/trainsample_1702/best_model.pt","auc":0.9420056269528213,"val_accuracy":85.90225563909775,"val_total":532,"train_samples_used":1702,"val_incorrect":75,"val_probs_labels":{"ncols":2,"nrows":532,"_type":"table-file","sha256":"dd1e564c9e8d8209b0d8affa2c06394b97573e6c47156497fdf64b97c9af806c","size":13568,"artifact_path":"wandb-client-artifact://7xq9f1qrywnm0wwm083fhq09zs848kig77a0matdtfp3wnmff84zn0nzs7vowgpghc9trryogwjuhaegvtdmw5d3bjtyjdnkh0rs4f6za38eo4lsrzb6amtk9sa3fky7/val_probs_labels.table.json","_latest_artifact_path":"wandb-client-artifact://s994sff9eogsvmv854nb84zbincs7xo69msf9n05lfw8kxiqdvdj2xpiq3acljbi54ywrkfl5mvcr8ogyqlf0ptpki8xa9ow9bil960lthj951ltt7rpmvo4vr1bpai9:latest/val_probs_labels.table.json","path":"media/table/val_probs_labels_52_dd1e564c9e8d8209b0d8.table.json"},"_wandb":{"runtime":271},"val_correct":457,"checkpoint_path":"Checkpoints/Messungen-Gli-Men/trainsample_1702/checkpoint_epoch_030.pt","val_loss":0.3559865474700928,"_runtime":271.742924621,"epoch":35,"_timestamp":1.7486773325320916e+09,"sensitivity":0.8965517241035804}