{"val_accuracy":96.94477085781433,"test_total":1011,"_wandb":{"runtime":599},"test_accuracy":97.23046488625123,"specificity":0.9968652037305058,"test_correct":983,"val_probs_labels":{"path":"media/table/val_probs_labels_29_d50a6f2976d93731144d.table.json","ncols":2,"nrows":851,"_type":"table-file","sha256":"d50a6f2976d93731144d8f50a22bcd3fc09af7ae765e95e888d00449955e0edf","size":22252,"artifact_path":"wandb-client-artifact://qn278xi3fszoi0921by6vqq27os38prf49woo1yg9vvbjl0tnt0srtws7idr06au81pwzx8vcotnu8cx4fqnj1ophhtr79e8ky78rn055ffce4ipmomn0yq1lw074x6b/val_probs_labels.table.json","_latest_artifact_path":"wandb-client-artifact://x2b4bvd49yjv5n97gygyegps8p7tt3izae35j31vnknyb4uz0s99te0zm3y06j6k3wiu0vvd09j4v5mjvjgaq0ca84sanpzjhteuft6mbqnaapryis9ugxnzp0d0k5zm:latest/val_probs_labels.table.json"},"epoch":30,"val_loss":0.11987722665071487,"train_loss":0.04117641275472663,"_step":30,"auc":0.9937716548424352,"_runtime":599.840024027,"test_auc":0.994002363199283,"train_samples_used":3404,"sensitivity":0.9530075187790787,"_timestamp":1.7498601718433328e+09,"tumor_train":2128,"no_tumor_train":1276,"test_sensitivity":0.9587458745716378,"test_specificity":0.9925925925680841,"test_incorrect":28}