{"_step":28,"_timestamp":1.749462104558982e+09,"test_specificity":0.9901234567656759,"test_correct":991,"val_probs_labels":{"sha256":"8b4d2c29acb8c2fff70966d3309d8425b193808096138c0cc73df82bab8a7877","size":59692,"artifact_path":"wandb-client-artifact://1u14nagzrv0b0tvrmtopheao8j9qwm21dcy57dbhil7ss2fisjhrzsqqbwq80t2oqupldi2ouo607jlavbi7qwt5mx6loje9nzx5z1y1piwrzv99vwhf7l0ye9wdkr3d/val_probs_labels.table.json","_latest_artifact_path":"wandb-client-artifact://bm8z9lvzscms62kzc113wh4yddwatcy41hyijolsr4mg6f89vfqh34c481huvjx6jf26k9z1vna3rhvwh2d4bokups2dms9vy00ra140i26cako6lvjjkucx0abhws7z:latest/val_probs_labels.table.json","path":"media/table/val_probs_labels_27_8b4d2c29acb8c2fff709.table.json","ncols":2,"nrows":2553,"_type":"table-file"},"auc":0.9968047837249358,"specificity":0.9589743589645233,"test_incorrect":20,"_wandb":{"runtime":1289},"sensitivity":0.9847908745184741,"test_auc":0.9974045552703419,"val_accuracy":97.49314531923228,"test_sensitivity":0.9735973597199076,"train_loss":0.032347875561754336,"epoch":28,"train_samples_used":8169,"test_total":1011,"test_accuracy":98.02176063303659,"train_percent_used":0.8,"_runtime":1289.959561548,"val_loss":0.09853502665646374}