{"epoch":27,"test_specificity":0.9654320987415943,"test_correct":943,"test_auc":0.9771992014016215,"test_accuracy":93.27398615232443,"tumor_train":851,"_timestamp":1.750458134880335e+09,"test_sensitivity":0.9108910890938797,"val_accuracy":97.53231492361927,"_runtime":329.952399884,"val_probs_labels":{"sha256":"da7f8347c6140fab23235e47e40068d7ad412919b53211921c8d156b72fa5aa8","size":22280,"artifact_path":"wandb-client-artifact://o9zxgwccl9fl0iptplj2h6743j38y3pq8u9afotbsxdxn9jefmxq7t9nznwwkfkt5c9fx8tynxrvqwr05ebvf8u6iom54ta9p5w1qpipu029i85dhjr2qjtlb42i3ipp/val_probs_labels.table.json","_latest_artifact_path":"wandb-client-artifact://iwp2ftygvk5uy498dfpof640mqackjdb0hct7mfsnk9y69zfu9s98qwleg5z7su49ai3vunozd1koxziqw7daiz9rj7nzdmv1opg512l9t95qecv01ng967joif3l1hu:latest/val_probs_labels.table.json","path":"media/table/val_probs_labels_26_da7f8347c6140fab2323.table.json","ncols":2,"nrows":851,"_type":"table-file"},"_wandb":{"runtime":329},"_step":27,"auc":0.9927817191882528,"train_samples_used":2127,"no_tumor_train":1276,"train_loss":0.03550325503901524,"test_incorrect":68,"sensitivity":0.9624060150195036,"specificity":0.9968652037305058,"val_loss":0.19239596224256925,"test_total":1011}