{"no_tumor_train":1276,"train_loss":0.056543326820246875,"specificity":0.9843260187779208,"test_sensitivity":0.853135313517275,"val_accuracy":96.23971797884842,"_runtime":213.457011245,"tumor_train":212,"_wandb":{"runtime":213},"_step":22,"epoch":22,"test_correct":877,"val_loss":0.3317166545561382,"test_specificity":0.888888888866941,"test_accuracy":86.7457962413452,"sensitivity":0.9492481202829088,"test_incorrect":134,"val_probs_labels":{"artifact_path":"wandb-client-artifact://hptifieogvaed9adveou76ce2n9quapg0to0ibj3hzi2z2i3g2sxpnluerpx4mc229vytyen50bzkq6z4aqk8a34dg32cw2dgddyw0b8chla32kcmfhp3siaqulnppld/val_probs_labels.table.json","_latest_artifact_path":"wandb-client-artifact://6e2sfu6foczrymzpehhxjzz6jz6zgb4lb48mhoih44vlfok2ge7dz2wsh43ypkzfzfjh5uo4e9am5niesiq5x2x2wafi9w9ylldbrpugqhk1648y6tcihpkh73da07oy:latest/val_probs_labels.table.json","path":"media/table/val_probs_labels_21_c1976e0145ea1a4590cf.table.json","ncols":2,"nrows":851,"_type":"table-file","sha256":"c1976e0145ea1a4590cfd0a412547f44835383566d37d8c81bceb7c62b8d0505","size":22226},"auc":0.9868421052631579,"test_auc":0.9416371266756305,"_timestamp":1.749845150464624e+09,"test_total":1011,"train_samples_used":1488}