{"checkpoint_path":"Checkpoints/Hyperparametersuch-Gli-Men/resilient-sweep-39/checkpoint_epoch_020.pt","_timestamp":1.7481109066126108e+09,"epoch":29,"val_probs_labels":{"nrows":532,"_type":"table-file","sha256":"ef7b5578121c4bcc7ec8ba69f1a5a02aa3ea6496c69e5bc18254580de37c3708","size":13041,"artifact_path":"wandb-client-artifact://d1doilg7b9orjl22qpbe5j7ous8puekog15jvodjfolwoozgie4gcn44puwzv1ccs8zedzms7s8a7nu1ajt2psy2i2a3drvmhdixdvjexrmu0jncdaq1vsutzs5fc6ry/val_probs_labels.table.json","_latest_artifact_path":"wandb-client-artifact://7da05lq1ebob5evmaniawiidshmhl8w1waehxuvqglzh65snue55qdivz2dc5cn9zrcmb5nc01ub1t6bg0nxfij9a9k46uf6g22rigexzl6qrsgd4snlu4jw2xaj64vk:latest/val_probs_labels.table.json","path":"media/table/val_probs_labels_30_ef7b5578121c4bcc7ec8.table.json","ncols":2},"val_total":532,"auc":0.9743040533853614,"train_samples_used":2128,"val_accuracy":91.9172932330827,"_step":30,"sensitivity":0.9731800765910659,"specificity":0.8671586715547174,"val_loss":0.3643304017810699,"_runtime":274.606670947,"_wandb":{"runtime":274},"val_correct":489,"train_loss":0.017677778778632462,"val_incorrect":43}