{"tumor_train":638,"test_correct":927,"test_total":1011,"_step":23,"_timestamp":1.7504583731872268e+09,"test_auc":0.9722935256488612,"test_sensitivity":0.8762376237479168,"val_accuracy":95.76968272620446,"sensitivity":0.937969924794399,"test_accuracy":91.69139465875371,"train_samples_used":1914,"val_probs_labels":{"artifact_path":"wandb-client-artifact://5zjznjv4lm6lso8l4dx8s4denoeh0inkzt2fniwvcxzkzkqnqa0gcxsamd8717h44kz0508zcawvz6zlqc1phuxoaudemb1ftzwxb4zf5yidij8esnkdih020svlqnap/val_probs_labels.table.json","_latest_artifact_path":"wandb-client-artifact://udpudwrvj2w6jo3znvxjaae84cr9bcrde9vyvacon2bdptbb8508qtclyfg7z9ja9rrrnzymbvjswm4g9t66e4ol1doh8nb1bqvnca78knbpyv0k78u3ld505xt9a4eh:latest/val_probs_labels.table.json","path":"media/table/val_probs_labels_22_faeafeff571a767bb810.table.json","ncols":2,"nrows":851,"_type":"table-file","sha256":"faeafeff571a767bb810fc5e270eaf912925e63f085450e63880bc9de6237f70","size":22302},"_wandb":{"runtime":232},"no_tumor_train":1276,"test_specificity":0.9777777777536351,"specificity":0.9905956112542132,"val_loss":0.2558109536767006,"epoch":23,"train_loss":0.061565440396467844,"auc":0.9929231385674218,"_runtime":232.959088615,"test_incorrect":84}