{"test_auc":0.9501731654646945,"tumor_train":425,"test_accuracy":86.94362017804154,"val_accuracy":96.00470035252644,"_wandb":{"runtime":221},"train_samples_used":1701,"test_total":1011,"auc":0.9922160416715772,"_step":21,"sensitivity":0.9511278195309938,"_runtime":221.498739418,"_timestamp":1.7498267189089708e+09,"no_tumor_train":1276,"val_probs_labels":{"sha256":"2a1a7fd540d2ae8c0cb4473b7d1a746cd5b5b4d958eb97e660cf49be55bfaeab","size":22173,"artifact_path":"wandb-client-artifact://beesfwworn0jwrchg0yyj8lvxaz8nw7cl1zofrrdx145qinhlm2gc7y2yreknw981999369wx4oz4x8rnb48coo2oapqrc9cjwwdx1bo9xzi9rhyyqcxquy5iw6gumuv/val_probs_labels.table.json","_latest_artifact_path":"wandb-client-artifact://1ymqg9g8n6s6fs0u3oqk4v2jbjcvx5n0e0t5wnh2mq2jlwr2lq0bmnbds590i0af34mtfkj9iigtuyhsunzwblrylb3x4i3n2orhgtqh5blt1zivnok6nl3vu13saec6:latest/val_probs_labels.table.json","path":"media/table/val_probs_labels_20_2a1a7fd540d2ae8c0cb4.table.json","ncols":2,"nrows":851,"_type":"table-file"},"test_correct":879,"epoch":21,"test_incorrect":132,"val_loss":0.17467823092426574,"specificity":0.9749216300634821,"train_loss":0.08274649043700524,"test_sensitivity":0.9125412541103541,"test_specificity":0.8049382715850633}