{"auc":0.9899356541824782,"test_correct":950,"_step":35,"val_probs_labels":{"_type":"table-file","sha256":"32aacc67565fa4aa4c89c1176a0fca30306a743c3eb987f934f17ba9b244328e","size":22315,"artifact_path":"wandb-client-artifact://8tf6ylr8lk9ubip3hipdbutr0w8gfs53lgcdstzvwjkq901gujqg3ih4u1ngdfjal2o6pw3g7l1wdkj6edg2qfdnq8cw6n2cppj59twdl5hbrih44kw584axx28qsanb/val_probs_labels.table.json","_latest_artifact_path":"wandb-client-artifact://h823yy0v9atrlsdi3kidvg6ez0e9to8qlkz0slibj97a4scemwagyw7o86b738in0jao0zw95ai63e1m4he7o449f02dz3t15baf3puispx47xmmrvlwe6rj5vyt7qi6:latest/val_probs_labels.table.json","path":"media/table/val_probs_labels_34_32aacc67565fa4aa4c89.table.json","ncols":2,"nrows":851},"_timestamp":1.7498409467288322e+09,"epoch":35,"no_tumor_train":1276,"sensitivity":0.9116541353212095,"test_auc":0.9715234486411604,"train_loss":0.10014061164110899,"val_accuracy":94.35957696827262,"train_samples_used":1701,"_wandb":{"runtime":384},"specificity":0.9968652037305058,"test_total":1011,"test_specificity":0.9753086419512269,"_runtime":384.117665241,"tumor_train":425,"test_accuracy":93.96636993076162,"test_sensitivity":0.915841584143303,"val_loss":0.37780883269650595,"test_incorrect":61}