{"train_samples_used":3404,"checkpoint_path":"Checkpoints/Hyperparametersuch-noTu-T/prime-sweep-23/checkpoint_epoch_020.pt","val_probs_labels":{"ncols":2,"nrows":851,"_type":"table-file","sha256":"6af147b6c27531411ce64ea569f329951c33e07015c623cacf39f6226c3c9e02","size":21315,"artifact_path":"wandb-client-artifact://qzp5t6h7xwybxk0yy7sa0mrpcea0668c5bgs3houdch5xaoti7yvlfpgg80z8da4snf5jk6r6o8j1t3d3oqoz8olydgq0ybwtbwvq0ciclc3ctvb8uts6y32hz31096r/val_probs_labels.table.json","_latest_artifact_path":"wandb-client-artifact://2jceq62g2ikjgce46onav9hrsv4d45m3ajya5buy5dadvh2knmw8dd2v22msd7ogee47s7prejll8evkjr9minfp6u2aoql5r88fe64hjcob12nuvyulhmay3k71ch51:latest/val_probs_labels.table.json","path":"media/table/val_probs_labels_23_6af147b6c27531411ce6.table.json"},"_timestamp":1.748038410661381e+09,"_wandb":{"runtime":300},"val_loss":0.6557561490270827,"train_loss":0.664171942942579,"_runtime":300.908937227,"specificity":0,"auc":0.5,"val_accuracy":63.572267920094006,"val_correct":541,"_step":23,"sensitivity":0.9999999999815157,"val_total":851,"val_incorrect":310,"epoch":22}