{"sensitivity":0.9473684210348239,"epoch":19,"specificity":0.9874608150160671,"test_specificity":0.8049382715850633,"test_incorrect":123,"val_accuracy":96.23971797884842,"_step":19,"test_sensitivity":0.9273927392586239,"test_correct":888,"_wandb":{"runtime":239},"val_probs_labels":{"size":22162,"artifact_path":"wandb-client-artifact://9236axaizqpozl1upxt8e18olt8dldub8zbgsqozg409qqhcks8idbdlunci5w0x5bk0beyxzrpngo3b2rmkd1ek3dwonw3ty17pw2ud1ygqcapl4vund0cc5p2n71f8/val_probs_labels.table.json","_latest_artifact_path":"wandb-client-artifact://px90cjiguh1jbdv5ks4b25nf4v4i6hvg42hfl00tdoct1hryfg9i8quuawdeewrha2l0tnu6cubl7x07x8r1ghn7ca6vgeknv3s0ensllaxmtr0xzfmi28ioz4hsmhd6:latest/val_probs_labels.table.json","path":"media/table/val_probs_labels_18_83933a95daf173914078.table.json","ncols":2,"nrows":851,"_type":"table-file","sha256":"83933a95daf173914078d4782ad803cbd5dcca8c73531f42126353acbef24a12"},"test_total":1011,"train_samples_used":1914,"test_auc":0.9553885018131443,"test_accuracy":87.83382789317507,"tumor_train":638,"_runtime":239.026912725,"val_loss":0.16454155902777398,"_timestamp":1.7504349333208935e+09,"train_loss":0.06460246965289115,"no_tumor_train":1276,"auc":0.9921512244561246}