{"val_accuracy":97.88484136310224,"no_tumor_train":1276,"val_loss":0.1044417353613036,"_timestamp":1.7504573552237217e+09,"test_accuracy":94.26310583580614,"train_samples_used":2552,"test_total":1011,"test_sensitivity":0.9207920791927262,"sensitivity":0.9830827067484382,"test_correct":953,"test_auc":0.9852544513710629,"auc":0.9938070096872275,"_step":39,"test_incorrect":58,"_runtime":569.432747164,"_wandb":{"runtime":569},"specificity":0.9717868338253358,"test_specificity":0.9753086419512269,"epoch":39,"train_loss":0.08135328367352486,"val_probs_labels":{"path":"media/table/val_probs_labels_38_44f36a1faf456bcfe9c4.table.json","ncols":2,"nrows":851,"_type":"table-file","sha256":"44f36a1faf456bcfe9c407da0094bd7ea13aaf2c5adfa652cfaa6ec2ca4b3289","size":22085,"artifact_path":"wandb-client-artifact://ojby9hh1kwy53lha7dfss8lhicv6tv1e3tv1knmtkpc0f3veismgbpspconur9a74xlrznavdvuevh9fa3aryd1859wg48vg4v3dj2xal2t6jjh86caoaf3j8jz1pkli/val_probs_labels.table.json","_latest_artifact_path":"wandb-client-artifact://68kkzncj4e5xnrh82m4p6j6jg375v4za38mkajmfyjs1qi3gm47s1zuhuill6r3c9filhhwfc2c8k9bzn1mq4q1z8dyoogsp0b8fdzps8bte4ooiw4nemoq46l1tduds:latest/val_probs_labels.table.json"},"tumor_train":1276}