{"test_auc":0.9852014831112741,"test_specificity":0.9876543209632678,"auc":0.9936832677304546,"_timestamp":1.7498476161874752e+09,"_step":37,"no_tumor_train":1276,"test_correct":962,"tumor_train":1489,"test_total":1011,"epoch":37,"val_probs_labels":{"artifact_path":"wandb-client-artifact://ub9tugw6l4c8cgeodwbbs3757szcuvgyo589ml9bn8sususmiv5bgfmze9ritvthp01uxfsgcvwocynucffscpf2piopon7yc8zs45jy5febiok6huebmdwypu0hwxz4/val_probs_labels.table.json","_latest_artifact_path":"wandb-client-artifact://xs3691zmvbmvmk0pyxkc7jymgxoeer9cit74j1q9fe157r5au8qlpptyx53t1uv9847b1j4qgboxnwd14b43t7wfghj2t6aryozf1nrrwsmq6vo4u7t79kwkwt11ikw2:latest/val_probs_labels.table.json","path":"media/table/val_probs_labels_36_8f5dbeed100e100cb1b3.table.json","ncols":2,"nrows":851,"_type":"table-file","sha256":"8f5dbeed100e100cb1b380403b0f64f87539ae4e3190809cf091a5b9ebf915d5","size":22305},"train_loss":0.03418062604032457,"val_accuracy":97.53231492361927,"_wandb":{"runtime":604},"val_loss":0.17038416223866598,"test_accuracy":95.15331355093967,"train_samples_used":2765,"_runtime":604.911082009,"test_sensitivity":0.9273927392586239,"sensitivity":0.9624060150195036,"specificity":0.9968652037305058,"test_incorrect":49}