{"_wandb":{"runtime":573},"_runtime":573.914033333,"val_accuracy":93.23308270676691,"auc":0.9766509734062858,"val_total":532,"sensitivity":0.9770114942154401,"val_probs_labels":{"artifact_path":"wandb-client-artifact://olev1zmkc7kq9bhmek06mt7insed2rk2l6ku9kzeti58fv8g967st4lzuxpiyvjzzthgsmu1h6hcjulxc7jg0khw1h8abejshk8cy2nz740hxteggiim57t9ycbp7j2p/val_probs_labels.table.json","_latest_artifact_path":"wandb-client-artifact://wzqozva6qa0wbk9xfmimbufi8vrpbwx28q5gyoqa3yu1te152h4x0y1ub9cy8576twayhk0pgmidrte8owhw7lsvzultfar1c2vtt13vw5bh0k8g24bkv7y2e9f88wbj:latest/val_probs_labels.table.json","path":"media/table/val_probs_labels_66_9fc7c0e69e6039947617.table.json","ncols":2,"nrows":532,"_type":"table-file","sha256":"9fc7c0e69e6039947617457c1ce347ae6a599b7395ca0d6758caf9d285e32925","size":13436},"val_incorrect":36,"val_loss":0.2725958815879292,"_timestamp":1.748120165326366e+09,"_step":66,"specificity":0.8892988929561144,"val_correct":496,"checkpoint_path":"Checkpoints/Hyperparametersuch-Gli-Men/giddy-sweep-65/checkpoint_epoch_060.pt","train_loss":0.07532745714792434,"train_samples_used":2128,"epoch":61}