{"auc":0.9866555363424959,"test_total":1011,"_wandb":{"runtime":191},"test_auc":0.9674000733406674,"_runtime":191.694246235,"sensitivity":0.9630314232724023,"train_loss":0.0687757037918676,"val_accuracy":95.06462984723855,"test_incorrect":101,"val_loss":0.16333954674857004,"val_probs_labels":{"sha256":"b0ac5195493eacd3c26b0396959cd76efead04323afc238bb42ea5feac6f2379","size":22068,"artifact_path":"wandb-client-artifact://pkcpst2ocsh1bqr37kuirzf7iilefnv27sj1rz6josc7hxel7f4tla0if610cok7r57cwf6th00zki6zswdz4kgad96nyoypoiwlnh1jfc9gm195y2dbf8ldxltbq6tj/val_probs_labels.table.json","_latest_artifact_path":"wandb-client-artifact://lmyl3yjanqoe764r4lx57hxw0a4lw82gn6znvaalgxr8xpj9xvu58s3x20a2lttpx72zc71gbzpxt0utfp9gq0ptf7zmitwj7n1tb5v0plq7ulc12e8pvpm4ijmqnhep:latest/val_probs_labels.table.json","path":"media/table/val_probs_labels_25_b0ac5195493eacd3c26b.table.json","ncols":2,"nrows":851,"_type":"table-file"},"_step":26,"train_samples_used":1361,"test_sensitivity":0.872937293714968,"train_percent_used":0.4,"test_specificity":0.9407407407175126,"test_accuracy":90.00989119683481,"epoch":26,"_timestamp":1.7498150697273178e+09,"test_correct":910,"specificity":0.9290322580345474}