{"train_loss":0.12659833448774674,"sensitivity":0.9425287355960716,"specificity":0.9114391143575115,"val_loss":0.25018892586231234,"checkpoint_path":"Checkpoints/Hyperparametersuch-Gli-Men/stellar-sweep-85/checkpoint_epoch_090.pt","val_incorrect":39,"_step":105,"_wandb":{"runtime":922},"val_accuracy":92.66917293233082,"_timestamp":1.7481296523699129e+09,"epoch":97,"auc":0.9715329911919809,"_runtime":922.210464119,"train_samples_used":2128,"val_total":532,"val_correct":493,"val_probs_labels":{"nrows":532,"_type":"table-file","sha256":"fcf25e0211458ec3b611112b45e8a058828ff4d9d3b9e0990c7dabc0367e3d1f","size":13513,"artifact_path":"wandb-client-artifact://g1k0kzgd09zd789bpszw9waup29amh3ixotfvb38fvfe33q2igfsfv237a2ky2g99vns4v5xtexeykitwtnvi4n7708bkpwhwf2vn1ahl9v3y80nox0012pfviru34hh/val_probs_labels.table.json","_latest_artifact_path":"wandb-client-artifact://zqdi5nlu2uyp682tb3x7lr1mg6c7s5a43r3wcfz5ncxh9cp883xjkj3f9di21okzquv6g7t9se9t10g8pa9gbjn30ef5epbbvtdqz7qx6i01wie8knq3eijqfzk9fxbz:latest/val_probs_labels.table.json","path":"media/table/val_probs_labels_105_fcf25e0211458ec3b611.table.json","ncols":2}}