{"_runtime":413.893599894,"test_correct":953,"val_accuracy":97.88484136310224,"epoch":29,"test_sensitivity":0.9455445544398425,"val_probs_labels":{"artifact_path":"wandb-client-artifact://crqu9a7ukdvkl9d2trho6yuhoy96f53nr0trcjgu2eb4ot4dppuu3ngq8i0oluxrlprjiayew2e58ewx85jltoa0sq3pvkrivufe7iywbcpjrshainzsguxcbzdtejqq/val_probs_labels.table.json","_latest_artifact_path":"wandb-client-artifact://jg6ao468vlbprwbz9zian6xex7c9udjekwuudgxc6iqu2sp1aybrmk6x9fbzkgf0e2i8jffz59quifdhu6p7z6jwgj6nimtwcu3wjgkeqnip4em5qadn6ldjvck4025l:latest/val_probs_labels.table.json","path":"media/table/val_probs_labels_28_0b51bd7f2798ce76d3bb.table.json","ncols":2,"nrows":851,"_type":"table-file","sha256":"0b51bd7f2798ce76d3bb545e6162af8350d977bfd081afebb0642dc087cdfa15","size":22227},"_step":29,"test_specificity":0.9382716049151044,"tumor_train":1064,"sensitivity":0.9661654135156735,"auc":0.9947674829707498,"test_accuracy":94.26310583580614,"_wandb":{"runtime":413},"_timestamp":1.7498628437319658e+09,"train_samples_used":2340,"val_loss":0.10526816453784704,"test_auc":0.98332722161105,"train_loss":0.06526527784176563,"test_incorrect":58,"no_tumor_train":1276,"test_total":1011,"specificity":0.999999999968652}