{"test_incorrect":104,"val_probs_labels":{"size":22178,"artifact_path":"wandb-client-artifact://ze8amhljgs4djw302v6a3f8bwkq1onox0aov853e9kr7t8x1a5pruhlpgwzwn8c71exo2zaelypt1lpgmrfudtsry4rtcpolnxqjz3plrfag462n3hunplv5pwe7kuf3/val_probs_labels.table.json","_latest_artifact_path":"wandb-client-artifact://0ceyxpwpxl2pn5es4efx2tuhy0jf7losobcryrsw20rlwpkwpqa3s0hkn994eg12fsllyb5qkfb8fc85i35ru0wx7g3505epf6i44u8wvgx3fua1t17t43i9eqvcxskl:latest/val_probs_labels.table.json","path":"media/table/val_probs_labels_25_ec2d5c30019b0df65744.table.json","ncols":2,"nrows":851,"_type":"table-file","sha256":"ec2d5c30019b0df65744ae7a81410a797dbe350197705187baa202043c6798e1"},"val_loss":0.17895858202661788,"sensitivity":0.9473684210348239,"_wandb":{"runtime":261},"train_loss":0.06528774409421853,"_runtime":261.549974289,"test_total":1011,"test_auc":0.9666014749623111,"_step":26,"tumor_train":425,"no_tumor_train":1276,"test_specificity":0.9086419752862064,"test_accuracy":89.7131552917903,"specificity":0.9937304074923595,"epoch":26,"_timestamp":1.7504634225234208e+09,"test_correct":907,"val_accuracy":96.4747356051704,"train_samples_used":1701,"test_sensitivity":0.8894389438797122,"auc":0.9929526009380819}