{"val_total":851,"_timestamp":1.7480962600826287e+09,"sensitivity":0.9704251386142251,"_step":30,"val_correct":812,"_runtime":395.353501208,"epoch":29,"val_loss":0.15694988518953323,"val_probs_labels":{"_type":"table-file","sha256":"79d290bdb7e0e1dd9b6fcb66f00e2d7a65551c1d0a946f4f22ec0d2cd74f2b92","size":22061,"artifact_path":"wandb-client-artifact://j4fe9mjaeyfas8dp3uy39qk4wimtv90w6yqo2rtliui507p4qaq9vgv9qvimtw0ctd7rlffzixuu99e5fqnuc8umk4100rxav0zradcp81tp9xipjzdh3bv6lft1hwcs/val_probs_labels.table.json","_latest_artifact_path":"wandb-client-artifact://wl692t68nfr1flcd2i55cc0bu770n8iqz9oy8kfjppcg682zcaz1tbhl5qtj71k1zz36n0yxb6i29zdzjirh3121v0g9saa3qob3nvndlccshp6zc4akpdi359cgulgd:latest/val_probs_labels.table.json","path":"media/table/val_probs_labels_30_79d290bdb7e0e1dd9b6f.table.json","ncols":2,"nrows":851},"_wandb":{"runtime":395},"specificity":0.9258064515830384,"val_accuracy":95.41715628672151,"checkpoint_path":"Checkpoints/Hyperparametersuch-noTu-T/bright-sweep-96/checkpoint_epoch_020.pt","train_samples_used":3404,"train_loss":0.058085595464540854,"val_incorrect":39,"auc":0.9875618627392523}