{"epoch":45,"test_correct":969,"sensitivity":0.9736842105080135,"test_total":1011,"train_loss":0.04828271095175296,"_timestamp":1.7504422466234434e+09,"test_incorrect":42,"tumor_train":1702,"train_samples_used":2978,"_wandb":{"runtime":768},"test_accuracy":95.84569732937686,"val_loss":0.07698798685201577,"test_sensitivity":0.9372937293574704,"test_specificity":0.9901234567656759,"test_auc":0.9920547610316588,"no_tumor_train":1276,"auc":0.9963996983053244,"val_accuracy":97.64982373678026,"specificity":0.9811912225397745,"_step":45,"val_probs_labels":{"_type":"table-file","sha256":"fd8361ef9e93ef219ca5560606eaf74859f890a7b918b3c1ab3119ddbad94690","size":21924,"artifact_path":"wandb-client-artifact://83n8wpaglnaitll2xyja389u0lhet94ovpv1esxnw2scmsenc5225pu1ug6aci73t1ukpb9wzcue67npraf75ieeal8rohvlqircdzkqzlwp8keob3sbc2d1rf2btwg9/val_probs_labels.table.json","_latest_artifact_path":"wandb-client-artifact://qnsnd25ygevsk2lx3vjyo9iq61ihbpoyhw53m6u5te5k4b32ntgh5saq7qu7yz6a44f3l3v635tw775mnkg55o7qrrj0wr5dp542d070nk5g4hqbl1qyxq9u0imlx7yb:latest/val_probs_labels.table.json","path":"media/table/val_probs_labels_44_fd8361ef9e93ef219ca5.table.json","ncols":2,"nrows":851},"_runtime":768.589597378}