{"epoch":36,"_step":38,"val_incorrect":21,"train_loss":0.006460066337172908,"val_correct":830,"auc":0.9964820225389064,"_timestamp":1.7480967670146503e+09,"_wandb":{"runtime":500},"_runtime":500.947666784,"val_probs_labels":{"_latest_artifact_path":"wandb-client-artifact://eju1b6my66qla5huahrkogaeqcbn3a3wooxn1u6zedc61cl2d9g6naf80s23h50mp7a47hbotoso80njhe6ecoi2lp3y569ryasp6aimrkwx5yui49xqrrgjbbgnx1g3:latest/val_probs_labels.table.json","path":"media/table/val_probs_labels_38_3a68c7e7cef8948b04d8.table.json","ncols":2,"nrows":851,"_type":"table-file","sha256":"3a68c7e7cef8948b04d859334be61fd7dc1e616ea131f713b47ce020d6dba6af","size":20873,"artifact_path":"wandb-client-artifact://c1lrodkpi5hslc5j88vvmhbs3drc9lj7nbmaqwj56cp4375tbrm7m9lijdk215n2glhbig5zcjpjyydtoyyv4n2z9ete89s7e2kt5cae4yofbo0u3mmyfz2svitxpi7g/val_probs_labels.table.json"},"sensitivity":0.9722735674496807,"train_samples_used":3404,"val_loss":0.1080712080001831,"specificity":0.9806451612586888,"val_total":851,"checkpoint_path":"Checkpoints/Hyperparametersuch-noTu-T/deep-sweep-97/checkpoint_epoch_030.pt","val_accuracy":97.53231492361927}