{"_wandb":{"runtime":216},"specificity":0.9290322580345474,"epoch":35,"auc":0.984744499433546,"_runtime":216.428416989,"_step":49,"val_total":851,"train_loss":0.018627147655934095,"val_correct":812,"val_incorrect":39,"sensitivity":0.9685767097787694,"_timestamp":1.7484657290852249e+09,"best_model_path":"Checkpoints/Messung-noTu-Tu/trainsample_1042/best_model.pt","train_samples_used":1042,"val_loss":0.23576666228473186,"val_accuracy":95.41715628672151,"checkpoint_path":"Checkpoints/Messung-noTu-Tu/trainsample_1042/checkpoint_epoch_030.pt","val_probs_labels":{"path":"media/table/val_probs_labels_49_21ce5d5981ab557f82ed.table.json","ncols":2,"nrows":851,"_type":"table-file","sha256":"21ce5d5981ab557f82ede37970000024745739e758d2a7edc27204bebf700978","size":20492,"artifact_path":"wandb-client-artifact://nvywi8kxrue4nla2b8f7i1jkwmoa1cp0w1akkf9kpafldqipy64cjjloni5he969yjws0gfqkyxqcauk5mw36d263rbpu9xlehzvlzpx7efe4a4ph92iw2xpzn2xs2ld/val_probs_labels.table.json","_latest_artifact_path":"wandb-client-artifact://qj50awu2lwx20qd44460j2xtumvoqb00r1adiw1upbcjvvn49ajjt9wo9mwm0vr9uoqhr1wwlktjbky31k9zdi7pweqwwhg1apcj8a5bffl2iptd98rmv3esjd9u2vyt:latest/val_probs_labels.table.json"}}