{"specificity":0.9780564263016283,"no_tumor_train":1276,"train_loss":0.07935637345706875,"val_accuracy":97.41480611045829,"_runtime":437.847635857,"test_total":1011,"test_incorrect":43,"auc":0.9934711386617012,"test_accuracy":95.74678536102869,"train_samples_used":2765,"_wandb":{"runtime":437},"val_probs_labels":{"ncols":2,"nrows":851,"_type":"table-file","sha256":"9a0fef1112b1444e0e68d8f80d42a210fed484819b42d9ba924b4322cdc0d01f","size":22212,"artifact_path":"wandb-client-artifact://pk0e8ujxeoa277c2oc1rgdets2g5uvjrejhkplk8toaxw9ls1uidw12g29bwfudxrhsfy247gjp7uoepz3dyzb15o0333wa5kv5e3ikypjuvejfha6ydnp9zolud7qb5/val_probs_labels.table.json","_latest_artifact_path":"wandb-client-artifact://l9anqnxbxp4g8rnj1lypqgd5wfyf72i81ybe9bcmnppfq7dh7vvu2lsl432xh9soiubbt73sb4cfo2rnom6xtuu48w5lp1zv0dlsncsiwjh0tflyfr5dif01xrpdx9md:latest/val_probs_labels.table.json","path":"media/table/val_probs_labels_26_9a0fef1112b1444e0e68.table.json"},"epoch":27,"tumor_train":1489,"test_sensitivity":0.9422442244068936,"_timestamp":1.7504426877439725e+09,"test_correct":968,"val_loss":0.12904207621301925,"sensitivity":0.9718045112599285,"_step":27,"test_specificity":0.9802469135560433,"test_auc":0.9884732917736218}