{"_step":36,"val_probs_labels":{"ncols":2,"nrows":2553,"_type":"table-file","sha256":"04a4e927a03bbce790d7cb8fd8a5b48054fc8ec3298a0122c7e9928c4580cf10","size":66229,"artifact_path":"wandb-client-artifact://644oezdx200pvp8dh7tas9rqxndx8kdf3tk5r2wndld8sepaj5u0f2am4j8q4mk4lnxnbh9gk7lgb73i9ywfuvqad66y18p4rc00406771uk8ba4snsqdkvpx2utbz0u/val_probs_labels.table.json","_latest_artifact_path":"wandb-client-artifact://do0b9val77lg7y96ajrhjl4zg8pd7wfxl1jjhopf2k5alf49aa3hlqckqcg14q6c39jk94w24z4na4pajum6wnylog0zs2um4gn2xejh8uczbkxcbp7r3vpv230zyvpy:latest/val_probs_labels.table.json","path":"media/table/val_probs_labels_35_04a4e927a03bbce790d7.table.json"},"auc":0.9886350784829873,"train_percent_used":0.2,"test_incorrect":60,"val_accuracy":96.08303956130044,"train_samples_used":2042,"test_specificity":0.9580246913343697,"test_auc":0.9785682271930897,"epoch":36,"_runtime":848.151195753,"test_accuracy":94.06528189910979,"test_sensitivity":0.9290429042750983,"_wandb":{"runtime":848},"_timestamp":1.7495091583289144e+09,"train_loss":0.058430828852579,"val_loss":0.14550890363752841,"test_total":1011,"test_correct":951,"specificity":0.9558974358876318,"sensitivity":0.9638783269900896}