{"test_auc":0.9990424968422769,"test_sensitivity":0.9851485148352286,"_timestamp":1.74947537340426e+09,"_wandb":{"runtime":2944},"val_probs_labels":{"_type":"table-file","sha256":"7ac26c4ab9db849a543aa36400a4ca6d6bc5681a482f785dde38f25efb43fdd7","size":64431,"artifact_path":"wandb-client-artifact://fz5dskdi4mt9aar9n0diakitfqm3008hkjrqgi2wet6r8erbgubjyecd389ui3hfsatj7miaekwzseopag8l6707tf1uybh77pnzqfwsiqba59vf0wv92ag1vbutgulr/val_probs_labels.table.json","_latest_artifact_path":"wandb-client-artifact://c0mxcmpit3dtocb36ywviw0j10m153p6fiqb30ys6f12btwhc25hin46xl97g1ifjbsh6hzugxdjdr93adh5l184qgx1tyixz213bm69lb2p9hymncqxrzmy3espbaap:latest/val_probs_labels.table.json","path":"media/table/val_probs_labels_39_7ac26c4ab9db849a543a.table.json","ncols":2,"nrows":2553},"val_accuracy":98.55072463768117,"test_accuracy":98.91196834817013,"specificity":0.9897435897334386,"_step":40,"epoch":40,"test_incorrect":11,"auc":0.9982964479542427,"_runtime":2944.915423296,"train_percent_used":0.9,"val_loss":0.06616680558072403,"train_samples_used":9190,"test_specificity":0.9950617283704923,"test_total":1011,"test_correct":1000,"train_loss":0.019232141590691754,"sensitivity":0.9828897338340755}