{"checkpoint_path":"Checkpoints/Hyperparametersuch-noTu-T/amber-sweep-43/checkpoint_epoch_010.pt","sensitivity":0.987060998133326,"val_incorrect":45,"_runtime":238.757591269,"specificity":0.8774193548104058,"val_correct":806,"val_probs_labels":{"artifact_path":"wandb-client-artifact://x7u63yc2wami0qb8xxp7938d3n6mf4ggnjbw6kkf9ppz7cpcsf45xsw1czfwreau0xtub4ku8h7tghgrf9joaq1x5oug9bg0i10gw8bm6xjxa4upqfjkfl9pbey0tj9p/val_probs_labels.table.json","_latest_artifact_path":"wandb-client-artifact://4hbt3yp709f13iqicjojpded42lsmiojge2vaeygoup3tg5b2dc369z2jld7q69qx4dsvwtda49zimpuxoydiyofgqujq3m3d1wmlm0qe6f89kysopm1w9n1o9u61umi:latest/val_probs_labels.table.json","path":"media/table/val_probs_labels_17_ccfedb0351658ab72057.table.json","ncols":2,"nrows":851,"_type":"table-file","sha256":"ccfedb0351658ab7205776972eb94c1a2bb1ff0c1a216e48059f8be0dca8cb2a","size":20993},"val_accuracy":94.71210340775558,"train_samples_used":3404,"_wandb":{"runtime":238},"auc":0.9823773179893864,"val_loss":0.23778826081090504,"val_total":851,"_timestamp":1.7480454364001231e+09,"train_loss":0.06506246102489797,"_step":17,"epoch":17}