{"_timestamp":1.7504198763594496e+09,"tumor_train":425,"auc":0.9911553963278101,"test_total":1011,"_step":26,"test_specificity":0.9432098765199207,"_runtime":279.732396383,"test_sensitivity":0.8778877887643913,"train_samples_used":1701,"train_loss":0.08196940791926213,"_wandb":{"runtime":279},"test_auc":0.9570997840524792,"test_correct":914,"test_incorrect":97,"val_accuracy":96.12220916568742,"epoch":26,"val_probs_labels":{"artifact_path":"wandb-client-artifact://0ivpb5fh1rijvgqes2hfcpccj0tu762px47xsflsufiiy2p3d30hlysmt25o03gpvsq502hp9jixfefp3u8hutciqzfpqezkbj577pt66nt0g8buuc1uks7hyz1fu4ky/val_probs_labels.table.json","_latest_artifact_path":"wandb-client-artifact://fhw9vodf5ompmt1f9tbtatywmptdumrorrmwq2mx7fgv10m0fp2sw5co7f7qhfoqy6bp7lspm1rzpuvchgzcdd1uyyjhoxwctk4u6xxzm9ekm3twg05rnbby2fwoi40y:latest/val_probs_labels.table.json","path":"media/table/val_probs_labels_25_16a15812578f79e5ddf6.table.json","ncols":2,"nrows":851,"_type":"table-file","sha256":"16a15812578f79e5ddf6338c68f85657f34027dc0a473dcdc348dee9a2c3b2e3","size":22186},"test_accuracy":90.4055390702275,"sensitivity":0.9473684210348239,"no_tumor_train":1276,"specificity":0.9843260187779208,"val_loss":0.19206272225294793}