{"train_percent_used":0.4,"test_auc":0.9934360102676935,"val_accuracy":97.33646690168429,"test_accuracy":97.13155291790306,"_runtime":1184.060909263,"auc":0.9955029085827566,"sensitivity":0.9733840304120825,"specificity":0.9733333333233504,"train_loss":0.027154921350302175,"epoch":31,"_timestamp":1.7493175382215674e+09,"_step":31,"test_incorrect":29,"_wandb":{"runtime":1184},"train_samples_used":4084,"test_specificity":0.962962962939186,"test_total":1011,"val_probs_labels":{"artifact_path":"wandb-client-artifact://pb53i6ec63m3q2jdob52d8dfyx5cwx20k0pc6m6p9wn3ivhudbhfr0zjansm7dtr8tdni157x97rhhvba7dy28viww3bg9qjzoihmbhh1p6houira913r26oq59qbaq2/val_probs_labels.table.json","_latest_artifact_path":"wandb-client-artifact://4vv2s3w5cnc65joiznl04rurwzbbmz3pdys6676aajvyelqp23fnpdd4xih4at0pa3gflwiba17q05h0oud9parau93dlygec2ht265x2bni4pj35hoh6fwsfdhs08ll:latest/val_probs_labels.table.json","path":"media/table/val_probs_labels_30_ed97f1a9e03b1ebf2e3c.table.json","ncols":2,"nrows":2553,"_type":"table-file","sha256":"ed97f1a9e03b1ebf2e3c6807859feea3a2221fbfcc0cf5cf387d4a7389fcb19a","size":65909},"test_sensitivity":0.9768976897528565,"test_correct":982,"val_loss":0.10050374018028378}