{"specificity":0.9548387096466181,"auc":0.9912169816945918,"test_auc":0.9792649635333904,"_timestamp":1.7497760430544775e+09,"train_loss":0.04117604112252593,"test_total":1011,"epoch":22,"_runtime":367.647184779,"_step":22,"test_specificity":0.9506172839271453,"val_loss":0.14566510702882493,"val_accuracy":96.23971797884842,"train_samples_used":2723,"sensitivity":0.9667282809433136,"train_percent_used":0.8,"test_correct":942,"test_sensitivity":0.9191419141762518,"_wandb":{"runtime":367},"val_probs_labels":{"sha256":"bf2824d961915b845e4871496cdb4688270718a2a0982bd6a4838ac71c43b47d","size":22156,"artifact_path":"wandb-client-artifact://5mwbrc9o7amg1uabskzkvxcuxv0zx12rlyu9c6z0pi9px6c0h1sxyepppoalpwfdj7ph1qpwh61zokdsqxbbhab8pk5artpw8ruie6cknzqnqzaem9z7juo0ze0cahb3/val_probs_labels.table.json","_latest_artifact_path":"wandb-client-artifact://tpby7kzzyibje8uzzewscsrs64656d4emjodf5sd2nvw41v4g4p6ei2ixd57scol9edrx728cinnwsee6fnbf9xbs0l5l1v1txar33g76qdcviejydd3e7mm4yb5w1c7:latest/val_probs_labels.table.json","path":"media/table/val_probs_labels_21_bf2824d961915b845e48.table.json","ncols":2,"nrows":851,"_type":"table-file"},"test_incorrect":69,"test_accuracy":93.17507418397626}