{"test_correct":949,"train_loss":0.024256451001080374,"_wandb":{"runtime":451},"train_samples_used":1914,"val_accuracy":96.82726204465335,"tumor_train":638,"test_auc":0.9754390253840198,"_timestamp":1.7498637560979364e+09,"sensitivity":0.9548872180271638,"epoch":38,"test_total":1011,"auc":0.9930586654724586,"test_sensitivity":0.9108910890938797,"test_accuracy":93.86745796241345,"_step":38,"val_loss":0.23694465309381485,"no_tumor_train":1276,"test_specificity":0.9802469135560433,"val_probs_labels":{"path":"media/table/val_probs_labels_37_cdd5e238b06b96164c7b.table.json","ncols":2,"nrows":851,"_type":"table-file","sha256":"cdd5e238b06b96164c7b4499d561ed6f2424985cf86ff3e772149ef7a68da87a","size":22228,"artifact_path":"wandb-client-artifact://vntfns87st0q2uvm9o6ahpni2ue8iyqmzyhuu6myjnf3zh9vujwkpbmz69g5b5i8u10xfvcoyq9ffzpe6txez1ucsfx2w03ou8dxlrzor1mk0ay22bgr482qj5viv416/val_probs_labels.table.json","_latest_artifact_path":"wandb-client-artifact://ozbn6o291z60o638pzsdakkvlodt8yzewsxn7d6dv92ynaria915k9dvtpzyfdj6dxwl1lhhz003h0j9a1cqh38ssrk5d8glu9uji2z5u5xgh0l02oaz1tzcir0bnywd:latest/val_probs_labels.table.json"},"_runtime":451.786244404,"test_incorrect":62,"specificity":0.9905956112542132}