{"_wandb":{"runtime":2560},"test_specificity":0.9876543209632678,"auc":0.9961873192291444,"_timestamp":1.7495019222730987e+09,"_step":27,"val_accuracy":97.61065413239326,"test_auc":0.9936152874546715,"specificity":0.978461538451503,"sensitivity":0.9746514575350149,"test_accuracy":96.14243323442136,"val_probs_labels":{"size":66470,"artifact_path":"wandb-client-artifact://7w4a98btit3z1tkfrxhbmwj6qw849ncbf7j7vgsnxbfi6qiwa0l9s0gsa7qqnmx5sa20xhzad3y7dsilkn82jnloou72apxugfmix0pa65gdn5mzrdkd7nkmz3cjmq54/val_probs_labels.table.json","_latest_artifact_path":"wandb-client-artifact://ixu44y9tn27ylaxl6wnr8w0j3jaorjeodf157a93bpmdedy8h0vppvqocvcc5fzzkszgn1gcpiqnid543fpqsjkxm8eg8kplrgvlnyeyoe8lz4ow7p3qekbq5b53618n:latest/val_probs_labels.table.json","path":"media/table/val_probs_labels_26_863903378197ddfff5a4.table.json","ncols":2,"nrows":2553,"_type":"table-file","sha256":"863903378197ddfff5a4627827a0df6f61d9e7e7f525ec24e62d72d2c371bfb3"},"val_loss":0.08108418439514935,"train_loss":0.05516269318260519,"train_samples_used":7148,"test_total":1011,"test_correct":972,"train_percent_used":0.7,"_runtime":2560.872419045,"epoch":27,"test_sensitivity":0.9438943894233681,"test_incorrect":39}