{"test_total":1011,"val_loss":0.10364150096263204,"test_incorrect":33,"auc":0.9963806570866377,"_wandb":{"runtime":627},"test_specificity":0.9999999999753086,"val_accuracy":97.17978848413631,"specificity":0.9677419354526534,"test_correct":978,"test_sensitivity":0.9455445544398425,"_timestamp":1.7497631164133134e+09,"epoch":34,"test_accuracy":96.73590504451039,"sensitivity":0.9741219962851364,"test_auc":0.993175243450271,"val_probs_labels":{"_type":"table-file","sha256":"add1cd186fe09387c540e5a00267aa7e81cceae372e3e1659dab80e0e8c49210","size":21466,"artifact_path":"wandb-client-artifact://xtnb42t94ng0n3pi6tx5v56gd10leu2gyegxkkp7sy84c5aytph8t3k3taju374vodldk9wy1dxkplk6l7zxt5w9raz8lygetqrmhs4h0yvsvm785kiimvxn9z562ttq/val_probs_labels.table.json","_latest_artifact_path":"wandb-client-artifact://b5kb58lrgj84c3hool1k1hhnf1fzotl13oplqk6hcyijayvsau5okjr0zb6ialpkdqdmiwerfes3yudytsnu4r77nbbs34mp4nsilh163389ieyhnqyx5ixsx4fj2odj:latest/val_probs_labels.table.json","path":"media/table/val_probs_labels_33_add1cd186fe09387c540.table.json","ncols":2,"nrows":851},"train_samples_used":3063,"train_percent_used":0.9,"_runtime":627.452121402,"train_loss":0.01903298336158817,"_step":34}