{"train_samples_used":680,"test_correct":887,"val_loss":0.21517878664391382,"test_sensitivity":0.8696369636820191,"test_incorrect":124,"train_loss":0.07906614616513252,"test_total":1011,"val_probs_labels":{"artifact_path":"wandb-client-artifact://nqef9u1fevtmjc7jcmop99bp1siodnugx5zc4ozc8n6dan88iwe274q5pic1gapzyvzaarhrqcey1d833ygvb9o8lrj9l3yxbi1kl433zr0pa2x51y4slvtcfs8emo8r/val_probs_labels.table.json","_latest_artifact_path":"wandb-client-artifact://l5wzwo56p5tl80cdond3bknglxaqhm9qteie8nwqp54vyw8spmvm6nwxqprwxsi5pqriicjw8yu543mxe34syj6kn10vgfd73uxptrm4jkhq7mfhvoit0foxkkqv6mgp:latest/val_probs_labels.table.json","path":"media/table/val_probs_labels_27_c5f32dfa5c460aa3a7f3.table.json","ncols":2,"nrows":851,"_type":"table-file","sha256":"c5f32dfa5c460aa3a7f3d2eac15a6165a0d68810515539696eee7b78c84863d0","size":21945},"_timestamp":1.7497741583054576e+09,"train_percent_used":0.2,"test_accuracy":87.73491592482691,"test_specificity":0.888888888866941,"_step":28,"val_accuracy":93.06698002350177,"test_auc":0.9490526830460823,"auc":0.9729354242442311,"_wandb":{"runtime":196},"_runtime":196.254104981,"epoch":28,"sensitivity":0.9704251386142251,"specificity":0.8612903225528615}