{"epoch":33,"sensitivity":0.9693486589666916,"checkpoint_path":"Checkpoints/Hyperparametersuch-Gli-Men/crimson-sweep-32/checkpoint_epoch_030.pt","_wandb":{"runtime":317},"_runtime":317.310532258,"_timestamp":1.7481088697804692e+09,"val_total":532,"val_probs_labels":{"nrows":532,"_type":"table-file","sha256":"60f13c72054835fd7ab22f5978ccd2fb1f55e4e432ceaab8d9b76cdb1b0023b8","size":13660,"artifact_path":"wandb-client-artifact://dpmyym1hjmoshphb00mvnaxvghxm83nsyitfzeqj0rual2f797icy65thd8kwkjp0e0z99wg50wqqpb49xh108jlc0bzmdfbr6cmbm5rt8nqha6fdaii9lwky20o4idz/val_probs_labels.table.json","_latest_artifact_path":"wandb-client-artifact://rx89vd6jld80egcpl9x8s5s3ys4y5itp5vmrs6k1e3ucd0lrst235wkng6trb07v64kqqbwwnl2eucbh0tvjednoc6724ja1wtnofvl2o8uj51n8bk5dlu0wv98j0c6f:latest/val_probs_labels.table.json","path":"media/table/val_probs_labels_35_60f13c72054835fd7ab2.table.json","ncols":2},"_step":35,"val_incorrect":31,"train_samples_used":2128,"auc":0.9801642844014646,"val_accuracy":94.17293233082707,"train_loss":0.031411749331642,"val_correct":501,"val_loss":0.24501527155585148,"specificity":0.9151291512577443}