{"test_correct":916,"test_sensitivity":0.904290429027982,"_timestamp":1.7497823882411737e+09,"val_accuracy":95.06462984723855,"specificity":0.9451612902920915,"epoch":31,"test_auc":0.9614268834290838,"_runtime":284.905631937,"test_specificity":0.9086419752862064,"sensitivity":0.953789279095124,"_step":31,"test_total":1011,"test_accuracy":90.60336300692384,"_wandb":{"runtime":284},"test_incorrect":95,"train_loss":0.025316742714494467,"auc":0.9845089738238626,"val_probs_labels":{"path":"media/table/val_probs_labels_30_35fc5a001553140f52d1.table.json","ncols":2,"nrows":851,"_type":"table-file","sha256":"35fc5a001553140f52d1a24a08ac623a86e8b14f6394768827a15c3613a9f351","size":22086,"artifact_path":"wandb-client-artifact://rdxmrbr1f43lbsvpd9onf3obwvsk3xx2950bxewy0cuj7jgla1x1n2wp2vdloitfjz477dp7ml7mscahewowjyculkbn9a277k014e732e97lbi4agx7cbp0asxk5cx3/val_probs_labels.table.json","_latest_artifact_path":"wandb-client-artifact://or1xjceixy3obnxnrr8xcelvh0awo3ugxd9nlukwj0lladg0jz8obw6polebz3fuzptw3avjh6pblpwn8nnsm12ts3b8qggz1lr1oyl6i4clfdvfq4k1u97rrxcfgrlw:latest/val_probs_labels.table.json"},"train_samples_used":1021,"train_percent_used":0.3,"val_loss":0.2184186354279518}