{"test_sensitivity":0.9438943894233681,"val_loss":0.1091902165540627,"val_probs_labels":{"nrows":851,"_type":"table-file","sha256":"98cd0cee7126b10c584f5d0a282da79eab0400336329219cfc32edb40ddb3458","size":21928,"artifact_path":"wandb-client-artifact://2wba03am6wo5rxm4meiu5935b5gu1wqf786i0eigz12bvhj140pgnnpuhfzmniljq79i2glttzrml6vvbqanbqpvjdp35gter0s060nyyg3pocfigsz7639dy12apa93/val_probs_labels.table.json","_latest_artifact_path":"wandb-client-artifact://ljn0xu7asiuwt804pc6yt563xpe669is79zfuerravftujodbpxx0rcqry2mu5s7pbvax7yk8wzv216dufspl1ezo1kqf6pik7sgevq7ncy31lg9lyq9x562valm9o5o:latest/val_probs_labels.table.json","path":"media/table/val_probs_labels_33_98cd0cee7126b10c584f.table.json","ncols":2},"val_accuracy":97.41480611045829,"specificity":0.9780564263016283,"sensitivity":0.9718045112599285,"tumor_train":1489,"auc":0.9952329884271808,"epoch":34,"test_accuracy":96.53808110781405,"test_auc":0.9921688465142809,"train_samples_used":2765,"_timestamp":1.7498386599277313e+09,"_wandb":{"runtime":571},"test_specificity":0.9975308641729005,"test_correct":976,"train_loss":0.0384966914372688,"test_incorrect":35,"_runtime":571.678118391,"_step":34,"test_total":1011,"no_tumor_train":1276}