{"train_samples_used":3404,"val_loss":0.0877850694315774,"specificity":0.9451612902920915,"train_loss":0.03652742662018648,"checkpoint_path":"Checkpoints/Hyperparametersuch-noTu-T/unique-sweep-84/checkpoint_epoch_080.pt","val_incorrect":27,"_wandb":{"runtime":1139},"_timestamp":1.7480892280282123e+09,"sensitivity":0.981515711626959,"val_accuracy":96.82726204465335,"_runtime":1139.754272825,"val_correct":824,"val_total":851,"epoch":84,"_step":91,"auc":0.9955458827738357,"val_probs_labels":{"_latest_artifact_path":"wandb-client-artifact://yimn12ero956lu2fpxnso3g16yfndzl0q319i37gwgmfgkcqpw31ytee6xbjk97bkyw92asppmg4ltrxprovj7rr1nnyqtjpazbvohucw3de1phf53oarnpebwsvz8kw:latest/val_probs_labels.table.json","path":"media/table/val_probs_labels_91_d88c9079af8e00f4152d.table.json","ncols":2,"nrows":851,"_type":"table-file","sha256":"d88c9079af8e00f4152db0ff72d5e00320eaedc3c49b2d4142257db511b59e51","size":21987,"artifact_path":"wandb-client-artifact://w48f4p9smdafkuo50yz49kmkwjyu1f9g0s2seaui6uqtmlxf7dy55a9jej8tk0jhs2enzdwh7fgcte6r3klynyeza3n9by0ai8um4uobcdnyx1hg6bbmyrhla6jlsfml/val_probs_labels.table.json"}}