{"test_accuracy":98.51632047477746,"epoch":40,"_wandb":{"runtime":2917},"val_loss":0.0919158940028865,"sensitivity":0.9790874524652784,"specificity":0.986666666656547,"_step":40,"_timestamp":1.7494724231179786e+09,"train_samples_used":10212,"train_percent_used":1,"test_correct":996,"test_specificity":0.9950617283704923,"val_accuracy":98.1981981981982,"_runtime":2917.472032862,"test_auc":0.9984802183922097,"test_sensitivity":0.9785478547693309,"train_loss":0.038973923426965484,"auc":0.99656787234734,"test_incorrect":15,"val_probs_labels":{"_type":"table-file","sha256":"1db1a98b24761f260e868568e82849b82270c3a661a299b8c7f171678a0a439c","size":63444,"artifact_path":"wandb-client-artifact://iunkthj9luf7e9apalkx8pk2kq5srbrmrxka3xyen14z0xca7qnaunfakrhg38x5hkhq8obukhtsbj8zp01vijpgg0fx1llzs92e0fp4bq3o0usz0jig2dy7rqjqiqm2/val_probs_labels.table.json","_latest_artifact_path":"wandb-client-artifact://98umiuq383fzfzz0txv2ucazmg7akcpxvpvw2qr191pge1rko5kbn20jkggagzetgv8bfopd755g8g1bx3eshw16tpkst6orxmcjqcgcv4orro0k5khq1my6lmyi8bb7:latest/val_probs_labels.table.json","path":"media/table/val_probs_labels_39_1db1a98b24761f260e86.table.json","ncols":2,"nrows":2553},"test_total":1011}