{"specificity":0.8064516128772112,"val_loss":0.33384379957403454,"val_incorrect":82,"_runtime":142.87721676,"best_model_path":"Checkpoints/Messung-noTu-Tu/trainsample_340/best_model.pt","_step":55,"_wandb":{"runtime":142},"epoch":37,"val_total":851,"auc":0.9573012939001848,"val_accuracy":90.36427732079906,"checkpoint_path":"Checkpoints/Messung-noTu-Tu/trainsample_340/checkpoint_epoch_030.pt","val_probs_labels":{"nrows":851,"_type":"table-file","sha256":"6db1ff010af62b9e7ebad10c3b1547962a8489d7bc755d9c13d9588cfed06095","size":21937,"artifact_path":"wandb-client-artifact://wd65jiyfutk314984vr6tropoxwc84fycfu4rum2k01vuka9a3j2o4j3hbg8b732y8t1088zr3ggfbyo5r1ot5ser5eortad690ov5sh2lchgequowcj9p4l3686qzrh/val_probs_labels.table.json","_latest_artifact_path":"wandb-client-artifact://4cb3ghftbn1dhpk9cm4lfhqqvwoaf808jsv0njyt0wvbjpbdbnm84wcnvj51vgsatf736ygs1k9irub1qaebnjgdabkd75rhlxl7i46ajtu59gz93jzt8hfmptcjhkuq:latest/val_probs_labels.table.json","path":"media/table/val_probs_labels_55_6db1ff010af62b9e7eba.table.json","ncols":2},"train_loss":0.0711831705023845,"val_correct":769,"train_samples_used":340,"sensitivity":0.959334565601491,"_timestamp":1.7485490615810971e+09}