{"test_auc":0.9939575439025383,"_timestamp":1.7498322467365315e+09,"train_samples_used":3404,"val_loss":0.06562349506254707,"test_specificity":0.9925925925680841,"auc":0.9967237843825867,"test_accuracy":98.3184965380811,"test_sensitivity":0.9768976897528565,"train_loss":0.040749362738872016,"epoch":46,"sensitivity":0.9868421052446082,"no_tumor_train":1276,"val_probs_labels":{"ncols":2,"nrows":851,"_type":"table-file","sha256":"12e1d0bbb98df14b049cf7c5e85c778eabf690c05007b8633365b8d7e544dd70","size":22121,"artifact_path":"wandb-client-artifact://v5miwgrcrugjygrsrjhrhddv53bvnv3c50ntsz50eiq90h43b9wn88hgf30e0y84cyzwhs2g3caro3sbz8s52qmk5lhlrvf225neg43ciztlzhlcjm035golsz1ef44d/val_probs_labels.table.json","_latest_artifact_path":"wandb-client-artifact://7sv3folupl4gf9mxr262v5b72r9ikd0ol4gmxskvfdsc4mvd7x914bfuv8soadpxflbqtqdh0zhw60fclcdhe24xnib236v745pcbtjbss7y8ousl8viki3cl85axbd9:latest/val_probs_labels.table.json","path":"media/table/val_probs_labels_45_12e1d0bbb98df14b049c.table.json"},"_wandb":{"runtime":927},"_step":46,"test_incorrect":17,"val_accuracy":98.47238542890717,"test_total":1011,"tumor_train":2128,"test_correct":994,"specificity":0.9811912225397745,"_runtime":927.685487208}