{"train_percent_used":0.3,"sensitivity":0.9611829944369467,"train_loss":0.0829035909846425,"test_sensitivity":0.8894389438797122,"test_correct":910,"_timestamp":1.7497859732896545e+09,"test_auc":0.9543454345434543,"auc":0.9787251803708782,"_runtime":253.991867432,"test_incorrect":101,"val_accuracy":92.94947121034077,"specificity":0.874193548358897,"test_specificity":0.9160493826934308,"_wandb":{"runtime":253},"_step":30,"epoch":30,"train_samples_used":1021,"test_accuracy":90.00989119683481,"val_probs_labels":{"_latest_artifact_path":"wandb-client-artifact://3hnoq4839qlnuv9tu0pstx0byvtwquujijpxnb1ffk16z88o00i6rmlcbz9ecw4n8ya38o4g0znybyyw1wrpt7wkexhm8fot1t76enztopghri5924bh75ld8ly9a1vv:latest/val_probs_labels.table.json","path":"media/table/val_probs_labels_29_dff9d63eb3e4460ef8c2.table.json","ncols":2,"nrows":851,"_type":"table-file","sha256":"dff9d63eb3e4460ef8c26730ba7226f6f9c8e573543c9bd529578cb1e0b2d963","size":21973,"artifact_path":"wandb-client-artifact://upo5ntf0ghb5ikitcxi2v0ieup1tohi3k1mobu95ew1o9tk9ujl47jr83wsg8gh60p6dal1kvkiv300f3db0yi4x7iovmc4czvrgsatt571yssn7ahc21i1vzes5jbr3/val_probs_labels.table.json"},"test_total":1011,"val_loss":0.21332993784121104}