{"_step":35,"_timestamp":1.7494917987175174e+09,"test_sensitivity":0.9509803921257849,"glioma_train":1057,"test_incorrect":38,"_wandb":{"runtime":784},"test_auc":0.9868845315904139,"val_accuracy":91.52542372881356,"val_probs_labels":{"path":"media/table/val_probs_labels_34_7cada898169cc14c9bd0.table.json","ncols":2,"nrows":531,"_type":"table-file","sha256":"7cada898169cc14c9bd02f3dc5578eafbc3bb611420cfeb1e456bc6320c7ec67","size":12903,"artifact_path":"wandb-client-artifact://030v7db0avdcfdxaleu40pkiag6d1dauyezcm9d4mwg1b5j8q61peiiqx2vsxdfeitzk1zrgqgfazqt0aqfi7152ut8fzycvbyyjgt98t10niapfc2s6nsn3aug22c32/val_probs_labels.table.json","_latest_artifact_path":"wandb-client-artifact://n1xn2nqqc33txka1zxtnpu7pwzh4xi0w148wp9jnufzy83n0d75ivwhl6yquxvjxtsue3sb6bg1cbypsm8exndz71krztn7t03tw5d8t1w41e7gcmt8nc0gnm7cajqk1:latest/val_probs_labels.table.json"},"val_loss":0.42191771613879075,"test_total":606,"auc":0.972009420043128,"train_loss":0.027148644781954685,"train_samples_used":2129,"sensitivity":0.9775280898510289,"specificity":0.8522727272404442,"_runtime":784.344088878,"test_specificity":0.9233333333025555,"test_accuracy":93.72937293729373,"epoch":35,"test_correct":568,"test_probs_labels":{"nrows":606,"_type":"table-file","sha256":"222cab7e7446d3e4263ef43c911f5a6b948f7910892afcb02d72277a4ed4f232","size":15142,"artifact_path":"wandb-client-artifact://twxy2u2y9jsfmj9sps53dnbvjcbu35n1sgdq9q7nqkjxruzcq4hgkfh2fa5gj67tbd5tt6stdzirpim4694gd5a774a7mlw9ojpxne117s9bjlnsgq4q3o935dzweibo/test_probs_labels.table.json","_latest_artifact_path":"wandb-client-artifact://qnp2zx7in7jkbpwzcvhotkkurt6omt2hdg7y35l68v02swz6akg97z9px5abv9gtavbh2u1odi3zbuvol880htxwx4yo5kv8i5cqpmr0zsnwsgqwybcat44cmnydgeuu:latest/test_probs_labels.table.json","path":"media/table/test_probs_labels_35_222cab7e7446d3e4263e.table.json","ncols":2},"meningioma_train":1072,"test_confusion_matrix_table":{"path":"media/table/test_confusion_matrix_table_35_651131f16179236000e4.table.json","ncols":3,"nrows":4,"_type":"table-file","sha256":"651131f16179236000e4aaecf9025707ee49eb8005e1384130c211701cbd912b","size":192,"artifact_path":"wandb-client-artifact://ywzmrg5qcaahp141ss0nsuj4kajyhpf3o67qvi3ki9hjkj4se5gmcdujfjnqlt9pjek65j16xz7utpwx5minsgtz1xm2dzf3kcdtsplx7cag44sib53xj5p0zh44lj6z/test_confusion_matrix_table.table.json","_latest_artifact_path":"wandb-client-artifact://xmlh6913uulvy2tz927ssxeqrunq8dbh6wpv7fbzj40rnj52u7spmb3h7huzc8vaxbukgv378ba8iwhnmqbxsmyppxtk2udeo50fvzw37oh9isdghsuaeuo3ar9k5rl1:latest/test_confusion_matrix_table.table.json"}}