{"epoch":29,"sensitivity":0.964879852107858,"test_correct":893,"train_percent_used":0.2,"test_incorrect":118,"_wandb":{"runtime":203},"_runtime":203.590533607,"test_auc":0.9518477773703298,"test_sensitivity":0.8564356435502238,"train_loss":0.0518469155455629,"test_specificity":0.9234567901006554,"test_accuracy":88.32838773491592,"val_loss":0.2486097855227334,"_step":29,"auc":0.9797030588515891,"specificity":0.8677419354558793,"test_total":1011,"val_accuracy":92.94947121034077,"val_probs_labels":{"sha256":"ea40ea05f57cddfc5742e163f47cc770f5e65ab63dee1bf71533720f4db6be83","size":21052,"artifact_path":"wandb-client-artifact://vy3ajauzux595zbgqxpelgimwqxp86jrq1bsdzhsl6qiovheobd4z22pr3rnw75wp8r79vxfiw62xcb1mttg7zte1rgj4eh536lj5wqhl2rlem2hx5r5kzpmc6h47c44/val_probs_labels.table.json","_latest_artifact_path":"wandb-client-artifact://grf25l983uvl3cxfhfs43mien7eatyu8yqz0rqh6o2q9hx0xesgc9qv3fupj0a3swf3eaacuvypqwqjto6lpj2l1lf8iu7c3k9wmr8cuagfkde2gripkx0brlhs3vfv6:latest/val_probs_labels.table.json","path":"media/table/val_probs_labels_28_ea40ea05f57cddfc5742.table.json","ncols":2,"nrows":851,"_type":"table-file"},"train_samples_used":680,"_timestamp":1.7498191803409097e+09}