{"test_total":1011,"test_incorrect":30,"val_loss":0.18103332391807012,"auc":0.9926480233736806,"test_auc":0.9889337081856334,"train_loss":0.023459126842984308,"val_probs_labels":{"ncols":2,"nrows":851,"_type":"table-file","sha256":"ef20ff35674e4548c8b9cbd7bc4a64c131307eee5b4a07d77f9e394425a81e94","size":21236,"artifact_path":"wandb-client-artifact://kqmohsn8uznkobq8plotyqb8c35fu8d8hrcd2rw932xqh3x7utcycg7kfbgq8urfnouu4xnyvfksr1lgwcgwi0uvz6t9mtjsqe9o0qvs22rbbkyrhtklj5iaw2x9xci5/val_probs_labels.table.json","_latest_artifact_path":"wandb-client-artifact://o0ckjifd0rijlt3k98bdn2kj7uge4h4hgnmp12ilg0x2z4uzudfb7jg8y87b8hemmrjsv60apbb0kuq5bsd8qhjzyf978tmv5ie0l0jdyic5ki84ojzj1e9h3mk8zatf:latest/val_probs_labels.table.json","path":"media/table/val_probs_labels_32_ef20ff35674e4548c8b9.table.json"},"_step":33,"test_correct":981,"_timestamp":1.749813740782069e+09,"test_accuracy":97.03264094955489,"test_specificity":0.9851851851608596,"_wandb":{"runtime":600},"epoch":33,"sensitivity":0.9833641404624147,"test_sensitivity":0.9603960395881123,"specificity":0.9032258064224765,"val_accuracy":95.41715628672151,"train_samples_used":3063,"train_percent_used":0.9,"_runtime":600.272915784}