{"epoch":100,"test_total":1011,"_wandb":{"runtime":1668},"_runtime":1668.790344099,"_step":105,"train_loss":0.05285113338539575,"val_total":851,"val_correct":791,"_timestamp":1.7479259818309383e+09,"val_incorrect":60,"val_loss":0.2892129062009709,"test_accuracy":92.18595450049456,"val_accuracy":92.94947121034077,"checkpoint_path":"Checkpoints/Classifier-4/legendary-sweep-1/checkpoint_epoch_100.pt","test_correct":932,"test_incorrect":79,"train_samples_used":3000}