{"train_samples_used":2127,"auc":0.9925636976453673,"test_accuracy":93.57072205736894,"test_incorrect":65,"specificity":0.9968652037305058,"_wandb":{"runtime":424},"_step":32,"val_loss":0.2128267948116575,"val_probs_labels":{"ncols":2,"nrows":851,"_type":"table-file","sha256":"d7069be0bf0a17a366c5c95d7937b5abe802b13036d748462e2ce2bbb43f9865","size":22329,"artifact_path":"wandb-client-artifact://hyqrl19lczxgenpfd83mblbcvt3oq96h147b93sdl5van8es0oh6i05bwqfr60llad2gzbuf5ta2q4azoco5jm40y5d7hwqkbia0u1ihast0np9gtur4k3c322qirhyb/val_probs_labels.table.json","_latest_artifact_path":"wandb-client-artifact://ba7axibj3mqtma8nknyikoq8x4sgcezvgjw8vi01vmf9r63hke4bogjcne9yeej6beluqt5fg2scp9e6dr3x0tnmjvyne2qsj3ib92shk1xrdwfkg8obkje7xm1ixwjt:latest/val_probs_labels.table.json","path":"media/table/val_probs_labels_31_d7069be0bf0a17a366c5.table.json"},"train_loss":0.04160640092895312,"_runtime":424.581015704,"_timestamp":1.7498357726513371e+09,"tumor_train":851,"test_total":1011,"test_sensitivity":0.9125412541103541,"test_specificity":0.9703703703464106,"no_tumor_train":1276,"val_accuracy":96.3572267920094,"test_correct":946,"epoch":32,"sensitivity":0.943609022538654,"test_auc":0.9849325673308071}