{"val_incorrect":55,"val_probs_labels":{"nrows":851,"_type":"table-file","sha256":"c947a97d7ca711e1703a01559e4b1065fc483cf104d98c995e7198f1f98a1fd3","size":22087,"artifact_path":"wandb-client-artifact://1ji9l6ev9jerall8iacha4keq00mthw679e9q6yuts0z8ssrbrt84fweatyn7drcwpj104u41m5zwhm31gpb0gf5p8bgtsmbw4qd86dr44hsqltppz5yrtyiauxibb05/val_probs_labels.table.json","_latest_artifact_path":"wandb-client-artifact://yutaoy38sep9266efhsusja2nhw3okkdhp0njz29k115ey3lg0me2kbnsc64jh57hck8xina2ybu2qxuiom0dr8ih5jlweouu0zhl0bl11k4ou0lbf3h0uskptql4m25:latest/val_probs_labels.table.json","path":"media/table/val_probs_labels_49_c947a97d7ca711e1703a.table.json","ncols":2},"train_loss":0.044983837443093456,"specificity":0.9161290322285119,"val_correct":796,"val_accuracy":93.53701527614571,"_step":49,"sensitivity":0.9463955637533014,"_wandb":{"runtime":173},"auc":0.9754457098562995,"train_samples_used":681,"best_model_path":"Checkpoints/Messungen-noTu-Tu/trainsample_681/best_model.pt","val_loss":0.23356316451515471,"epoch":35,"val_total":851,"_runtime":173.431988075,"_timestamp":1.7486330365747302e+09,"checkpoint_path":"Checkpoints/Messungen-noTu-Tu/trainsample_681/checkpoint_epoch_030.pt"}