{"train_samples_used":2340,"test_correct":968,"test_total":1011,"epoch":44,"test_specificity":0.9876543209632678,"auc":0.9928465364037052,"train_loss":0.035336888174673446,"_runtime":640.809525696,"no_tumor_train":1276,"tumor_train":1064,"specificity":0.9937304074923595,"val_accuracy":97.53231492361927,"test_accuracy":95.74678536102869,"val_loss":0.16049942773367679,"_wandb":{"runtime":640},"test_sensitivity":0.9372937293574704,"_timestamp":1.749848820170421e+09,"test_incorrect":43,"test_auc":0.984248054435073,"val_probs_labels":{"size":22248,"artifact_path":"wandb-client-artifact://bsf5ylazbg8cg3bn71xgv3zpjlrzl6bo00qbm9tq00wkc23b553s3qup58xeonk4x75zh13ke6ct65o3vylxnr5war6def7muk88o7xn32w8o3pgzfvh4oyhtg2w6t5v/val_probs_labels.table.json","_latest_artifact_path":"wandb-client-artifact://1kvo3jg6ytrvpm8rq1iw7t3al0kehhq2qk9cje3c4xv9kuuf3mve5of6rfemrdih4epdnz2n1tr8q12hx041quffoy81oxtm5bjegcvtygb90p8kopinq7x9d6nokwqb:latest/val_probs_labels.table.json","path":"media/table/val_probs_labels_43_17c0ffc2a629cb9c2573.table.json","ncols":2,"nrows":851,"_type":"table-file","sha256":"17c0ffc2a629cb9c2573236b1836e0e65eaf024936f0828d1359026886dba1fd"},"_step":44,"sensitivity":0.9642857142675886}