{"tumor_train":1489,"no_tumor_train":1276,"test_auc":0.9924092409240924,"specificity":0.9905956112542132,"test_total":1011,"_wandb":{"runtime":664},"epoch":41,"test_sensitivity":0.9438943894233681,"_runtime":664.13504599,"val_accuracy":98.1198589894242,"_step":41,"_timestamp":1.750452120413543e+09,"test_incorrect":34,"test_correct":977,"sensitivity":0.9755639097560984,"test_accuracy":96.63699307616221,"train_samples_used":2765,"train_loss":0.03287191274152561,"test_specificity":0.9999999999753086,"auc":0.9964704079949089,"val_loss":0.08863159348922116,"val_probs_labels":{"path":"media/table/val_probs_labels_40_a3899d13151cebe3b15a.table.json","ncols":2,"nrows":851,"_type":"table-file","sha256":"a3899d13151cebe3b15a49c5c04108f69e050279f26d81557e95171f6ead0bd0","size":22184,"artifact_path":"wandb-client-artifact://lyphfd2sj7j3m02wa00h46grmlqf655c8g2qc28uqgoikszsb0cinjsz4s0cy3ip1g7oqpgzi6qfwwbkujhs2ac7oqk6tbhh4ldyexhdi3udy9ycu5mq9aecq3w78yu6/val_probs_labels.table.json","_latest_artifact_path":"wandb-client-artifact://qptt0ev2ks8k0lqyobmjkbb09vcag47eh7akmdm8sxarg2y8jm1vasys6wtpchaqicx9two1f506e7bln5brd1oyeunptw0nhngov3ydjvp6ckqqaxejvod8yjfta0gz:latest/val_probs_labels.table.json"}}