{"val_accuracy":98.1198589894242,"_runtime":3724.374799423,"test_auc":0.9982357495008761,"test_total":1011,"test_accuracy":98.12067260138477,"val_loss":0.07399133228464053,"_timestamp":1.7494965717681649e+09,"train_loss":0.0355115009782215,"train_percent_used":0.9,"test_incorrect":19,"train_samples_used":9190,"specificity":0.9743589743489809,"test_sensitivity":0.975247524736382,"val_probs_labels":{"path":"media/table/val_probs_labels_31_5ee3114cb9f04f47e93a.table.json","ncols":2,"nrows":2553,"_type":"table-file","sha256":"5ee3114cb9f04f47e93a3065fcaab1fd765a9361a7222c0ba6c82752be12802e","size":64481,"artifact_path":"wandb-client-artifact://02ifdu2r285ee7kxfsfmq17bjzh487g78zijvro3taubg60v9yn4wrinxt92oz06m5e0icrbkxop6rzitu5k1jep1hq6qauzh6n43u420e0zqyan9xcjmkn6l6x43m78/val_probs_labels.table.json","_latest_artifact_path":"wandb-client-artifact://ak49x85k5i26od8qzku7gkbwtdc5af14bjisx8v0uhxkcdc45hsrwdggxoid30dz6d90efmzhtb28qu4qait5arrhgjgy8tu5xuavqijp9i0d2nr6p0spir7ctt7fw5e:latest/val_probs_labels.table.json"},"sensitivity":0.9854245880799404,"auc":0.9973962497156413,"test_specificity":0.9901234567656759,"test_correct":992,"epoch":32,"_wandb":{"runtime":3724},"_step":32}