{"train_percent_used":0.4,"val_probs_labels":{"sha256":"ee01e67da3ffddef4a39ed52e7b4f5e7c6cbca96fbb5643f572a2e8fcdc2ce25","size":21633,"artifact_path":"wandb-client-artifact://kumhy4ysb9lwdioyynd85l9ynrtw5q4yid1etf81mc2twq7iik0eoeyttual4fhpmxzd3lu25yr61b4x2j18ltdu86jq3cnhanqamowhhf3c9enjvhbaizmzrotepu7i/val_probs_labels.table.json","_latest_artifact_path":"wandb-client-artifact://5b3xlrdivhj5w60zdq7awn6s9pt3iqe4m3edr767wmhairueg90uo05bi9dlw4hm6fwfuuccbr5um0dz4j6cwim4qxqqta6b18f4ypd6i16k0xxhcnesfcvuxaunq0ef:latest/val_probs_labels.table.json","path":"media/table/val_probs_labels_31_ee01e67da3ffddef4a39.table.json","ncols":2,"nrows":851,"_type":"table-file"},"test_auc":0.9772521696614105,"auc":0.9836354421322521,"train_samples_used":1361,"test_specificity":0.9555555555319616,"_runtime":332.956352308,"test_total":1011,"test_incorrect":76,"_timestamp":1.749777533180479e+09,"train_loss":0.04726785903965885,"test_sensitivity":0.904290429027982,"sensitivity":0.9704251386142251,"test_accuracy":92.48269040553907,"_wandb":{"runtime":332},"test_correct":935,"_step":32,"val_accuracy":94.5945945945946,"val_loss":0.18356819770165853,"specificity":0.9032258064224765,"epoch":32}