{"specificity":0.9874608150160671,"test_specificity":0.9506172839271453,"test_accuracy":92.68051434223541,"sensitivity":0.9661654135156735,"test_correct":937,"test_incorrect":74,"_runtime":366.413181527,"val_probs_labels":{"_type":"table-file","sha256":"8bcabef887b6b8307b898025d56e2d7574b4b8eb50352ae284ca1ca6950674d5","size":21966,"artifact_path":"wandb-client-artifact://jrxgfhqi7qh6u6h04wbb78hy8g6rahl3uozbk7jrritdeb0uv164zw9dswkz1z746yeoax8znxro8gxlrobp511fmtfivhwiqikmjyjuooyl8ix8ld7apatqxr9fhtt9/val_probs_labels.table.json","_latest_artifact_path":"wandb-client-artifact://c8la0tb015rvk3lmbtwiueqe741jqnkjg3067b97aw0vm0twh4fcub1ec1ru0f420frl8cwwcrksaczm4niukq7kuyl4zi8199bj1dtyp4wzl79d3vcj5353yykd1nvt:latest/val_probs_labels.table.json","path":"media/table/val_probs_labels_30_8bcabef887b6b8307b89.table.json","ncols":2,"nrows":851},"_step":31,"auc":0.9931765149550993,"test_sensitivity":0.9108910890938797,"_timestamp":1.7504154018341916e+09,"epoch":31,"tumor_train":638,"no_tumor_train":1276,"test_total":1011,"_wandb":{"runtime":366},"val_loss":0.22769461093204363,"train_loss":0.019665138625229398,"val_accuracy":97.41480611045829,"test_auc":0.976176506539543,"train_samples_used":1914}