{"epoch":1,"_step":0,"train_loss":0.6949907171726227,"auc":0.9203926744761591,"_runtime":17.1157704,"no_tumor_train":1276,"specificity":0.7711598745839762,"_wandb":{"runtime":24},"val_accuracy":88.1316098707403,"train_samples_used":3191,"sensitivity":0.9473684210348239,"_timestamp":1.749822203953864e+09,"val_probs_labels":{"ncols":2,"nrows":851,"_type":"table-file","sha256":"700f9b98a66f98f89fd129234071812fbd721b0faa0885c544256d6f69c092da","size":21686,"artifact_path":"wandb-client-artifact://onjts1ecqkgo67xhmshaevsdi6iltlbqqf7703zg1f5htxdc5pf2lxjhwq8rc87ifm0mxcz0pg3ew06cwoisgewznxcnm24cx5f2pvy2tepq9vd84nkpmaayhph0nfik/val_probs_labels.table.json","_latest_artifact_path":"wandb-client-artifact://hpp7bpx3wnekjn861nkh20b98kn88pey5ckbv1j80wf0varkllfjbct74p2bjagm8enb97mg25ng99jy9igu0qtqecnacmhc15pzbqhhvdsisllxa1aphyql9qyvfn49:latest/val_probs_labels.table.json","path":"media/table/val_probs_labels_0_700f9b98a66f98f89fd1.table.json"},"val_loss":0.3827447635786874,"tumor_train":1915}