{"_runtime":304.97179899,"_step":22,"_wandb":{"runtime":314},"epoch":23,"train_loss":1.0945356289545696,"val_loss":1.0968378611973353,"_timestamp":1.7473397726492925e+09}