{"test_sensitivity":0.9092409240774052,"test_auc":0.982300452267449,"test_accuracy":93.57072205736894,"_runtime":344.508264111,"train_percent_used":0.8,"auc":0.9890584938286328,"train_loss":0.045229751066389406,"test_total":1011,"test_incorrect":65,"train_samples_used":2723,"epoch":21,"_timestamp":1.7497841995664308e+09,"test_correct":946,"val_probs_labels":{"artifact_path":"wandb-client-artifact://582n9ufnr1hnob0ctqwilekz6e1ug49leii5m1xasnwxojdfz70yl1g2xw306ce2fm49ay6wm0wv7mlwclsmyuqxkqe6bgwjvs08lwupg9zzjc354bip1nu22npi5xog/val_probs_labels.table.json","_latest_artifact_path":"wandb-client-artifact://2s0bn87jxoqp6321xwq7ukj565nq9k6ksa4vnahx6qyq2ylbphlubh00ozwqgib4dwp9p3akay0o1ms0q9be5w46i8a2416a8zw0tatyjy7bueei6e48cty7id8m09nr:latest/val_probs_labels.table.json","path":"media/table/val_probs_labels_20_ed2491d171c3725bffa3.table.json","ncols":2,"nrows":851,"_type":"table-file","sha256":"ed2491d171c3725bffa3c6eb203acfeb2438cf5079ac144b76623deede0e631b","size":22078},"specificity":0.9451612902920915,"_step":21,"sensitivity":0.9759704251205921,"val_accuracy":96.4747356051704,"val_loss":0.15578073263168335,"test_specificity":0.9753086419512269,"_wandb":{"runtime":344}}