{"val_loss":0.09749060035683214,"test_sensitivity":0.955445544538689,"_timestamp":1.749354690450638e+09,"_step":33,"epoch":33,"sensitivity":0.9778200253423459,"test_incorrect":36,"_wandb":{"runtime":1273},"auc":0.9956143771733126,"val_accuracy":97.41480611045829,"test_total":1011,"test_auc":0.9927026035936928,"val_probs_labels":{"path":"media/table/val_probs_labels_32_81596bf9c08f8c691b67.table.json","ncols":2,"nrows":2553,"_type":"table-file","sha256":"81596bf9c08f8c691b67c62ba8f32c923ab251f1a7b27741120d74a67ccd3804","size":64745,"artifact_path":"wandb-client-artifact://kcw0oc0rwfqbv35376inzo8u80df38jacfw946o8n772uobv432v51ydznuu6jpioyatmk6zckk6coo2vccbhtkl1uf8f6bq7c7kpdkgspo3qazevlah4ajwus4mx2t2/val_probs_labels.table.json","_latest_artifact_path":"wandb-client-artifact://w27mxz2dnpvoqy3rgf2pwvsde6tuei39zhbwd7z7u33espxaqsonz9gw175tzqdxenzgwp525s02h1mt4jdcxibtotktfdsatwrva6nhr9aeozus7eehaageg43av44u:latest/val_probs_labels.table.json"},"train_loss":0.020023823490191717,"_runtime":1273.790232623,"train_samples_used":4084,"specificity":0.9682051281951979,"test_correct":975,"test_accuracy":96.43916913946587,"train_percent_used":0.4,"test_specificity":0.9777777777536351}