{"specificity":0.9517948717851098,"val_loss":0.1629977447912097,"val_accuracy":96.94477085781433,"_step":42,"train_samples_used":2042,"_timestamp":1.7493569809155762e+09,"train_loss":0.0398220483912155,"_runtime":996.103613166,"test_specificity":0.9703703703464106,"test_accuracy":95.84569732937686,"test_total":1011,"test_sensitivity":0.9504950494892658,"_wandb":{"runtime":996},"train_percent_used":0.2,"test_auc":0.9870553722038872,"test_incorrect":42,"sensitivity":0.9803548795882108,"test_correct":969,"epoch":42,"auc":0.9884127912645023,"val_probs_labels":{"ncols":2,"nrows":2553,"_type":"table-file","sha256":"567872b937810c63fce5f1f7168c8a97886b3aad19ca95820f7e56895774daa1","size":62042,"artifact_path":"wandb-client-artifact://vs9ecf9d80cepjmd2uz2h7rv7yxg89ry321c6kpgb9xiub98h1ro1v2aq0gusip1qhkim5lqj1dp5oibqwf4s1x469qvzk1p8gh2kt9qr6ewe9fepeqox95xlfviir66/val_probs_labels.table.json","_latest_artifact_path":"wandb-client-artifact://gs45wa2i1xj2gjzyp3aispybla9a4p9nvtuiobdoanc1ojsdm5hwd49xcy2z1dq4myagenhr4st32vpj6n6mgcgjxvfxezvqzfv7d54qeg8o4rd4f4hfls0l5kb3mkxj:latest/val_probs_labels.table.json","path":"media/table/val_probs_labels_41_567872b937810c63fce5.table.json"}}