{"_step":9,"epoch":10,"train_loss":0.07613409158695385,"val_loss":0.39930019893304064,"_timestamp":1.7472253696252577e+09,"_runtime":464.017253148,"_wandb":{"runtime":464}}