{"val_loss":0.23567811719008855,"specificity":0.89354838706795,"test_total":1011,"test_incorrect":102,"auc":0.9809999403732634,"_timestamp":1.7497778018193426e+09,"_step":30,"val_probs_labels":{"size":21936,"artifact_path":"wandb-client-artifact://1y5nkqfte9pwpdfyq96pfgx9hzgbwmcqjnaodfi241fzj2k5mc661vkw8o0q4hu5wcmqflafq66rwgpxv8qoen3o75brjh3r6kutciu3k33qez7bsy80suofubkiguf5/val_probs_labels.table.json","_latest_artifact_path":"wandb-client-artifact://6k9ad2ryemqsg5gtckodlzv1e4acx6i9aqbqqgzp5b8hvkp003nk29p9f2nwx71xt4ncbur5u56tuk7cj4a6mbavdm93hj65af8soc46wpehg39mbh1jzr90cilovxru:latest/val_probs_labels.table.json","path":"media/table/val_probs_labels_29_6e0e1ffe1ceeb4387180.table.json","ncols":2,"nrows":851,"_type":"table-file","sha256":"6e0e1ffe1ceeb4387180bdd0d58c3581d6fdddf7e37e35bb2d20de7f4e7a25e4"},"epoch":30,"train_samples_used":1021,"train_percent_used":0.3,"test_correct":909,"test_auc":0.9563174836002117,"test_sensitivity":0.9092409240774052,"val_accuracy":94.12455934195064,"_runtime":261.646140897,"train_loss":0.04721214866731316,"sensitivity":0.9685767097787694,"_wandb":{"runtime":261},"test_accuracy":89.91097922848664,"test_specificity":0.8839506172621246}