{"auc":0.994967827091239,"tumor_train":851,"test_sensitivity":0.9224422442092006,"train_loss":0.02890667554867618,"no_tumor_train":1276,"test_specificity":0.9703703703464106,"_step":27,"val_probs_labels":{"_type":"table-file","sha256":"a84269e3c640ea3a6e291d92b4c2f59109420bdab9db5bedf47a7b1c786e00f8","size":21897,"artifact_path":"wandb-client-artifact://587zau3vhsmaknsbypwsg4sh4zuwv36b18p42obmek7gorxvoakc9xlvxvr96yt4964af6q8anqw8m8p6lbt8m6dlzc6dtz0sz8ymgrvjqvmlb1idyncg4fvvsi2mb03/val_probs_labels.table.json","_latest_artifact_path":"wandb-client-artifact://nenxs1jk2j6bmznu5gp99ezy8vua5apowdgg2tkb6s53qsq6onmuv1xpgjczfz6fjfu6j08doihwjdh0gsfn3jhru411yeh4671ie74u8mxw5yht14kev4bgcmwd97zn:latest/val_probs_labels.table.json","path":"media/table/val_probs_labels_26_a84269e3c640ea3a6e29.table.json","ncols":2,"nrows":851},"_runtime":330.764073128,"test_incorrect":59,"test_correct":952,"test_total":1011,"test_auc":0.9832457319806055,"test_accuracy":94.16419386745795,"specificity":0.9749216300634821,"train_samples_used":2127,"sensitivity":0.9718045112599285,"epoch":27,"_timestamp":1.750439326902915e+09,"val_accuracy":97.2972972972973,"val_loss":0.10345254199845451,"_wandb":{"runtime":330}}