{"_wandb":{"runtime":2385},"test_specificity":0.9925925925680841,"auc":0.9953452926456728,"sensitivity":0.9803548795882108,"test_total":1011,"train_percent_used":0.7,"epoch":31,"train_loss":0.047676628921180964,"test_incorrect":33,"val_accuracy":97.84567175871524,"test_accuracy":96.73590504451039,"_timestamp":1.749331905105299e+09,"_runtime":2385.064732968,"val_probs_labels":{"sha256":"d7f36e6b1f9389dbb5e9739472d80e96c2ba2186717c0bcb7955575b3a9f24ce","size":66550,"artifact_path":"wandb-client-artifact://gmu5g4ta9qyt0lozl2t49tjs3bol77gx02hraf77qz2b3i8rfuz3k2r97jltdhe0igjmwyx9eglthnjjb9zvp7kzjrcxqtergn9k9n1foqqqy81eff8ynf2lpek3rhyd/val_probs_labels.table.json","_latest_artifact_path":"wandb-client-artifact://4wv9b5xu51lc2ws2mx4nbzqd7sidgoyya4pua7yvuvql8r13gm8cnwcttbq8fnhcxmcbs24fr6bao37hfwzqvvnc7cul7svconxybpc8by5tc3unvpdd66imf081ucb1:latest/val_probs_labels.table.json","path":"media/table/val_probs_labels_30_d7f36e6b1f9389dbb5e9.table.json","ncols":2,"nrows":2553,"_type":"table-file"},"_step":31,"test_auc":0.9962922218147741,"test_sensitivity":0.9504950494892658,"train_samples_used":7148,"specificity":0.9753846153746114,"test_correct":978,"val_loss":0.08915318953804671}