{"_timestamp":1.7481024109613452e+09,"val_loss":0.23145943712306155,"train_loss":0.04599865138584562,"epoch":32,"val_total":532,"train_samples_used":2128,"val_correct":500,"val_accuracy":93.98496240601504,"checkpoint_path":"Checkpoints/Hyperparametersuch-Gli-Men/sage-sweep-9/checkpoint_epoch_030.pt","_runtime":296.33909307,"specificity":0.9520295202600727,"val_probs_labels":{"nrows":532,"_type":"table-file","sha256":"8c868c8ca1b5d1c6b8b0468cfd0825674f0c945b83a1c4ee3a59f56b7ba120d4","size":13682,"artifact_path":"wandb-client-artifact://e8n3vdxm7mmhzh6uvtnweh3x9ghfs27f8j2ra1n9530pz52x9kgxa4mvnknnttmrvco6160a1jpam4uf4i8d0hubf21ak2dgnzhjjyk8mlw4hyj8lvvra1d8xtjdpr8u/val_probs_labels.table.json","_latest_artifact_path":"wandb-client-artifact://6fre124954yula0gd960d31g4qxd0ddxyezhhzp2v8tdbeqv5vvtq2jfx2roz5gpbw4jbzf64evl6wutdblheqv8nphju0jre6fvdqaq5r8ibejwxd0u7qbnvff09lw9:latest/val_probs_labels.table.json","path":"media/table/val_probs_labels_34_8c868c8ca1b5d1c6b8b0.table.json","ncols":2},"_step":34,"_wandb":{"runtime":296},"sensitivity":0.9272030650985745,"auc":0.9793584142737979,"val_incorrect":32}