{"_step":4,"_wandb":{"runtime":233},"epoch":5,"train_loss":0.1892620888079556,"val_loss":0.30916116462537535,"_timestamp":1.7472262760810876e+09,"_runtime":233.080301326}