{"_timestamp":1.7498140067751448e+09,"test_total":1011,"_runtime":259.82882147,"test_incorrect":65,"auc":0.9883548983364141,"train_loss":0.044447388626973734,"val_accuracy":96.59224441833138,"val_probs_labels":{"path":"media/table/val_probs_labels_20_7b662fa8dcc7ab8d3304.table.json","ncols":2,"nrows":851,"_type":"table-file","sha256":"7b662fa8dcc7ab8d3304ad813c75b923b774f5f43b78d81c0d59741261a7ed48","size":22079,"artifact_path":"wandb-client-artifact://uy9u1una939mr0oewcjjnvjhq356itwb2tmafbycypyjtnegt8xgjsnx3j1sr97kyx9zjrotdx53wljs9smapr6t6fx3npj419uj7ou90gy0idaqiq23bo511e39v83u/val_probs_labels.table.json","_latest_artifact_path":"wandb-client-artifact://6gm9g1r3dzaqzjy1qr9cmrlfll79h83ov6j10e0wo7swdq5qvxtd3ntab09fkbi9ubzjlg37qghb3z3j2f585kdof7n7rxbbgrat8ebsnh1ox2yfvrvyq3ais47ziahm:latest/val_probs_labels.table.json"},"test_specificity":0.9654320987415943,"epoch":21,"test_sensitivity":0.915841584143303,"specificity":0.9516129031951093,"val_loss":0.16154422078813827,"train_percent_used":0.8,"test_accuracy":93.57072205736894,"_step":21,"train_samples_used":2723,"test_correct":946,"sensitivity":0.9741219962851364,"test_auc":0.9821211750804709,"_wandb":{"runtime":259}}