{"val_loss":0.12251531518995762,"_runtime":353.584311347,"train_loss":0.05059960301689528,"val_accuracy":96.82726204465335,"val_incorrect":27,"val_probs_labels":{"_type":"table-file","sha256":"aa290b62e4ea48560d99dc8e292f73b9c772b5b4d875fb034856370ef43b56d2","size":22071,"artifact_path":"wandb-client-artifact://aduwhkymxyfmf7z5i0br2tc9ddejws2cv8n06t6sy0kt2qeg2oipg5f7uytbpdhm2eay24xb8qnphui12t454slk8pa4mdpncycqcqyuvij6iud98odib95ykrjd1upm/val_probs_labels.table.json","_latest_artifact_path":"wandb-client-artifact://pivhiwl4rjnv61uybipng05ldu8u0d8e774oesnw1a566zrtd6ixhng0dfqhxqwlct8ec7i04pxf2i6pvd9kxhdrpa40bk49xlzzhdijh7w6582hajhn7z29c1a9sjgc:latest/val_probs_labels.table.json","path":"media/table/val_probs_labels_35_aa290b62e4ea48560d99.table.json","ncols":2,"nrows":851},"epoch":25,"checkpoint_path":"Checkpoints/Messungen-noTu-Tu/trainsample_3404/checkpoint_epoch_020.pt","best_model_path":"Checkpoints/Messungen-noTu-Tu/trainsample_3404/best_model.pt","_wandb":{"runtime":353},"val_correct":824,"_timestamp":1.7485514797798023e+09,"specificity":0.9548387096466181,"val_total":851,"auc":0.9905968636336534,"train_samples_used":3404,"_step":35,"sensitivity":0.9759704251205921}