{"train_loss":0.044174530703458004,"test_auc":0.9965896589658966,"test_total":1011,"val_loss":0.07029334073886276,"val_probs_labels":{"size":64191,"artifact_path":"wandb-client-artifact://zfax5tx85y77bktuggipi68r2uk7dfl85xdk1glf2du9xvzanbxohxy5jqhwyn9ded1xgg7yd5r5xkoa6pewkiwf0g8c335p57pv37w7urk4v9wyr8royxaheg5fi0ly/val_probs_labels.table.json","_latest_artifact_path":"wandb-client-artifact://ns3mkbru6hqmcyrzxap3s4gs78x0uhjh7j289b6302gdf05t2ih5h0yo91mm10rtu777e96sgo8hgi9w1st0kl88ozdnd0f8vbs06dfzp3t1xdagfyw1md0f6rb9gznn:latest/val_probs_labels.table.json","path":"media/table/val_probs_labels_31_d4e19f286cece5b6ef7e.table.json","ncols":2,"nrows":2553,"_type":"table-file","sha256":"d4e19f286cece5b6ef7e8fe3c361455bfcd7b188d74bc9c52e1b08bb8dbc84c8"},"test_incorrect":21,"_runtime":2286.309514567,"test_correct":990,"test_accuracy":97.92284866468842,"_step":32,"sensitivity":0.9898605830102037,"_wandb":{"runtime":2286},"specificity":0.9702564102464589,"test_specificity":0.9876543209632678,"train_samples_used":6127,"val_accuracy":98.2373678025852,"test_sensitivity":0.9735973597199076,"train_percent_used":0.6,"auc":0.9970566442429561,"epoch":32,"_timestamp":1.7494820546305158e+09}