{"val_accuracy":89.66165413533834,"auc":0.958589585895859,"val_probs_labels":{"sha256":"f37d0df44875cbb2bea17082730aedfdf1eb98e24e47e87ad0e4da0381331803","size":13514,"artifact_path":"wandb-client-artifact://2km0on9lg60awe6xf5s8f279csk8eovhkutsawzqm9yialq49z1fuzjb66r7y4cf91vsk4r9052tmnhd05fvcgq9grffau2q0dmz366128tp6pmwjj40l4ozecy1mjpu/val_probs_labels.table.json","_latest_artifact_path":"wandb-client-artifact://i1kkaouxpn7uejaijaaxkicu03mp0y1uo92fmd2j24r1we7cihcpdk1bnuif9oa6ffjlhz3c5nb7n63ygemde3y246zaqg2z26m8dpuc2lre1wzuhlyfszhoepvlpixd:latest/val_probs_labels.table.json","path":"media/table/val_probs_labels_71_f37d0df44875cbb2bea1.table.json","ncols":2,"nrows":532,"_type":"table-file"},"_timestamp":1.7481208014538667e+09,"specificity":0.8671586715547174,"_runtime":628.966820689,"_step":71,"val_loss":0.3397991359233856,"sensitivity":0.9272030650985745,"train_samples_used":2128,"val_total":532,"train_loss":0.09307634600383394,"_wandb":{"runtime":628},"epoch":66,"checkpoint_path":"Checkpoints/Hyperparametersuch-Gli-Men/feasible-sweep-66/checkpoint_epoch_060.pt","val_incorrect":55,"val_correct":477}