{"_runtime":465.61565687,"_step":9,"epoch":10,"_wandb":{"runtime":465},"train_loss":0.10341485373014322,"val_loss":0.3316103149619367,"_timestamp":1.7472287923323832e+09}