{"_step":20,"train_samples_used":2128,"val_total":532,"val_correct":469,"checkpoint_path":"Checkpoints/Hyperparametersuch-Gli-Men/deft-sweep-44/checkpoint_epoch_010.pt","val_probs_labels":{"artifact_path":"wandb-client-artifact://0zpv0y6zollds2ymn5gs9oeoiotwqf0uz1xrh6keukf0dii7uqhytedocebtnfawzisnh0vbt1p3cx077u30bep9xi6ftcgwfnvc17wd8rm5wh36qespd9dwtoc5naos/val_probs_labels.table.json","_latest_artifact_path":"wandb-client-artifact://32q0v09fd8ukz05kteu13g6rot52acg71wtzknj8xsd36s4lhfa8qq26d0fr738fm9b85sbcn8u55wzbdgk955dm9l5dsebi4u6dak0lhz9yh2bgnvimmfnpvfyyeq9u:latest/val_probs_labels.table.json","path":"media/table/val_probs_labels_20_50c963cecce6ebc7dd30.table.json","ncols":2,"nrows":532,"_type":"table-file","sha256":"50c963cecce6ebc7dd305d30c4f44f3db25dfc82d0e1d63c6e73677c3bfa0e59","size":12799},"auc":0.9683024416451061,"val_accuracy":88.1578947368421,"sensitivity":0.9693486589666916,"_timestamp":1.748112447863891e+09,"val_incorrect":63,"specificity":0.7970479704502934,"train_loss":0.05130959133124118,"_runtime":190.017228283,"epoch":20,"_wandb":{"runtime":190},"val_loss":0.509833229596124}