{"_runtime":580.377601925,"_wandb":{"runtime":580},"val_accuracy":97.76733254994124,"test_specificity":0.9753086419512269,"test_correct":964,"auc":0.9953567303839537,"val_probs_labels":{"_type":"table-file","sha256":"f5ed28ea29515f0f25528de80eda4379f63445d4aa9c49f2c634b8cfafcbbe1b","size":22186,"artifact_path":"wandb-client-artifact://p4ms151qx6oi3b489lggjd161a149r3jhse31qy5l1t0hxd5q0hivzaqjuso0rhdzw2cv8heqprkquuk1981x5kzsl8dyev5u4m72g7pa1b6e4bxyb1p1jdxjbya2jbw/val_probs_labels.table.json","_latest_artifact_path":"wandb-client-artifact://1j1njjz9j3oz19txgcmy2ni68kb3e5ftgviuw4d27iwpfivez3vhhwii47e8agdft2i1dzt8kynfglyd150dheuvoks3765hi947p5l8l7qi9iw6ofkoq74y7cb92w9y:latest/val_probs_labels.table.json","path":"media/table/val_probs_labels_40_f5ed28ea29515f0f2552.table.json","ncols":2,"nrows":851},"test_auc":0.9821537709326488,"epoch":41,"tumor_train":1064,"test_accuracy":95.35113748763601,"train_loss":0.03460519449589284,"test_sensitivity":0.9389438943739448,"val_loss":0.10646324807644955,"no_tumor_train":1276,"test_incorrect":47,"train_samples_used":2340,"test_total":1011,"_step":41,"specificity":0.9843260187779208,"_timestamp":1.7498581836423333e+09,"sensitivity":0.9736842105080135}