{"_runtime":313.362794379,"val_accuracy":96.59224441833138,"no_tumor_train":1276,"train_loss":0.05289729237556458,"specificity":0.9968652037305058,"epoch":26,"val_loss":0.19411510548421315,"tumor_train":638,"test_auc":0.9687528012060465,"val_probs_labels":{"path":"media/table/val_probs_labels_25_352b1867ee80c779a988.table.json","ncols":2,"nrows":851,"_type":"table-file","sha256":"352b1867ee80c779a98842ac0380c8852e79bb6cfc34b162ca420bc4ca4b22d1","size":22290,"artifact_path":"wandb-client-artifact://dycp3f3pwlcfcs65l7ivpcb5dj6piikqqd2rnjshipv0q7g56tzbxfp4rhu6wdve6wdlrou1ll1s0vqtj0eq0jphz9qo09g0fdx5cwef79lsh4y8aoh9mw15ruskwinr/val_probs_labels.table.json","_latest_artifact_path":"wandb-client-artifact://gtsctevn544pnrvcrvgh97rla61athsm0lymclq876lpuufvdjwnn3o7wiuxdsdwnvtgbtphh1fspbgeuuc2m99z6lcagj2bd841k27gkqo2rqay7girut16bopmq3ad:latest/val_probs_labels.table.json"},"test_accuracy":91.79030662710188,"test_total":1011,"_step":26,"test_specificity":0.9654320987415943,"auc":0.9942901925660546,"test_correct":928,"sensitivity":0.9473684210348239,"_wandb":{"runtime":313},"train_samples_used":1914,"test_sensitivity":0.8861386138467634,"_timestamp":1.749840557097885e+09,"test_incorrect":83}