{"specificity":0.9905956112542132,"epoch":27,"train_samples_used":3191,"sensitivity":0.9793233082522683,"val_loss":0.08585844168971692,"train_loss":0.029967616349458694,"_timestamp":1.7504508296251097e+09,"_wandb":{"runtime":495},"no_tumor_train":1276,"test_auc":0.9910116937619687,"tumor_train":1915,"test_total":1011,"auc":0.9964468380983807,"test_accuracy":95.94460929772502,"_runtime":495.859532137,"test_specificity":0.9925925925680841,"val_probs_labels":{"size":21952,"artifact_path":"wandb-client-artifact://yn7nshpoq9kzi8ciri2oovev1ssciejic4t390iw2yi60w8eautaa26nnwuto87pp4oocoo4zh4ofexpa3bdy3av7ijr05vv36jdj1znhtu98i9krizghcklj3r68uwz/val_probs_labels.table.json","_latest_artifact_path":"wandb-client-artifact://mvjj5ii92zxj9emyoptucu56xlx3xd095c5xo855gott2vv8p67dgaxtoawee4ep53839pzk7tqootttz9y991z3tc7cvpivzqzt80ynpktt85a1jl3cfs62eld664fn:latest/val_probs_labels.table.json","path":"media/table/val_probs_labels_26_423a95b28559c08aab45.table.json","ncols":2,"nrows":851,"_type":"table-file","sha256":"423a95b28559c08aab45aacf0dddd6ea6adf31861152171df528c6ba4d66414e"},"test_sensitivity":0.9372937293574704,"val_accuracy":98.35487661574618,"test_correct":970,"_step":27,"test_incorrect":41}