{"sensitivity":0.9722735674496807,"_timestamp":1.7480416352462518e+09,"_runtime":308.154423381,"train_samples_used":3404,"auc":0.9929819330988015,"val_total":851,"val_loss":0.2160244760191374,"val_correct":828,"val_probs_labels":{"ncols":2,"nrows":851,"_type":"table-file","sha256":"a4d008f88cd556905ee72eabe4f2d760022d06ed2d560db8aae337bbaf6a346b","size":20405,"artifact_path":"wandb-client-artifact://hu4106azmwmd7qa57i0rgypxsnxfrjwbn6kv2pchugfyjdweedr6g2jz29jc38hmgsjjmi7nxbqg8nhb3f7r4ai5p0hfevkvulwaa6u77l2hihub2q6av7nzmz8ryjmm/val_probs_labels.table.json","_latest_artifact_path":"wandb-client-artifact://pfzgofg6d2489bg2d8r2o4wu278mixbsfz9bd90zjr0mdwfe66w1bde1oqff6h7qwxutazkx4tf0prt9rfy1en0uhzjbqtvs9q57nqnx84lhtcqe9on3ja9jtew5h3fj:latest/val_probs_labels.table.json","path":"media/table/val_probs_labels_23_a4d008f88cd556905ee7.table.json"},"val_accuracy":97.2972972972973,"val_incorrect":23,"specificity":0.9741935483556712,"_wandb":{"runtime":308},"epoch":22,"_step":23,"checkpoint_path":"Checkpoints/Hyperparametersuch-noTu-T/celestial-sweep-32/checkpoint_epoch_020.pt","train_loss":0.010403619371037362}