{"specificity":0.935483870937565,"sensitivity":0.9685767097787694,"epoch":29,"checkpoint_path":"Checkpoints/Messung-noTu-Tu/trainsample_1362/checkpoint_epoch_020.pt","auc":0.9846043766024686,"train_loss":0.044766673987562004,"_step":41,"best_model_path":"Checkpoints/Messung-noTu-Tu/trainsample_1362/best_model.pt","val_accuracy":95.65217391304348,"_timestamp":1.7484662358185728e+09,"_runtime":207.918247211,"_wandb":{"runtime":207},"val_loss":0.1874196156859398,"val_correct":814,"val_total":851,"train_samples_used":1362,"val_probs_labels":{"artifact_path":"wandb-client-artifact://cqpoduwshmzcdvygepeyouchn9ewaj3bedqkmutb169p57nvt32gqbx9pfspq5nckg3ez28rnlyq6k6pa0ncqyfdrqbso4p46kyo0eyjkbag46uchzgi4fmqz8spws9d/val_probs_labels.table.json","_latest_artifact_path":"wandb-client-artifact://5dwpfd99601ikc0dfcnbsi14umfgb8cmfn2156egpyqzxe2enjajlgk38my9w9605x9rqubxuzvisfc0m0r56ld1fael4b302ea5tjjz01mc3519k2adbde961i3c33p:latest/val_probs_labels.table.json","path":"media/table/val_probs_labels_41_b1755f74f52b44eea5d9.table.json","ncols":2,"nrows":851,"_type":"table-file","sha256":"b1755f74f52b44eea5d9ea7b160da2c00cc27bed3b01ebddb2e943bf54663a50","size":21963},"val_incorrect":37}