{"best_model_path":"Checkpoints/Messungen-noTu-Tu/trainsample_2042/best_model.pt","train_samples_used":2042,"specificity":0.9548387096466181,"val_probs_labels":{"_latest_artifact_path":"wandb-client-artifact://vj4fdknqhvepdtlgzjbay0ihq86bpe5uvxddrash167zyepmd2sq1pdz6pro9g8wkye4otp8mml6s6drvg3ujnt137bdfvq529iepbwiie6099enmjxhix1qsxq0m11b:latest/val_probs_labels.table.json","path":"media/table/val_probs_labels_42_e8cac611fd7a86115387.table.json","ncols":2,"nrows":851,"_type":"table-file","sha256":"e8cac611fd7a861153877dc81c84f6069c5f5e0aaf3dbaa33d1ef181e1b621ab","size":21649,"artifact_path":"wandb-client-artifact://aiw10cx3aa965mmevnkw15yk07upetgiv2mba6xlglm7dtkt1w5g08y41biazv00jaqjflrfwn08lazl5roo2tjqfuroyc07m03641h8v55cbrmxji0ocz17pqbdo89u/val_probs_labels.table.json"},"epoch":29,"train_loss":0.033858421607874334,"sensitivity":0.9796672827915034,"_timestamp":1.7486454632133548e+09,"val_correct":826,"_wandb":{"runtime":267},"val_loss":0.15636299710188592,"val_accuracy":97.06227967097533,"auc":0.9902033271719038,"val_incorrect":25,"_runtime":267.74541771,"_step":42,"checkpoint_path":"Checkpoints/Messungen-noTu-Tu/trainsample_2042/checkpoint_epoch_020.pt","val_total":851}