{"_wandb":{"runtime":570},"checkpoint_path":"Checkpoints/Hyperparametersuch-noTu-T/likely-sweep-82/checkpoint_epoch_040.pt","train_loss":0.06852879595977289,"train_samples_used":3404,"_step":45,"specificity":0.9677419354526534,"_runtime":570.637545491,"epoch":42,"val_incorrect":32,"val_accuracy":96.23971797884842,"auc":0.9930892612247332,"sensitivity":0.959334565601491,"val_probs_labels":{"sha256":"a1867f943eb4f90b90432591ebeefed623f1176a023152aa767c55e1a2a625f8","size":22167,"artifact_path":"wandb-client-artifact://6spxwuzndytk7l4ipo11a9qajgblcw4vwj9vgvgvfkdv6pdsjnrry5a4ts7t6boy9p5o7ay188ilavbu31vlwky9o6l5e9e2f9iiclhxloj4gt7cbl7hfz81umst0pbi/val_probs_labels.table.json","_latest_artifact_path":"wandb-client-artifact://cws70uce8ll5hozbmoznl9wqzks6o4aswqe9abj3w2nmto9ia8jmod0pa5x5cl40rswy2l44yyntg8qcw8r349d6vpjbboghye5io1bx6g5s9hvbass5usvycqjq5pk8:latest/val_probs_labels.table.json","path":"media/table/val_probs_labels_45_a1867f943eb4f90b9043.table.json","ncols":2,"nrows":851,"_type":"table-file"},"val_correct":819,"val_loss":0.14775007697088377,"val_total":851,"_timestamp":1.7480855821116695e+09}