{"val_probs_labels":{"_type":"table-file","sha256":"296a80918cffeaed78a29f8ab72021d0c9b51c9574a6b48584d48bc6aa31b8d9","size":21990,"artifact_path":"wandb-client-artifact://twqixt6eo1eyibbmll0t0y95t81l25wzxfcxiyhb91tee9yee9d4dcv8lna8yrxka3vxwcm4jltphpa94dc7eaz3v2s8f9dep61sj93jqql0jcl814uw8zszc38ckrb7/val_probs_labels.table.json","_latest_artifact_path":"wandb-client-artifact://k2j3o6wurn8boa22q17ig1yz3ythcch7gjer1mxrls4txrkdc3783rojwjiyfhq574hyvuy1u0ym4y55ov1wqg50udr0dl2je0guz7rhe6suks4xmhidfmeqxwctolw4:latest/val_probs_labels.table.json","path":"media/table/val_probs_labels_39_296a80918cffeaed78a2.table.json","ncols":2,"nrows":851},"val_incorrect":39,"train_samples_used":1362,"val_correct":812,"_runtime":199.357315359,"checkpoint_path":"Checkpoints/Messungen-noTu-Tu/trainsample_1362/checkpoint_epoch_020.pt","_step":39,"_timestamp":1.748553303105954e+09,"train_loss":0.04851512424647808,"epoch":28,"sensitivity":0.9704251386142251,"specificity":0.9258064515830384,"val_accuracy":95.41715628672151,"val_total":851,"_wandb":{"runtime":199},"auc":0.9851648679267783,"val_loss":0.19184860906430654,"best_model_path":"Checkpoints/Messungen-noTu-Tu/trainsample_1362/best_model.pt"}