{"test_auc":0.9704274131116816,"tumor_train":638,"val_probs_labels":{"ncols":2,"nrows":851,"_type":"table-file","sha256":"c36aafaa510d9253421b89d0eea93b22b3113a8100494243f968cb90579b6664","size":22173,"artifact_path":"wandb-client-artifact://n1l1v3kfno5w8gixnxtmfuqlu4wii3llnwjq3ilm9v2axmh58v00gzg3oq5yn0egicrve53qykqsiv83zer9ud77b4b6zdrzdwbb6psu9m5rfvbfcshnqye3c72e1i58/val_probs_labels.table.json","_latest_artifact_path":"wandb-client-artifact://9bsbb78dqnmwdwdnz2m0t8n7q0ly02ys5y4kmudbwz4gaovgskppl8url6mmo3hs2u4w9i24vbjlo6j5r0t3dgk0zyo2iqgzwol2lv9jzkk6a6tldcb6me2zknf3wyvt:latest/val_probs_labels.table.json","path":"media/table/val_probs_labels_27_c36aafaa510d9253421b.table.json"},"_timestamp":1.7504492126741872e+09,"test_incorrect":85,"test_total":1011,"_step":28,"train_loss":0.06430045639475186,"train_samples_used":1914,"test_specificity":0.9604938271367779,"test_sensitivity":0.8861386138467634,"epoch":28,"val_accuracy":96.82726204465335,"test_correct":926,"_runtime":336.41123851,"_wandb":{"runtime":336},"specificity":0.9874608150160671,"test_accuracy":91.59248269040555,"auc":0.9929702783604779,"sensitivity":0.9567669172752488,"no_tumor_train":1276,"val_loss":0.17466827588421957}