{"test_auc":0.9670741148188893,"val_loss":0.18132361290710314,"val_probs_labels":{"_type":"table-file","sha256":"e03da77be401ae84768eb43933822889a572cc2d9ccbb41ad6382075d67ac5e7","size":22178,"artifact_path":"wandb-client-artifact://j5maemb5lkj2kr0fmwyhtgv6xpnw34v1agn8axz7405e42vnst7q6bcj5gz6nypmrmzt44omanzpd3igkoluymkvzjhma3209e1wpbxjbytggja5ax4uto9gii76z8q3/val_probs_labels.table.json","_latest_artifact_path":"wandb-client-artifact://drmchwjfcnmpfgz2m67y5vdk51uvns6wpypzdslf1t7978p3yjwyd2jxl4eimph7qw3v4c7m8mk8w2n4boidnzhbfj328dj31uv4jn6yydx7ic8uvsovvz8ac62g63ln:latest/val_probs_labels.table.json","path":"media/table/val_probs_labels_33_e03da77be401ae84768e.table.json","ncols":2,"nrows":851},"_step":34,"tumor_train":638,"test_total":1011,"_timestamp":1.7498308967120066e+09,"test_specificity":0.9604938271367779,"train_loss":0.07043235835929712,"specificity":0.9874608150160671,"_runtime":410.664828745,"epoch":34,"sensitivity":0.9605263157714187,"test_correct":924,"test_incorrect":87,"test_sensitivity":0.8828382838138146,"auc":0.9904129445871733,"no_tumor_train":1276,"_wandb":{"runtime":410},"val_accuracy":97.06227967097533,"train_samples_used":1914,"test_accuracy":91.3946587537092}