{"test_accuracy":97.03264094955489,"test_total":1011,"_wandb":{"runtime":793},"_runtime":793.270410276,"test_auc":0.9944505561667278,"auc":0.996028472435006,"val_probs_labels":{"_latest_artifact_path":"wandb-client-artifact://qagxtp17r9c1wfsr9te8ulch6t8usdtt7qgscv1rz4m03d1sx35cf9z4fst0yfges8pm3o4iapn3rnxzljf1ewrrq335veie71l8a7l0c0ebenpxyau980zf68q1xpi3:latest/val_probs_labels.table.json","path":"media/table/val_probs_labels_42_d7622ee5d50d7015b0ba.table.json","ncols":2,"nrows":851,"_type":"table-file","sha256":"d7622ee5d50d7015b0ba87c6419003953861eac2265b585830120e263ce34ff7","size":22212,"artifact_path":"wandb-client-artifact://ui9gpeomup1iiv595d1gbagrjzuwzd4g843cge6smonyqlmsc3yl2eooh6i3oq3fcgr3voiz7xvg6m81urf8areq4blcs11iqw31uo585jwmms3k86hgaley6h9fg4xg/val_probs_labels.table.json"},"specificity":0.9874608150160671,"sensitivity":0.9812030075003533,"_step":43,"no_tumor_train":1276,"epoch":43,"val_loss":0.07805954558508736,"val_accuracy":98.35487661574618,"train_loss":0.03701222170144319,"_timestamp":1.7498661021681237e+09,"test_correct":981,"test_sensitivity":0.9587458745716378,"train_samples_used":3191,"test_specificity":0.9876543209632678,"test_incorrect":30,"tumor_train":1915}