{"val_incorrect":43,"train_samples_used":2128,"val_correct":489,"_timestamp":1.7481067666647131e+09,"val_accuracy":91.9172932330827,"val_total":532,"train_loss":0.05417238552568119,"checkpoint_path":"Checkpoints/Hyperparametersuch-Gli-Men/efficient-sweep-27/checkpoint_epoch_020.pt","val_loss":0.26685848886914115,"sensitivity":0.9310344827229489,"val_probs_labels":{"_latest_artifact_path":"wandb-client-artifact://tguhod95fuutydsux42mbq8d1hulk1677hpm13fjw5kt88hrzs6o6agolh9ryh233ldzuts4qy5vxv5i6xaes6vvccp4pbx5rwgdl3bmma2bnftpqb7lw2r105o0aghd:latest/val_probs_labels.table.json","path":"media/table/val_probs_labels_25_07c564af7008a12791e0.table.json","ncols":2,"nrows":532,"_type":"table-file","sha256":"07c564af7008a12791e03fc496e1699c291a738855703092e19859126930ed70","size":13613,"artifact_path":"wandb-client-artifact://7y8orjlkcqmj9ns9pqyyp9wio9k0shg115v8n6uv9vruqt2gp061yyzn9qdy254xcc5tnk6jvz5cvwc5ts139h4kwvz469wodmg1nayvtbk7rdbl33bc2t1cil3eyrgp/val_probs_labels.table.json"},"specificity":0.9077490774572786,"auc":0.9764742475010957,"_wandb":{"runtime":230},"_runtime":230.946497618,"_step":25,"epoch":24}