{"test_correct":928,"train_loss":0.03983919136226177,"test_accuracy":91.79030662710188,"test_incorrect":83,"auc":0.9886530320195576,"test_specificity":0.9703703703464106,"specificity":0.9548387096466181,"test_auc":0.9747871083404638,"val_probs_labels":{"nrows":851,"_type":"table-file","sha256":"7051d9a8f362e270a1a16dcaee4a42235d849f25d6d7636449957374753e36f2","size":22160,"artifact_path":"wandb-client-artifact://vu9uh1qwe168q09qzsdgynfftlyr9iawky1ceyjrnjuc4elvmj74l9q1o9k43svyjrjedf74vhoafkj8xscw3zd1zkrbhwo2tta8566zp3yjtw7ywsygxkx03g7ic9ts/val_probs_labels.table.json","_latest_artifact_path":"wandb-client-artifact://pu0oxc2agr7v1d94hh1qpojt5r4sjy9hfjec24xjgifxfxadqy1pq6barnb1iaukhref0dkea1i18z3ariy209n39w2c4mdgc0dvw1leycbpgw3mmwxk3pxm44fuvmo3:latest/val_probs_labels.table.json","path":"media/table/val_probs_labels_30_7051d9a8f362e270a1a1.table.json","ncols":2},"_timestamp":1.7497857137663033e+09,"test_sensitivity":0.8828382838138146,"_step":31,"_runtime":317.902601374,"val_loss":0.19237428797142847,"val_accuracy":94.71210340775558,"sensitivity":0.94269870608239,"_wandb":{"runtime":317},"test_total":1011,"train_percent_used":0.4,"train_samples_used":1361,"epoch":31}