{"val_correct":487,"checkpoint_path":"Checkpoints/Hyperparametersuch-Gli-Men/smart-sweep-77/checkpoint_epoch_030.pt","sensitivity":0.9501915708448202,"_runtime":351.154154699,"val_total":532,"auc":0.9733214573525045,"train_loss":0.04588238656630411,"epoch":38,"_wandb":{"runtime":351},"val_loss":0.33979024887084963,"train_samples_used":2128,"val_probs_labels":{"_type":"table-file","sha256":"634355978e786ad9e8f5e13a362fa2b0729b06e4737879ecc37ba139951d1c7d","size":13482,"artifact_path":"wandb-client-artifact://x1ys5mukgdrqj4737k3da1y9xj0dj0v9vtncajs1hzhwh3ldib7uqgndlj040fsn0c5sfrzcqx963qw5u0y046rlfyr4wd5lgdbflnlns5op6m9dzaixd9yv9yrp9uvh/val_probs_labels.table.json","_latest_artifact_path":"wandb-client-artifact://dgwxwfv3euovxu6gkmwsr934rqfu97hb2ucltgshilpcw7iv8cx1hsahcfpcz40y0ug0r79xwflkyj21vqak0i1h7zk315pz5eh1vdbx98760bu7af1hi853km7dwpw0:latest/val_probs_labels.table.json","path":"media/table/val_probs_labels_40_634355978e786ad9e8f5.table.json","ncols":2,"nrows":532},"_timestamp":1.7481254279364402e+09,"_step":40,"val_incorrect":45,"specificity":0.8819188191556487,"val_accuracy":91.54135338345864}