{"val_correct":821,"specificity":0.9483870967436004,"train_samples_used":2723,"_runtime":365.9846317,"checkpoint_path":"Checkpoints/Messungen-noTu-Tu/trainsample_2723/checkpoint_epoch_030.pt","sensitivity":0.9741219962851364,"_wandb":{"runtime":365},"auc":0.988957128376364,"val_probs_labels":{"size":21726,"artifact_path":"wandb-client-artifact://f59arfdlcp1azkcyzair4gug0l2re478r8165fqnlr1o0tz50s9jdoytamdrqtnn6yuzsmdi31rpcqn76n5fokjma7fwvp4tk1zgitu44i89mvet1qtv748x8lpdy9kr/val_probs_labels.table.json","_latest_artifact_path":"wandb-client-artifact://7be5hdue8c8otabo0c2sbn08h244m2ad3rd4b7ihnt5002nrf3wfj62vd8vnj3v4xm08udvtjxvor5dqpuwpud4ow7s1tklkly3hlv4fzc3jk65j3vkibe7hh9ors9ym:latest/val_probs_labels.table.json","path":"media/table/val_probs_labels_44_f05e32ce7670762ef144.table.json","ncols":2,"nrows":851,"_type":"table-file","sha256":"f05e32ce7670762ef14406e3da1b95a8b25b7be33b641639694119919720bc75"},"_step":44,"best_model_path":"Checkpoints/Messungen-noTu-Tu/trainsample_2723/best_model.pt","val_incorrect":30,"epoch":32,"train_loss":0.044413779343647715,"val_accuracy":96.4747356051704,"_timestamp":1.748648529070438e+09,"val_loss":0.19372681209019252,"val_total":851}