{"val_correct":824,"val_probs_labels":{"sha256":"79ed53cecd2d9bd929b65fc7507af14e6a43a7c823e35f48c0faa32f6e1e35eb","size":19176,"artifact_path":"wandb-client-artifact://3rapdcn3rw2tnda5rqo85ptznfktwc67nrcktckb8u350ejjsddj9fokgplgpmy8nwb03yspp3zhuaoqb56foem0ig50zpn03v5imu8q5pdmbpgxr2p0xtamgtjdvfly/val_probs_labels.table.json","_latest_artifact_path":"wandb-client-artifact://mry0ujh1mdfnxyhd0g4sskn6qsqrsm63o0nlcerod019a8y1pjqoajkfyzkamixoua50sgfgx5s6wesfnrgc20nar53n547b1kqp3bwnzddi5k09s3h7upd21jnz5fc5:latest/val_probs_labels.table.json","path":"media/table/val_probs_labels_19_79ed53cecd2d9bd929b6.table.json","ncols":2,"nrows":851,"_type":"table-file"},"specificity":0.9645161290011446,"epoch":19,"val_total":851,"_wandb":{"runtime":259},"sensitivity":0.9704251386142251,"checkpoint_path":"Checkpoints/Hyperparametersuch-noTu-T/visionary-sweep-22/checkpoint_epoch_010.pt","_timestamp":1.7480381020985475e+09,"_step":19,"train_loss":0.018085214168390124,"val_loss":0.19536453767796047,"val_incorrect":27,"val_accuracy":96.82726204465335,"train_samples_used":3404,"_runtime":259.818297476,"auc":0.992320076322223}