{"val_incorrect":28,"train_loss":0.03545081662014127,"best_model_path":"Checkpoints/Messungen-noTu-Tu/trainsample_2042/best_model.pt","train_samples_used":2042,"val_loss":0.11848425971610206,"val_accuracy":96.70975323149236,"_step":49,"val_total":851,"val_correct":823,"checkpoint_path":"Checkpoints/Messungen-noTu-Tu/trainsample_2042/checkpoint_epoch_030.pt","auc":0.9936616778963686,"sensitivity":0.9796672827915034,"_wandb":{"runtime":314},"val_probs_labels":{"ncols":2,"nrows":851,"_type":"table-file","sha256":"74d1c53f27bf677318c0c59b72922e5f6c0cd8f4982c703343a8a127cb7bb42b","size":22159,"artifact_path":"wandb-client-artifact://zzfxziov1nrzd4rwvh3b19ixg5h7n46umwav4edq4zjr7b559uojrm0yluvlihaoonhvk0o9lgi0up4iambllxgiz3773qbzgm1gvwq0xsk9mfbr8fkj5uz2gzbrrp6g/val_probs_labels.table.json","_latest_artifact_path":"wandb-client-artifact://4rm7oiaaz1yh2x3t3tsjwbv21qms0yuv46v2czcxfsrc7mwe5ve0ov7a0lcqi8akbxlvx9112mgpp67aljukefqlfxd76892jnfrrh3isk6q1sil8yquchhmv39vj4zv:latest/val_probs_labels.table.json","path":"media/table/val_probs_labels_49_74d1c53f27bf677318c0.table.json"},"specificity":0.9451612902920915,"_runtime":314.95434511,"_timestamp":1.7486322101204436e+09,"epoch":34}