{"train_percent_used":0.7,"test_auc":0.9875320865419874,"val_probs_labels":{"sha256":"c8dc8a1ea46c5d79fcb6901cc6cf2ebb34d95a64742e411aae55510a64c990b2","size":22091,"artifact_path":"wandb-client-artifact://1e462624y4n8dzwj1vndwenqtof7o63pv12os6y205sjdsoh2m0vlcb83x0li5fstv1zhdgluzava8thozcazzuvpsdq3hnm45wtnuqw7xwec3i9drfhzzabcxyth7u9/val_probs_labels.table.json","_latest_artifact_path":"wandb-client-artifact://uxg8j9quj7juecjoj9dl6mth3yfg9yzinj7uxm1fl1tl2re352tz05t488vx5fvd1uij61e28q9duc5gr2j6401j0c7l4oivmerx8zxk59on3qgc3feqgu43rjai4jn2:latest/val_probs_labels.table.json","path":"media/table/val_probs_labels_29_c8dc8a1ea46c5d79fcb6.table.json","ncols":2,"nrows":851,"_type":"table-file"},"sensitivity":0.9759704251205921,"train_samples_used":2382,"train_loss":0.041126201762572714,"_runtime":315.830362465,"specificity":0.9193548386800208,"test_correct":953,"_timestamp":1.7498143302045994e+09,"auc":0.9891360085862502,"val_accuracy":95.53466509988249,"test_total":1011,"test_incorrect":58,"epoch":30,"test_specificity":0.9555555555319616,"_wandb":{"runtime":315},"test_accuracy":94.26310583580614,"_step":30,"test_sensitivity":0.9339933993245215,"val_loss":0.16940035138811385}