{"test_accuracy":93.96636993076162,"_runtime":1171.891490931,"train_loss":0.05484649888239801,"sensitivity":0.9575411913754276,"epoch":36,"train_percent_used":0.2,"test_specificity":0.948148148124737,"_step":36,"test_correct":950,"test_total":1011,"_wandb":{"runtime":1171},"train_samples_used":2042,"specificity":0.9733333333233504,"val_probs_labels":{"_type":"table-file","sha256":"897c13d38ffb2ba3976d1319ad497ad3353faa76327e4b0f18d8cf66600a993f","size":66448,"artifact_path":"wandb-client-artifact://qt89qy2p2gfh3oobas90gm1m95ybt6u0bdvi1wh3ob1hvdyu5q092rnpyxd62o0v920nvp8s6jkadtpnf62nkzbc29y8qfvu4vsaxty8ll64dvr7bbisu00lhg9ebdhc/val_probs_labels.table.json","_latest_artifact_path":"wandb-client-artifact://yhy7r3uq1qq2ljkwqwg0d9i2mgklh97f87n2xluogomxhc9v5axde8h2tcbkt1q4nt04194aoo62v501dsbts9z81mt14qdp54y2jsl0v3nh0zb5lmoa0f3v7i7l4sxq:latest/val_probs_labels.table.json","path":"media/table/val_probs_labels_35_897c13d38ffb2ba3976d.table.json","ncols":2,"nrows":2553},"test_sensitivity":0.9339933993245215,"_timestamp":1.749486798060523e+09,"val_loss":0.136955376714468,"test_auc":0.980809192030314,"auc":0.9917315004387247,"val_accuracy":96.3572267920094,"test_incorrect":61}