{"auc":0.9972786064801274,"test_correct":998,"test_accuracy":98.7141444114738,"_step":26,"train_percent_used":0.9,"train_loss":0.04652909807433995,"test_incorrect":13,"test_sensitivity":0.9801980197858053,"test_specificity":0.9975308641729005,"train_samples_used":9190,"epoch":26,"_wandb":{"runtime":1977},"val_accuracy":98.39404622013318,"_timestamp":1.7493461229879904e+09,"sensitivity":0.9835234473955418,"test_auc":0.9990180499531434,"val_loss":0.06458794110221788,"val_probs_labels":{"path":"media/table/val_probs_labels_25_3c99292c64824060ce2e.table.json","ncols":2,"nrows":2553,"_type":"table-file","sha256":"3c99292c64824060ce2e1955f4ecef50d7bdc51b692d9c4743cf0e1e8fab6989","size":66348,"artifact_path":"wandb-client-artifact://1npt5kvhjtgspxxc3pj0iwb51v1nk5xb5wq6igwwmnuwek1i2u99b9551p6d9a7alyp0zqeu1p5zuylbkrydf2f3gj5x6g8wjdi3zl7i75x7olkbb9x73zfwe4mr5v27/val_probs_labels.table.json","_latest_artifact_path":"wandb-client-artifact://rnfkd13xqh7ptxyb2i30fgeofwaks388amxopgspt3a69fy35uw3z3lhgkyq6n1l7w4cbq12pbwhtjdcybo2e1kx6dnih4l38hb5dqv67e3f4229bs74hmxv4cnorh4l:latest/val_probs_labels.table.json"},"test_total":1011,"_runtime":1977.072609636,"specificity":0.984615384605286}