{"sensitivity":0.9887640449067878,"test_auc":0.9662527233115469,"test_total":606,"auc":0.9452247191011236,"val_probs_labels":{"nrows":531,"_type":"table-file","sha256":"9382cf4c1d31655c0752427a9f2ecdbb021bfe035d77ee02e7d355e8a35fa35f","size":12885,"artifact_path":"wandb-client-artifact://531n2ijol0127qf0dm138wayc45oj8k1vjur1wv9jeynaxc77ewdtcu4lsrrjn52hzkjve09t92ad8wia4po34v4v6f51e13fq0zii55szv1jpt2qpklthl5dh2bt3v7/val_probs_labels.table.json","_latest_artifact_path":"wandb-client-artifact://ocye8eudw29h5kyenjbry1whyw4xngfbpk2cpw2xzh7bsm8yp1bkpq7zbh61z3yyzua1afad5u6ald8n6etz0xpdz9fzxfenpwxwuzv5opapuqoifi90a4ublik3zag0:latest/val_probs_labels.table.json","path":"media/table/val_probs_labels_28_9382cf4c1d31655c0752.table.json","ncols":2},"test_probs_labels":{"path":"media/table/test_probs_labels_29_15fff1053bf0f1174229.table.json","ncols":2,"nrows":606,"_type":"table-file","sha256":"15fff1053bf0f117422969bf69048a4843f8e74dd43a6368fdace86527f64c4a","size":15032,"artifact_path":"wandb-client-artifact://r1j7lww5710qkxrohdicp9lrcbqnsqmhtjgpmqe71hzk4b1w8gbdw4cswakevdcw5au5nxp1udy0f9v4myjegarxui62pwb0c646i9qi1venmeyjpnwhf8xkonkafkzq/test_probs_labels.table.json","_latest_artifact_path":"wandb-client-artifact://8k9i8yhbiucgwd2clbusvtqv42fz3n41h3nx2j5gp35zw7znn8ke0cvawcbm4yqowrk0xkv6ym8339n5ghz5f7buhkx2oll82eb13pzasqsing3zymjg3pkuvdq6ipqy:latest/test_probs_labels.table.json"},"_step":29,"test_specificity":0.839999999972,"_wandb":{"runtime":522},"test_sensitivity":0.9640522875501943,"val_loss":0.7656014707511477,"glioma_train":528,"test_correct":547,"train_samples_used":1600,"_runtime":522.909116534,"meningioma_train":1072,"specificity":0.7121212120942378,"epoch":29,"_timestamp":1.7494988860261824e+09,"val_accuracy":85.12241054613936,"test_incorrect":59,"test_accuracy":90.26402640264027,"train_loss":0.04222482299330295,"test_confusion_matrix_table":{"ncols":3,"nrows":4,"_type":"table-file","sha256":"88e7697ca6bb7b16acd85c0f758684398866e7fd644283bd8b7c983cc15b123c","size":192,"artifact_path":"wandb-client-artifact://3huie2qva9z74cl775zvd49g5lepji4yvpdqtjxtz70zzx2rx0mw8wanuabp8qribvkxryip6mvwn055q57r2c816vhq3c6ne8for1bgzjodfi59m2f3sjg4vblhsczu/test_confusion_matrix_table.table.json","_latest_artifact_path":"wandb-client-artifact://59qce5xn76jfm2pvkp39y9flrxv1dwu4ghupeqntqjrj9wbdjzzncj7q64lxcdnr37q5hr9rpjwf68ojc9d1a7ar5yywks2pga05q84xv56aiu4izisgg67jp1vjcyr2:latest/test_confusion_matrix_table.table.json","path":"media/table/test_confusion_matrix_table_29_88e7697ca6bb7b16acd8.table.json"}}