{"_step":46,"train_loss":0.03541958739515394,"epoch":33,"auc":0.9922604495855942,"val_correct":821,"val_incorrect":30,"checkpoint_path":"Checkpoints/Messungen-noTu-Tu/trainsample_3064/checkpoint_epoch_030.pt","_timestamp":1.748641223283956e+09,"sensitivity":0.9741219962851364,"val_probs_labels":{"_type":"table-file","sha256":"bf879324e6496d56b15f80136b5e2e95a0de13e467257cbccc8c23aa3a081a6d","size":21836,"artifact_path":"wandb-client-artifact://k9427997e8ps8bnusxc3tpvtcpk9uksn1qap2bjwrqnq8eg6quix0kq3371yrxnpdo0j0g7p2uv3hi30blijvxtk2yrxsowkgsbgi09oqlul879vy62zrg0daynqyak6/val_probs_labels.table.json","_latest_artifact_path":"wandb-client-artifact://huz3zpabij0vuqtqpvo7hhxlahqb5pzwoiclp54rv0y80ycap3359p49pb4mls9a27j45yd2zkrj5onc08fpggog5wv907obyk3o4k2rpfsyh4aeo6xeokawklohxc1w:latest/val_probs_labels.table.json","path":"media/table/val_probs_labels_46_bf879324e6496d56b15f.table.json","ncols":2,"nrows":851},"_wandb":{"runtime":413},"val_loss":0.1495184994169644,"train_samples_used":3064,"val_accuracy":96.4747356051704,"best_model_path":"Checkpoints/Messungen-noTu-Tu/trainsample_3064/best_model.pt","specificity":0.9483870967436004,"_runtime":413.740090024,"val_total":851}