{"_timestamp":1.7504216554825222e+09,"sensitivity":0.9736842105080135,"test_accuracy":94.16419386745795,"test_total":1011,"test_sensitivity":0.9290429042750983,"tumor_train":1915,"specificity":0.9905956112542132,"train_samples_used":3191,"_wandb":{"runtime":544},"auc":0.994502321634808,"_step":30,"epoch":30,"val_probs_labels":{"nrows":851,"_type":"table-file","sha256":"4ae1d5a7a7db78f12f1b85b07519867f4333b8beb8ae3d8439ba2985b0c80b30","size":22175,"artifact_path":"wandb-client-artifact://m6j947gde15mwjhpeb1qqlgsc1orn4jivv6ejwgpeih1spskiy2zz5flkarcrbko5pu9f9pw9aroyxixtumv2270ejn0pyfhfuvaxgyxd02cntb1llro5rheg5xglhha/val_probs_labels.table.json","_latest_artifact_path":"wandb-client-artifact://2609jug8nbujp8xz93qqg3b23w7pbd0xy5hyvlvwd4xtpc6q4a4etxnl6uuillm156urokoz1yr3e1uuqtgqdx56cbes9za66urvi4onmhacznox337u0wg2sfbtde6b:latest/val_probs_labels.table.json","path":"media/table/val_probs_labels_29_4ae1d5a7a7db78f12f1b.table.json","ncols":2},"val_loss":0.09334533688213144,"val_accuracy":98.00235017626322,"test_incorrect":59,"test_auc":0.9829238479403497,"train_loss":0.04680310130119324,"no_tumor_train":1276,"test_specificity":0.9604938271367779,"_runtime":544.538115971,"test_correct":952}