{"train_loss":0.03662113794901719,"specificity":0.9968652037305058,"test_specificity":0.9975308641729005,"train_samples_used":2978,"_timestamp":1.7498566428583918e+09,"_runtime":588.445891468,"test_sensitivity":0.9290429042750983,"sensitivity":0.9736842105080135,"test_accuracy":95.64787339268051,"no_tumor_train":1276,"test_correct":967,"auc":0.9955393970820469,"test_total":1011,"val_loss":0.09527299553155899,"_step":34,"test_auc":0.9899401051216232,"test_incorrect":44,"tumor_train":1702,"val_accuracy":98.2373678025852,"_wandb":{"runtime":588},"val_probs_labels":{"_latest_artifact_path":"wandb-client-artifact://v9vfrvjl1ugq3wo3to9i7wlws3f4rosuhkoeyvk034u05dz7plx6giq9b7sly18ia5b3j2fiptakb4i9mudxpzj57wxvzxwfhobjpsdyrofoj3u6obk642ggs9g7s0yy:latest/val_probs_labels.table.json","path":"media/table/val_probs_labels_33_7ce67136d336d2090453.table.json","ncols":2,"nrows":851,"_type":"table-file","sha256":"7ce67136d336d209045337c2604ee280348c691bdb31caff88762bf54066b59d","size":22214,"artifact_path":"wandb-client-artifact://xp5xru1d6hcvr50bocxhd0u2oqqdxyqdv1jrpsdmrxk4adf6e2zqjtmcjtrea1e4ngwgybb582w49nxrnp5jaoyob1143cu6cl6ojercy41cg06t9k1f3zut9rtmmjyi/val_probs_labels.table.json"},"epoch":34}