{"val_loss":0.10243577430290836,"test_incorrect":23,"test_total":1011,"val_probs_labels":{"size":21099,"artifact_path":"wandb-client-artifact://utvxqarjpjbsw5ime3j96r6w3tg869ijarpuugms0p7fo9v5vjunpzheo8f7ycilv5iq09adj1u0e1x17gksiu4hg9jt26j0hy3y3fl5pgysea5mt670cgvn6ypv7n3i/val_probs_labels.table.json","_latest_artifact_path":"wandb-client-artifact://m2o718sfhfjdpxfrkg1e5j3gal5hqrczwrfm37mmutzf64211u2kwdezx8lr1489yh0w190yg4g4ku6pelo7yacg3t4qc5hsgmdz2a2hkxfdqpw7olqw78y8sbmxgnwm:latest/val_probs_labels.table.json","path":"media/table/val_probs_labels_39_afdd3db1bd87a94c295f.table.json","ncols":2,"nrows":851,"_type":"table-file","sha256":"afdd3db1bd87a94c295fa4cf672cac5dbf556b3b4ba7b2245445f4d7571c19a1"},"test_auc":0.9950821008026729,"_runtime":671.042937502,"no_tumor_train":1276,"sensitivity":0.9793233082522683,"train_loss":0.029821073763411154,"_wandb":{"runtime":671},"train_samples_used":2765,"test_specificity":0.9950617283704923,"test_correct":988,"test_accuracy":97.72502472799208,"val_accuracy":97.53231492361927,"epoch":40,"specificity":0.9686520375871895,"_step":40,"auc":0.9972010747872817,"test_sensitivity":0.9653465346375355,"tumor_train":1489,"_timestamp":1.7498342089018164e+09}