{"val_loss":0.08085254885788475,"train_loss":0.01140371417299051,"_wandb":{"runtime":566},"val_probs_labels":{"sha256":"81b910771d4b5981e6de13bb1f43e896c49f7d101f30c3a100971481aa5441b9","size":19896,"artifact_path":"wandb-client-artifact://emo4bbpgarhxjtsymjak3eypxay6r12rfqlypwbb1jpx4dac6r6rk7goumn9fbblzbuelmdur9dcifb5i3e5oqg6h9g2uevve77jibk5sbomthlofu74zt9nel8ipfsr/val_probs_labels.table.json","_latest_artifact_path":"wandb-client-artifact://ro5815qe11jn9zb58ig73wgcf5ho8xrtqhphb2vd12srtfkhpdjnlmjcpdsrgpnc0z2b7bnggr8q6k3h6nhrveja485qmjcgzln5ag26aq0lzz453lyot7778amgqr0y:latest/val_probs_labels.table.json","path":"media/table/val_probs_labels_42_81b910771d4b5981e6de.table.json","ncols":2,"nrows":851,"_type":"table-file"},"epoch":40,"_timestamp":1.748086158766193e+09,"val_accuracy":97.64982373678026,"sensitivity":0.987060998133326,"val_total":851,"auc":0.9978951761970067,"specificity":0.9580645160981269,"train_samples_used":3404,"_step":42,"val_correct":831,"_runtime":566.099296493,"checkpoint_path":"Checkpoints/Hyperparametersuch-noTu-T/splendid-sweep-83/checkpoint_epoch_030.pt","val_incorrect":20}