{"val_accuracy":97.88484136310224,"val_loss":0.062120005887533934,"tumor_train":1915,"test_correct":979,"train_loss":0.04222609993070364,"sensitivity":0.9774436090041834,"_wandb":{"runtime":688},"epoch":38,"train_samples_used":3191,"test_incorrect":32,"_timestamp":1.750417396004525e+09,"test_total":1011,"test_sensitivity":0.955445544538689,"auc":0.9977785372522215,"no_tumor_train":1276,"test_specificity":0.9876543209632678,"_step":38,"val_probs_labels":{"artifact_path":"wandb-client-artifact://btij0k4qj50ah4thy7fhh7r1v6t1e2x95l2vv5gt9o6p9b6zuxwqoeuc2mealkgk1s8o2a9tibpg1z4oxf20z926dzkoiwn4lk3tsl83w3kq19efbtmwxxyli03qszi1/val_probs_labels.table.json","_latest_artifact_path":"wandb-client-artifact://trvymxlvmltghzcu6uooju6w096lpke51049nhf5sqr65wba0ishgxdr51jocbbye63pfix3p8unrqpebhg71zxd929xwhxphl6xbbg9ggfy0lteu8pbdekvo2sj00dd:latest/val_probs_labels.table.json","path":"media/table/val_probs_labels_37_632e3f99bef6aa27dbeb.table.json","ncols":2,"nrows":851,"_type":"table-file","sha256":"632e3f99bef6aa27dbebe3c7d0d320dbef0746a77a80f6cb91ea705f4e28929b","size":22187},"_runtime":688.1464446,"specificity":0.9811912225397745,"test_auc":0.9929755938556819,"test_accuracy":96.83481701285855}