{"val_loss":0.3379502718647321,"_timestamp":1.7472504157040732e+09,"_runtime":76.343696816,"_wandb":{"runtime":76},"_step":4,"epoch":5,"train_loss":0.2543881639281166}