{"train_loss":0.03445397958987289,"sensitivity":0.9718045112599285,"test_incorrect":24,"tumor_train":2128,"val_loss":0.0730895141937903,"_timestamp":1.7504167025767787e+09,"train_samples_used":3404,"test_specificity":0.9950617283704923,"_wandb":{"runtime":854},"specificity":0.9874608150160671,"epoch":43,"val_accuracy":97.76733254994124,"test_accuracy":97.62611275964392,"auc":0.9962523864520235,"test_total":1011,"val_probs_labels":{"artifact_path":"wandb-client-artifact://5tydnv339m5aba1t3gjnlj9bt4sen49l8abwd7peq5wwxx4qm3hjx8jwg79o5mrymwfa2layczm84qi44ynf3mu2kwncechdldxxy2drm7b9aiw809p1ide2auteajfx/val_probs_labels.table.json","_latest_artifact_path":"wandb-client-artifact://p973pf45g7d3edmluqpzqz4ttdzrz19y3vaj2lzwzpgrc7i1dd48js73hi0po9g8ewzjyih0l472r0q28zabs8ea6cfgske37292jefwg9l8yw3jy8zx07zd3wxcotcw:latest/val_probs_labels.table.json","path":"media/table/val_probs_labels_42_612f4d94d36a73724142.table.json","ncols":2,"nrows":851,"_type":"table-file","sha256":"612f4d94d36a7372414214ff2da28ef817c841c0f40c08d2538c142fcfac2d2d","size":22211},"test_sensitivity":0.9636963696210611,"test_correct":987,"test_auc":0.9951472925070285,"_runtime":854.613529439,"_step":43,"no_tumor_train":1276}