{"train_samples_used":3404,"train_loss":0.04612975382293949,"val_accuracy":96.3572267920094,"auc":0.988951165702701,"_runtime":236.221598339,"val_total":851,"_wandb":{"runtime":236},"val_correct":820,"epoch":17,"val_loss":0.19847286982823992,"specificity":0.9451612902920915,"checkpoint_path":"Checkpoints/Hyperparametersuch-noTu-T/dazzling-sweep-45/checkpoint_epoch_010.pt","val_incorrect":31,"val_probs_labels":{"nrows":851,"_type":"table-file","sha256":"bd0f0ca5e38acf89fde2b22cd25fec3a7ecdefac00f55f6ee810013f8a31f0ca","size":21356,"artifact_path":"wandb-client-artifact://oxhnd2aeog0m1dlzaui1yd78458npp41n8tfrzdej3u7hl38fq4cw75fqcpn4y7x42epxrrtn9fjqzgugz7aofhhmevcbjgaek4q0wvox6ubnhbjo414rfnrvevxew7o/val_probs_labels.table.json","_latest_artifact_path":"wandb-client-artifact://qs6dvavej0beyx9ftni362498s959rnv9f8uv1cxfkt64a49b1pwegxkm3y3jay250p12danqc632x8iq64swta4hroswtrx50gcxdv48e06mptnwk41pzhxyqnjde2t:latest/val_probs_labels.table.json","path":"media/table/val_probs_labels_17_bd0f0ca5e38acf89fde2.table.json","ncols":2},"_step":17,"_timestamp":1.748046020310398e+09,"sensitivity":0.9741219962851364}