{"_runtime":827.041547758,"test_auc":0.9919243776229475,"test_specificity":0.9728395061488188,"test_accuracy":95.54896142433235,"test_total":1011,"val_loss":0.09904725500382483,"test_correct":966,"_timestamp":1.7495083037866964e+09,"train_samples_used":3063,"auc":0.9946423580644114,"val_accuracy":97.21895808852331,"sensitivity":0.965145754113022,"epoch":28,"_step":28,"train_loss":0.03741390069869036,"test_incorrect":45,"specificity":0.9835897435796555,"test_sensitivity":0.9438943894233681,"train_percent_used":0.3,"val_probs_labels":{"artifact_path":"wandb-client-artifact://bs58k97gfjtsh71bluz2kgvmph0cch9p4jpj38gc2tzbphmyf20r9illkufz8yj7egz1hplyqnw0lfyrodpyehtrc0yr1b8evrnks4w5hpd1xm2ulq7e5dt9hoylx9sb/val_probs_labels.table.json","_latest_artifact_path":"wandb-client-artifact://5cxlfgdq2m27duidukdie3fpjwq0c1xqc1i8bvqelkomn7hmc0us97nk5iifv65q3c7xycanol8z6jpk1ris275k8lug01mrli70jufhmf96shjc2pam2fz0or7o1i77:latest/val_probs_labels.table.json","path":"media/table/val_probs_labels_27_e2f8354b099fb5139e15.table.json","ncols":2,"nrows":2553,"_type":"table-file","sha256":"e2f8354b099fb5139e158a691b0e52866d666c1a3743535ecfa6f016307fa28f","size":66345},"_wandb":{"runtime":827}}