{"checkpoint_path":"Checkpoints/Hyperparametersuch-Gli-Men/eager-sweep-5/checkpoint_epoch_030.pt","specificity":0.9003690036568129,"val_loss":0.2345262078075286,"val_incorrect":39,"val_total":532,"_step":37,"train_loss":0.14684413949113437,"val_accuracy":92.66917293233082,"epoch":35,"train_samples_used":2128,"sensitivity":0.9540229884691945,"val_probs_labels":{"path":"media/table/val_probs_labels_37_09a4158c57424709772c.table.json","ncols":2,"nrows":532,"_type":"table-file","sha256":"09a4158c57424709772ce8b46e89df4227700654bc6bf3ed87b36f28cec92524","size":13664,"artifact_path":"wandb-client-artifact://i557q7ugcwlgrncy4vc3xrafqni4gkcug3nkc5czt7hnpm61vth5wewjrompmtfw286h0y82jzhf4t2zaeeiwdb3ve4mchz3iota37apl2baun9lnbvcv0d5lc9ilyjk/val_probs_labels.table.json","_latest_artifact_path":"wandb-client-artifact://0licfyhy639zejomyfb54ns7fntwxub5uufdkgdgozefze6fp77ncddvde58tsd336110ooc57ub16zbccd16oat2as2fqteurcuiqux74qz1fw835fprgvztpn8z7dc:latest/val_probs_labels.table.json"},"val_correct":493,"_timestamp":1.7481013972146757e+09,"_runtime":322.16693909,"_wandb":{"runtime":322},"auc":0.9699424580452701}