{"sensitivity":0.964879852107858,"_wandb":{"runtime":349},"val_probs_labels":{"ncols":2,"nrows":851,"_type":"table-file","sha256":"ff24b3ab47662ce800164130a79988c237fb9002092c382fcb1532b5e86cce68","size":22163,"artifact_path":"wandb-client-artifact://jruxhdh7w2c7a121deypbx3u8vcca3mqh14lj0he0rhx4v987yjp7t5pjuut9q07vytwi1gi3bqyf5ce5q29jykyqtnvi0jk45c5p93igx29wv3iu5ugvq3r1rdbx387/val_probs_labels.table.json","_latest_artifact_path":"wandb-client-artifact://njm540s9tvktmc2fujjbwn828orcxvyzx1akckivsyli871c46oos3ocj9um1wzvoa3679vullw41566zcvm9j5jce67lnla61w6ag17lz0cn7mdlhhgfayr8m5ej274:latest/val_probs_labels.table.json","path":"media/table/val_probs_labels_48_ff24b3ab47662ce80016.table.json"},"checkpoint_path":"Checkpoints/Messungen-noTu-Tu/trainsample_2383/checkpoint_epoch_030.pt","_runtime":349.754020537,"val_loss":0.17468462139368057,"train_samples_used":2383,"val_total":851,"auc":0.989505694353348,"train_loss":0.038579239657050686,"best_model_path":"Checkpoints/Messungen-noTu-Tu/trainsample_2383/best_model.pt","_timestamp":1.7485555132800467e+09,"val_accuracy":96.3572267920094,"epoch":34,"val_correct":820,"specificity":0.9612903225496358,"val_incorrect":31,"_step":48}