{"train_loss":0.040487186048639566,"val_accuracy":91.52542372881356,"train_samples_used":2023,"val_probs_labels":{"_latest_artifact_path":"wandb-client-artifact://2wbk79ojya57yv9x3if3z10lwbwdowgj3it6h63njohnl5g02lfu1ffzxs3a216azs06bvc5fc8uao4z8ftffct19zvtag8al8hz7kgadsnc0in3y9e3r411l8fz3esb:latest/val_probs_labels.table.json","path":"media/table/val_probs_labels_30_b2a8b7295699bfcb4dca.table.json","ncols":2,"nrows":531,"_type":"table-file","sha256":"b2a8b7295699bfcb4dcae98ca29e3c906341d26462ded71a164108c69e7ff6ef","size":12990,"artifact_path":"wandb-client-artifact://y384um985bzc68sgjmetxej1i2eni4f8mtc5b5uq9ltex6xij19l1ijkyij1361sp1hc87j3pwu8hgw814f4ssgeyzb3u3n525lko4btijs77vgrowuixbkz3iea2tdc/val_probs_labels.table.json"},"_wandb":{"runtime":396},"specificity":0.8522727272404442,"_runtime":396.047130587,"auc":0.9578013278855976,"_timestamp":1.74946634162185e+09,"epoch":31,"glioma_train":951,"meningioma_train":1072,"val_loss":0.4838710628819707,"_step":30,"sensitivity":0.9775280898510289}