{"epoch":36,"_timestamp":1.7484649047036066e+09,"train_samples_used":3064,"val_accuracy":96.23971797884842,"_wandb":{"runtime":452},"_step":51,"val_total":851,"train_loss":0.025445399708890665,"sensitivity":0.9852125692978704,"best_model_path":"Checkpoints/Messung-noTu-Tu/trainsample_3064/best_model.pt","specificity":0.9225806451315296,"val_incorrect":32,"val_loss":0.12442356321428504,"val_correct":819,"val_probs_labels":{"size":21259,"artifact_path":"wandb-client-artifact://0bwjsof1pal594dr9nq0tao9288tkcjop2h6gwrrnk70o39w1h8w93yopcji6vad4abu404jv4g9f1xyvxtqu665s1cr05xrg44zzllrcyfti91jdwv70gnygmuj6ql7/val_probs_labels.table.json","_latest_artifact_path":"wandb-client-artifact://wscciv0bcz7z5ffh7q9if828uawjzi4xot17f7527crt4wj5jfjwp8v5r5gpyuth5u7bf10i69d6ytft0flpoje06e0akm7mon68jgivn0pzak4dj73k9d3alhw1cgva:latest/val_probs_labels.table.json","path":"media/table/val_probs_labels_51_7f4430bf1fcb15416533.table.json","ncols":2,"nrows":851,"_type":"table-file","sha256":"7f4430bf1fcb15416533aeb1450b86746dad6d72affca78550919de835f88581"},"auc":0.9946812950927196,"checkpoint_path":"Checkpoints/Messung-noTu-Tu/trainsample_3064/checkpoint_epoch_030.pt","_runtime":452.618896817}