{"val_probs_labels":{"path":"media/table/val_probs_labels_36_9ee1b3ca66f510985331.table.json","ncols":2,"nrows":2553,"_type":"table-file","sha256":"9ee1b3ca66f510985331e59ebaf383ffd353803d96105f076d6f4c0bcb46387c","size":65175,"artifact_path":"wandb-client-artifact://poeoi2u5q99h9bmgv4mu1loeg1esu44xxk9ko5abcgl0hb0n0mx12b5dch6ftvy5bwx42ka70vse67pc9knfa6i22vygxddcvbplzi9fcp8g64zbi31bgafb92ohiop9/val_probs_labels.table.json","_latest_artifact_path":"wandb-client-artifact://xgvwwqbh8yrpp9u47a51uzlivh8nt1iqwvnd9pat0qvgv0y3cjyqmoakov4xltgd3lc1dpryqt530847xgc2x34p34z0o8cn92sbfq7zo3i22p188922ud8s7965q854:latest/val_probs_labels.table.json"},"test_accuracy":97.23046488625123,"_runtime":1642.410211475,"sensitivity":0.9816223067111431,"val_loss":0.08907471788115799,"_wandb":{"runtime":1642},"test_sensitivity":0.9719471947034332,"specificity":0.978461538451503,"_step":37,"test_correct":983,"epoch":37,"test_specificity":0.9728395061488188,"_timestamp":1.7493365659903793e+09,"train_percent_used":0.5,"train_loss":0.024066570866852998,"val_accuracy":98.0415197806502,"test_auc":0.9936927026035938,"test_incorrect":28,"test_total":1011,"auc":0.9953927399174548,"train_samples_used":5106}