{"_runtime":321.82098869,"val_accuracy":89.28571428571429,"val_loss":0.28650492210598555,"_timestamp":1.7481112363382401e+09,"checkpoint_path":"Checkpoints/Hyperparametersuch-Gli-Men/wild-sweep-40/checkpoint_epoch_030.pt","_wandb":{"runtime":321},"val_probs_labels":{"ncols":2,"nrows":532,"_type":"table-file","sha256":"5524316bb59e8cb02fe032b1697c707142c0c53452e1119f56178211b5c43a1e","size":13744,"artifact_path":"wandb-client-artifact://j9o9q56itk6l9dfrpf876ud2w8ntjctukbqeckstb4ixsapukumzmn442uf9uxvvu6v90rtkxewvksh0t0jxw0kz3z66o1rfmlluqyms8m0gt5rmc54dpbnyttq5j52j/val_probs_labels.table.json","_latest_artifact_path":"wandb-client-artifact://fwm2bjg1bvnilr3r0qhwvojuumsaaksywcjnkut90u7w1gvjod9bs6uzhn3kwzr2zrxj03mtl6ritrk58yevuqc8wyfcyslwwwf3d3ngc84ayvnjmvqu9tia1kjql67m:latest/val_probs_labels.table.json","path":"media/table/val_probs_labels_36_5524316bb59e8cb02fe0.table.json"},"val_incorrect":57,"sensitivity":0.9348659003473231,"_step":36,"train_samples_used":2128,"val_correct":475,"auc":0.9620958278548304,"epoch":34,"train_loss":0.18456261969213164,"specificity":0.852398523953786,"val_total":532}