{"train_loss":0.023375767966111502,"_runtime":401.57719454,"test_auc":0.969877358106181,"specificity":0.9968652037305058,"sensitivity":0.9530075187790787,"val_probs_labels":{"artifact_path":"wandb-client-artifact://w7laxt63giap1yng9hrplyvpvmhrco50ugwidst98dlgqbdjl3hlkrcwx2ifxsnmtonlz7u65b978rujw72d7qh4hptjz8hn7wnfrdh0os2kq4luvuq1aog0irn99vbq/val_probs_labels.table.json","_latest_artifact_path":"wandb-client-artifact://v3y8hkw7un72lfj8axjdzki2kv0n4co9cospenz1eoazzr0wulnk6opnaebn7uelbj4xyyepopttfszbk7wlq9fq4ewa3x84p5b6pubkoakhgahvxmqddbcae6s1ffx1:latest/val_probs_labels.table.json","path":"media/table/val_probs_labels_33_07095fda06beaa5a807a.table.json","ncols":2,"nrows":851,"_type":"table-file","sha256":"07095fda06beaa5a807a5309e6e5d3daa9235f5d35e9005fb2f4c9f3e367e1fe","size":22311},"test_accuracy":91.59248269040555,"_wandb":{"runtime":401},"test_incorrect":85,"tumor_train":638,"_step":34,"no_tumor_train":1276,"_timestamp":1.74982649181634e+09,"val_accuracy":96.94477085781433,"test_sensitivity":0.8927392739126611,"train_samples_used":1914,"test_total":1011,"epoch":34,"test_specificity":0.9506172839271453,"test_correct":926,"val_loss":0.2759849237544196,"auc":0.9924487943997926}