{"_timestamp":1.7486817746052465e+09,"val_incorrect":111,"epoch":40,"specificity":0.7785977859491292,"train_samples_used":231,"val_loss":0.49269049763679507,"val_accuracy":79.13533834586465,"val_correct":421,"val_total":532,"sensitivity":0.8045977011185977,"checkpoint_path":"Checkpoints/Messungen-Gli-Men/trainsample_231/checkpoint_epoch_030.pt","val_probs_labels":{"nrows":532,"_type":"table-file","sha256":"2f87eebce5f91aae6848b624cd8261e32ead6f13cd0ab477229fbcd2d026ef47","size":13488,"artifact_path":"wandb-client-artifact://78tgi1q617p5d4lorr2l0im6zan2jbx33b4p5rhidsf5522tg1ds8q19hyjq2ge5jal6rve071fz32sxiwxr55v1f689mmiia6umwx45rm1wz8mzuh4wnnpy4ao374is/val_probs_labels.table.json","_latest_artifact_path":"wandb-client-artifact://u66sdax2ox9hq12yan0l73le13848b5bl6dcsqyqu1h2uzclrm072u8tsii6awv3e03zpd392gf2p9loh7r48hz1dt1gz6s63tcktdy7kykgb88ehh5rl5gj85cet1im:latest/val_probs_labels.table.json","path":"media/table/val_probs_labels_58_2f87eebce5f91aae6848.table.json","ncols":2},"_runtime":111.638746681,"_wandb":{"runtime":111},"train_loss":0.2745151221752167,"best_model_path":"Checkpoints/Messungen-Gli-Men/trainsample_231/best_model.pt","auc":0.867384880745359,"_step":58}