{"val_probs_labels":{"path":"media/table/val_probs_labels_34_636f1c21935532689b08.table.json","ncols":2,"nrows":2553,"_type":"table-file","sha256":"636f1c21935532689b089ea129704ce20bbebf149ee0840ebb1fd2bcd6df2d72","size":63906,"artifact_path":"wandb-client-artifact://gmdek1b86buhiwqjvlkippmf70bi31g8p18d7mlh3g3n69lk0n9snn8yix7s6b3txqm1si5t0r76x3kjw68mxtclpepsqaafm6n9cnyv8etjx0jayswhloky4nf9p0oo/val_probs_labels.table.json","_latest_artifact_path":"wandb-client-artifact://60zyvkx30kkjqvhy9c2fltbh7ru0qc431vvf0ir9eb90vxghzsx2552rbmafk8uans8ir4zb8pryttyiroc15vvq8dffmh95f6rpa2ruux5th8ganar5imw6syeio83r:latest/val_probs_labels.table.json"},"train_loss":0.025082503707380965,"test_accuracy":96.93372898120673,"test_auc":0.9937823411970826,"specificity":0.9630769230670454,"test_correct":980,"test_sensitivity":0.9686468646704843,"_wandb":{"runtime":1259},"train_samples_used":4084,"val_accuracy":97.57148452800627,"epoch":35,"sensitivity":0.9835234473955418,"train_percent_used":0.4,"auc":0.9956335510708134,"test_total":1011,"_runtime":1259.941039526,"test_specificity":0.9703703703464106,"val_loss":0.10125139155425131,"_step":35,"_timestamp":1.749466923265509e+09,"test_incorrect":31}