{"_runtime":188.613657036,"test_incorrect":99,"train_loss":0.09422742202877998,"specificity":0.8580645161013527,"train_percent_used":0.3,"test_accuracy":90.20771513353115,"test_auc":0.9576620625025466,"test_correct":912,"auc":0.9774432055333613,"sensitivity":0.964879852107858,"val_accuracy":92.59694477085782,"train_samples_used":1021,"val_loss":0.23217292768614634,"test_total":1011,"_step":30,"test_sensitivity":0.8960396039456099,"epoch":30,"_wandb":{"runtime":188},"val_probs_labels":{"ncols":2,"nrows":851,"_type":"table-file","sha256":"20535fb6f3d2889c9462a0eb1d88d8f1587b7b2bb89110a97803c7e526ccb8e2","size":22003,"artifact_path":"wandb-client-artifact://zo43ndrocy41k4f6hlugbw2i1ff03lp5orejt5m27a3mmmfx5s2rovv8kcr9azr2dli1ghwgbejv3b2sdatimkzbjwifr1nxk2lttgwlvamohvgoe9168io6mnsrus2p/val_probs_labels.table.json","_latest_artifact_path":"wandb-client-artifact://7tqzyg2zb8lp4rc7xc7es4oe4wz7y4iq1yt2jvleazqjpjr8m30g3xbug9rlwsju3i5d3vyzmini9bp6vorslfw1k3qh7msddfrukaa3ysca7jw1or9kit64b2nlm6yt:latest/val_probs_labels.table.json","path":"media/table/val_probs_labels_29_20535fb6f3d2889c9462.table.json"},"test_specificity":0.9111111110886145,"_timestamp":1.74981526319719e+09}