{"test_incorrect":40,"test_specificity":0.9802469135560433,"test_correct":971,"epoch":33,"_wandb":{"runtime":605},"test_total":1011,"_step":33,"test_accuracy":96.0435212660732,"val_loss":0.12135491866086211,"auc":0.9946908808070333,"val_accuracy":98.35487661574618,"tumor_train":1915,"_timestamp":1.7498560489042077e+09,"train_samples_used":3191,"val_probs_labels":{"_latest_artifact_path":"wandb-client-artifact://p448ihkgn83jf6x3bjb5twgkznh6bbxdkzoe7s9nh080oamo0o1rwg3cpo7tj7kxuwj8uk0m0xq7syith6l7izuoas8boikhvffjq6ux3v0d8x76ye8cz7av0y279ros:latest/val_probs_labels.table.json","path":"media/table/val_probs_labels_32_66b80caf45d6951cd9a3.table.json","ncols":2,"nrows":851,"_type":"table-file","sha256":"66b80caf45d6951cd9a3db030e3500e868444362fc98e608976d4f00e8f59707","size":22270,"artifact_path":"wandb-client-artifact://xjiydhc2f7lhd1fsk2qx9c175s5nglfg3h0x65iocol35f1j9u7enkm6wudbar0goxj49fnhr6hidixvl2ytat6xc19wrpg3qtdro370uphxos923s7kb0z1ga5oxo19/val_probs_labels.table.json"},"_runtime":605.446684679,"test_auc":0.9897241576009453,"test_sensitivity":0.947194719456317,"specificity":0.9968652037305058,"train_loss":0.03273869197815657,"no_tumor_train":1276,"sensitivity":0.9755639097560984}