{"val_total":851,"_runtime":182.698622328,"val_correct":789,"val_loss":0.22214506885835103,"_wandb":{"runtime":182},"best_model_path":"Checkpoints/Messungen-noTu-Tu/trainsample_1021/best_model.pt","epoch":30,"train_samples_used":1021,"auc":0.9767932741041082,"_step":43,"specificity":0.8645161290043705,"val_probs_labels":{"path":"media/table/val_probs_labels_43_61ff857f8f5941486a81.table.json","ncols":2,"nrows":851,"_type":"table-file","sha256":"61ff857f8f5941486a81e66e4232a1996699a2d5701f5d741be2daa4e22cc2d2","size":21965,"artifact_path":"wandb-client-artifact://2obkr7s3rhteb8q39nrhbdzungfbo8h2fu27jfddxmj70jxvl5w0ag9ie2hc4mk139hs3tff1pvs0p5m6reo6ams1ezp5icthb0zxpgq7cqnfmukmowqg9xkya516p5f/val_probs_labels.table.json","_latest_artifact_path":"wandb-client-artifact://f1mtk0swyy46wuzndlq73iy10ihs78wd6gah6x6y6pqlw5pyphovqckh6cnt23ic51e7ro6mvfghlfwz0je7jfc7rui5nanva0691qs56gj9w0gcdwls2ekjqzsq30oi:latest/val_probs_labels.table.json"},"val_incorrect":62,"val_accuracy":92.7144535840188,"sensitivity":0.9630314232724023,"checkpoint_path":"Checkpoints/Messungen-noTu-Tu/trainsample_1021/checkpoint_epoch_020.pt","_timestamp":1.7486393547898693e+09,"train_loss":0.09227720438502729}