{"test_accuracy":98.3184965380811,"test_auc":0.9952736014342175,"auc":0.997395526433639,"specificity":0.9843260187779208,"sensitivity":0.9849624059965233,"test_correct":994,"_timestamp":1.7504409609941442e+09,"train_samples_used":3404,"tumor_train":2128,"val_accuracy":98.47238542890717,"_runtime":770.460457912,"test_total":1011,"val_loss":0.06477157731673547,"epoch":40,"_wandb":{"runtime":770},"test_sensitivity":0.975247524736382,"test_specificity":0.9950617283704923,"train_loss":0.02516961268890925,"test_incorrect":17,"val_probs_labels":{"_type":"table-file","sha256":"6b79e06495c67f37a8589e46b2acf2b88420b46019bfe340f0d6b427c9a7610d","size":20778,"artifact_path":"wandb-client-artifact://os2czkpsap2au4jq3d6mp5oeceradxnmc93ciura0x7i9nvit5df1azi02sh8kv45ev9uuvpgf2vw9cds05fip2855cvqhjz01k0zdhh1me2c40gdjtyiob32npqt6io/val_probs_labels.table.json","_latest_artifact_path":"wandb-client-artifact://iwkmnl32446yk3kwb7homqiysy6b2b0gug3j6ecy7zvrelxln05kh1a90ac60bdush6owv5fir96z55boihovtiwquonuv7d5jfvm6qgcb9923wcfv5yly2tqs8jow2z:latest/val_probs_labels.table.json","path":"media/table/val_probs_labels_39_6b79e06495c67f37a858.table.json","ncols":2,"nrows":851},"_step":40,"no_tumor_train":1276}