{"train_loss":0.08654187313680138,"train_samples_used":1701,"sensitivity":0.9548872180271638,"test_accuracy":88.62512363996044,"test_incorrect":115,"no_tumor_train":1276,"test_auc":0.9514973719594182,"test_total":1011,"_wandb":{"runtime":250},"epoch":24,"test_sensitivity":0.9026402640115075,"tumor_train":425,"auc":0.9893051594503501,"val_loss":0.17374232783913612,"specificity":0.9749216300634821,"_runtime":250.656520202,"test_correct":896,"val_probs_labels":{"artifact_path":"wandb-client-artifact://mtw56v0mfuv6pqierqdva1mp66mgvlze7yj3x20xbnhgsju9b7gdzzqvpyv6jmscrwd9t05wnpvbajcaa9nzz5oyu1fc0h8k72m1xp8bk6d4280hq5veyczs6v1t4zn0/val_probs_labels.table.json","_latest_artifact_path":"wandb-client-artifact://22b0pflv5gg6afrigzfchd58th9o7ieh9gvmo66hvh8qnqt9ny85p82a8pcg3q5ayyjjg9r2aidnrup565fgtz5w93inx0ycxlzso4bk4mvb3whzzp5xlkm37goy076e:latest/val_probs_labels.table.json","path":"media/table/val_probs_labels_23_7f8a436505ce335fe822.table.json","ncols":2,"nrows":851,"_type":"table-file","sha256":"7f8a436505ce335fe8228685919089d545683e79a7b6c0160941fcda3ecce82c","size":22125},"test_specificity":0.8617283950404512,"_timestamp":1.7504156579966786e+09,"_step":24,"val_accuracy":96.23971797884842}