{"val_loss":0.0965192552123751,"_runtime":593.116394221,"test_accuracy":97.13155291790306,"test_correct":982,"tumor_train":1489,"_timestamp":1.7504137990967479e+09,"test_sensitivity":0.9620462046045867,"no_tumor_train":1276,"test_incorrect":29,"test_auc":0.9939534694210163,"sensitivity":0.9736842105080135,"_wandb":{"runtime":593},"test_specificity":0.9851851851608596,"train_samples_used":2765,"auc":0.9966059348999459,"test_total":1011,"val_probs_labels":{"size":21986,"artifact_path":"wandb-client-artifact://jxfq5bwaeakgfqbs59wsblsla4k685r7bq0arptvygo4blf78d9gzttj5s5b4v8c6pu0rxk2cqr5lgh0n8s0enqxj49vdajzburvt3vp75u10m819ip07timwz9ujq59/val_probs_labels.table.json","_latest_artifact_path":"wandb-client-artifact://2ib8wm9hcnce1nb4r46tx09qanmddglk8hxdyhe3zn8i16ay5jmu7bkgbn5no57v7bodfjvv8xlt3q4a6ahlhe7u61mivbi44mhitjqefawedxfb5gg0ue8dm4j7doum:latest/val_probs_labels.table.json","path":"media/table/val_probs_labels_36_b07ffbe25f9e7415163a.table.json","ncols":2,"nrows":851,"_type":"table-file","sha256":"b07ffbe25f9e7415163a813cb02fac071b2440ab05eed53fc7f7c8c6f53e7c92"},"val_accuracy":97.53231492361927,"train_loss":0.02999956615861844,"epoch":37,"_step":37,"specificity":0.9780564263016283}