{"val_accuracy":96.82726204465335,"val_probs_labels":{"path":"media/table/val_probs_labels_19_7e1bcefa5e737a276753.table.json","ncols":2,"nrows":851,"_type":"table-file","sha256":"7e1bcefa5e737a2767534c82554c20a79e1ca65856b19452ad67b54a9629369c","size":21217,"artifact_path":"wandb-client-artifact://qvnykaf4doltsbbq3ooxb5gw57namcclg21nrgmyxqadb0g8hvzgu5ft826kex559xk22jdaiot76jsjg0jl88n57l22rd0an9ax7bist5uehg8j654n1usw7lz0kl7j/val_probs_labels.table.json","_latest_artifact_path":"wandb-client-artifact://h0yamyfarrghbcpfrj9bda28noc39zcskvwbe7kv8864sjoy5updhhh99bsabr9r9lzai7chor8q2x21mwv2i498xh9agqze407o6r5a22h2fvxohllvsrzlyoc9n7mi:latest/val_probs_labels.table.json"},"epoch":19,"specificity":0.9741935483556712,"checkpoint_path":"Checkpoints/Hyperparametersuch-noTu-T/chocolate-sweep-49/checkpoint_epoch_010.pt","train_loss":0.044213232629449394,"val_total":851,"_timestamp":1.7480473752425418e+09,"val_loss":0.133524843181173,"train_samples_used":3404,"val_correct":824,"_wandb":{"runtime":263},"auc":0.9945024148828335,"val_incorrect":27,"_step":19,"_runtime":263.581995095,"sensitivity":0.964879852107858}