{"train_loss":0.05400157074577042,"test_correct":925,"_wandb":{"runtime":342},"train_percent_used":0.5,"_step":29,"test_accuracy":91.49357072205737,"test_total":1011,"specificity":0.9516129031951093,"test_auc":0.9715275231226828,"val_loss":0.17909505644014903,"auc":0.9872458410351203,"sensitivity":0.959334565601491,"val_accuracy":95.65217391304348,"test_specificity":0.962962962939186,"val_probs_labels":{"sha256":"5128433c84a83e7f8ee595b9fac693e07d3894fd326c4e60cb64a26903e39c45","size":22064,"artifact_path":"wandb-client-artifact://z9xc125y62phqe1k4iut3jruf3kp40icbcp7arfklapf648pfasxliuev2w3lshdk6i8vd9rvv9ga1z4fthlyxfqcnhd6ydh567904skqt3c71dko44evth62nzxfof4/val_probs_labels.table.json","_latest_artifact_path":"wandb-client-artifact://an9i3i86eip7fw6radz72egdtrz6vjddh7rymsax125mlgrf2yvzcm45i9xe7j1iiu13wixgaw51d0vhgwxcemr456megwy7jvlh0f1d5g76vk00nlqqb8z3tnjxedrm:latest/val_probs_labels.table.json","path":"media/table/val_probs_labels_28_5128433c84a83e7f8ee5.table.json","ncols":2,"nrows":851,"_type":"table-file"},"epoch":29,"train_samples_used":1702,"test_incorrect":86,"_runtime":342.068713414,"test_sensitivity":0.8828382838138146,"_timestamp":1.7497817832574663e+09}