{"_wandb":{"runtime":234},"_step":4,"epoch":5,"train_loss":0.24770306809761813,"val_loss":0.3870316909419166,"_timestamp":1.747226752789074e+09,"_runtime":234.457668635}