{"_runtime":1807.175871244,"test_accuracy":97.52720079129574,"auc":0.9960833252088004,"test_specificity":0.9925925925680841,"val_accuracy":97.96318057187622,"val_probs_labels":{"_latest_artifact_path":"wandb-client-artifact://c40xoagc1msekdon7vfe3dzndpogl24uoxc4qk5w89x4uqu00n5na4trnncbolgdc0h8610i7v32zolrswxhe2f2dej8lox1pye7v21nextjam3vbilqlphyjsplli5a:latest/val_probs_labels.table.json","path":"media/table/val_probs_labels_25_586dca84ea2fda50e4c0.table.json","ncols":2,"nrows":2553,"_type":"table-file","sha256":"586dca84ea2fda50e4c0525ea3005758b1c98e1fc297a3ea588a6d0f86252a3e","size":66294,"artifact_path":"wandb-client-artifact://7yn5099e6d9i2r31tw0480e3pkhttkhsqzau05edpyrj0yixmoqi8j805v5a92leb3bav19yjn0h00dut8r7blewibuh72hoqtl5gwo7tr1645dtm2fokzmlhh22b222/val_probs_labels.table.json"},"test_total":1011,"train_percent_used":0.9,"sensitivity":0.9854245880799404,"test_sensitivity":0.9636963696210611,"train_loss":0.041404482358807906,"val_loss":0.07891420691739767,"train_samples_used":9190,"test_correct":986,"specificity":0.9702564102464589,"_step":26,"test_auc":0.9961618384060629,"test_incorrect":25,"epoch":26,"_wandb":{"runtime":1807},"_timestamp":1.749308718512539e+09}