{"_step":35,"val_total":851,"_wandb":{"runtime":458},"val_accuracy":97.76733254994124,"_runtime":458.054752372,"auc":0.9961779261821,"_timestamp":1.7480494939571772e+09,"val_correct":832,"specificity":0.9741935483556712,"val_incorrect":19,"val_probs_labels":{"sha256":"ca0e9bc5b9e89c1efda28b9bab95cde4facb80eee98fe6fbadaed2be7f7be244","size":20461,"artifact_path":"wandb-client-artifact://4utqyvr2xu74bebqtn2f8s3je343yw9rogvok7v5lihqufezulcreve72vsgvp5u9i1jbxkx3unsy1p9vvmsfe9vym9qpzz6ed69tem25sxhrg2s683gs98r2df3grgk/val_probs_labels.table.json","_latest_artifact_path":"wandb-client-artifact://rky3rni7s1dbricz6zg012c6dj8n9a55j0hu9vaujy8246zvvygh9m7g2fsaic5l3fydv80oo1touujjo9kyxs73dzoiew5miffyg38vg99oqq9q4jz9zp1c5opvgcv9:latest/val_probs_labels.table.json","path":"media/table/val_probs_labels_35_ca0e9bc5b9e89c1efda2.table.json","ncols":2,"nrows":851,"_type":"table-file"},"checkpoint_path":"Checkpoints/Hyperparametersuch-noTu-T/glowing-sweep-54/checkpoint_epoch_030.pt","val_loss":0.1139675619612847,"sensitivity":0.9796672827915034,"train_samples_used":3404,"epoch":33,"train_loss":0.0063060475102382175}