{"val_incorrect":39,"_step":53,"val_correct":812,"epoch":38,"sensitivity":0.9741219962851364,"val_probs_labels":{"size":21683,"artifact_path":"wandb-client-artifact://2yaunsh5mxdjitibjkiucf1ifopseo82ptr3uk6ae5ijiu90fqp1sza3fahai44d6kb7ey1yp5tcslbiupp6t34e9y1eygftle3pc892jlr8jz1cg7f6k96fdoqol8kf/val_probs_labels.table.json","_latest_artifact_path":"wandb-client-artifact://jw92v1fklmhj19tucp9h1uqa91uem9655xsslfebfqy9gxe1bid9k6rww01qjya1d03knyr70zj60shzmr9blmuzlc70814ugde7d3ougur2iodndpnwejxu6oxwdgmg:latest/val_probs_labels.table.json","path":"media/table/val_probs_labels_53_d2bba213f5a5cfac2460.table.json","ncols":2,"nrows":851,"_type":"table-file","sha256":"d2bba213f5a5cfac246024e78cf1489b722004f858918d1dc542dad0ff983bad"},"best_model_path":"Checkpoints/Messungen-noTu-Tu/trainsample_1702/best_model.pt","_timestamp":1.7486325350675943e+09,"train_loss":0.025741959855492626,"checkpoint_path":"Checkpoints/Messungen-noTu-Tu/trainsample_1702/checkpoint_epoch_030.pt","specificity":0.9193548386800208,"val_accuracy":95.41715628672151,"train_samples_used":1702,"auc":0.9899528948780634,"_wandb":{"runtime":311},"val_total":851,"_runtime":311.060577379,"val_loss":0.19997004313128336}