{"val_probs_labels":{"path":"media/table/val_probs_labels_20_c99889cd0e82244dde28.table.json","ncols":2,"nrows":532,"_type":"table-file","sha256":"c99889cd0e82244dde28eded667c22ffca6569dd56606486dd3372d1966edd9c","size":13654,"artifact_path":"wandb-client-artifact://h19s7j3dw16qvwjhxljid5h9p8lkyqa3akeejufc89125muvewsfivxoyzlb92rqvwfu3q1240vcua8rc8u5w1ad51fwidq7ayte765jlbminmkklafongn6grgtbalf/val_probs_labels.table.json","_latest_artifact_path":"wandb-client-artifact://0ay1d29xtop54hrnt8uhovfdtmo97wxej5pi2x6gg07b822a232iffjrrerm258gw7wt4k2fy4uzw86c5jtzzmbncj85u1pjjb8kok1jfqebtnxh8lj5a2f0zuqkqh7o:latest/val_probs_labels.table.json"},"val_accuracy":92.66917293233082,"_runtime":189.514448342,"specificity":0.9151291512577443,"_timestamp":1.748113898522301e+09,"auc":0.9724095516817237,"train_loss":0.05208266887869408,"train_samples_used":2128,"val_total":532,"_step":20,"checkpoint_path":"Checkpoints/Hyperparametersuch-Gli-Men/vague-sweep-49/checkpoint_epoch_010.pt","sensitivity":0.9386973179716974,"val_correct":493,"epoch":20,"_wandb":{"runtime":189},"val_incorrect":39,"val_loss":0.2834724293035619}