{"val_total":851,"val_correct":826,"train_loss":0.005838931446945666,"val_accuracy":97.06227967097533,"specificity":0.9612903225496358,"val_incorrect":25,"auc":0.9952209170592093,"_wandb":{"runtime":338},"_runtime":338.507025986,"val_loss":0.1253416238801687,"train_samples_used":3404,"val_probs_labels":{"sha256":"c3a206d2eae641c5857b7eb9a955d063e94aed047be352a409c577fce251e33f","size":19253,"artifact_path":"wandb-client-artifact://61sqfj6jr5nbwmchsb6ov0w76f7pquup8n5du6lhumw2kx6jz8seylz39u2uarwefmtidi6o8dmzklohd49cbiwspj98lt3jmrv23jt9429e05rvsh3yc82705fdyx6j/val_probs_labels.table.json","_latest_artifact_path":"wandb-client-artifact://x7ut6kar2ofd0s81itp1o8kqosxk6qvg5sf5kbsfl7br431bwh0no146rcshd1whp3r9kb4q1pk68yoogwj6d3mrq7apnhlm5ajlqrimsk88l30oli9ypjelbj055mjr:latest/val_probs_labels.table.json","path":"media/table/val_probs_labels_25_c3a206d2eae641c5857b.table.json","ncols":2,"nrows":851,"_type":"table-file"},"_timestamp":1.748048839858279e+09,"sensitivity":0.9759704251205921,"checkpoint_path":"Checkpoints/Hyperparametersuch-noTu-T/glowing-sweep-52/checkpoint_epoch_020.pt","_step":25,"epoch":24}