{"_timestamp":1.7472508294131787e+09,"_runtime":76.71192862,"_step":4,"epoch":5,"train_loss":0.25801834683412705,"val_loss":0.27542953607108855,"_wandb":{"runtime":76}}