{"train_loss":0.038520710077136755,"test_sensitivity":0.9405940593904192,"sensitivity":0.9680451127637585,"test_total":1011,"val_probs_labels":{"_type":"table-file","sha256":"893310bf2f762d20078c8e844fb308598c07837c1fc6ba9c91f0e1ecca3b6a63","size":22303,"artifact_path":"wandb-client-artifact://93264xnsr4z3f39fj6gx60v4ox8j49vkhkwjfbmu3thjx88lnazxx23t1nykp8ipkoso1yxbs5uisao2fcom4pj16dqi9s5czh8ysqoyxvh9ghftnzxzw4fd97arur5z/val_probs_labels.table.json","_latest_artifact_path":"wandb-client-artifact://ubor2vjqrxhogrj523m4rb6l49gpu2kj1fvx1dnvbstakecre7k83a9uzgjj9979n1t7m6u83jqp65n8u51zar61fl2cq3qngy6pyqlxzk25qe49iwfgrrvpl5rojhk2:latest/val_probs_labels.table.json","path":"media/table/val_probs_labels_30_893310bf2f762d20078c.table.json","ncols":2,"nrows":851},"specificity":0.9905956112542132,"test_accuracy":95.45004945598417,"test_correct":965,"test_specificity":0.9753086419512269,"test_auc":0.9927596463350038,"_runtime":463.209002791,"test_incorrect":46,"train_samples_used":2552,"_wandb":{"runtime":463},"val_accuracy":97.64982373678026,"no_tumor_train":1276,"tumor_train":1276,"auc":0.9929702783604779,"_step":31,"epoch":31,"_timestamp":1.7498298113082328e+09,"val_loss":0.17719899736610906}