{"val_accuracy":98.47238542890717,"tumor_train":2128,"specificity":0.9874608150160671,"_timestamp":1.7504503303798268e+09,"test_auc":0.9968341278572301,"test_incorrect":23,"val_probs_labels":{"_latest_artifact_path":"wandb-client-artifact://z1sacyn5hfntxe1icsb2by0osqrxxbi1a1hqlp2z7uh2sjev74dwoa1166kyq5oae0w65y0pqryi6x6nnvzja00xnu7br6h8uf71wl2osyegoypszhsfig8xmtu8judf:latest/val_probs_labels.table.json","path":"media/table/val_probs_labels_31_b072a9d025aa56b4b863.table.json","ncols":2,"nrows":851,"_type":"table-file","sha256":"b072a9d025aa56b4b86354bf450f93f72969d58c4bef686c941bfe146b77a603","size":21587,"artifact_path":"wandb-client-artifact://2oz2f4q4dd7cdym1cjkkg1ceb4oa6vlc57c58g1hkobk084tpi42hwwzygqd1vf738nvd54j6y4k2ca9js7xgvaoy2dq7p8zu5c4anis29nkwba3ae7bo7hjt0nbtzqx/val_probs_labels.table.json"},"train_samples_used":3404,"_step":32,"auc":0.9959047304782331,"sensitivity":0.9830827067484382,"test_accuracy":97.72502472799208,"epoch":32,"no_tumor_train":1276,"test_specificity":0.9975308641729005,"_runtime":629.605103685,"_wandb":{"runtime":629},"train_loss":0.021882646665390994,"val_loss":0.08208906019405861,"test_total":1011,"test_correct":988,"test_sensitivity":0.9636963696210611}