{"specificity":0.9261992619584428,"_wandb":{"runtime":239},"epoch":26,"val_loss":0.2382905318723608,"train_samples_used":2128,"val_incorrect":35,"auc":0.9767145947321543,"val_accuracy":93.42105263157895,"_runtime":239.513424463,"val_total":532,"sensitivity":0.9425287355960716,"_timestamp":1.7481010681422844e+09,"_step":27,"val_probs_labels":{"path":"media/table/val_probs_labels_27_028ccdc39d2233f5c5c7.table.json","ncols":2,"nrows":532,"_type":"table-file","sha256":"028ccdc39d2233f5c5c7f80418bacacbd2cde3506b701f9398fd856519d76d5b","size":13653,"artifact_path":"wandb-client-artifact://x05w4v7huu1zor55jmuchy51xgzqbrxohk17rdfx4e5lvt04mnliv026t3x93fddejz1zi2qd5m7an4kq2wi9g0v4laqo6g568pyelk83ynw9njoqiincrkolnrz4dxg/val_probs_labels.table.json","_latest_artifact_path":"wandb-client-artifact://2pfx5dw86ug3swd9s43ow07wej5cqtd5e1pds89q7n1wxpaszmapzxgqth4ae5bxymhgw9t8cv1we2y6mla736tkfwcyycrs44wxse88xjzzn7u8ftxurcmwzggh71rg:latest/val_probs_labels.table.json"},"val_correct":497,"checkpoint_path":"Checkpoints/Hyperparametersuch-Gli-Men/mild-sweep-4/checkpoint_epoch_020.pt","train_loss":0.04780238509266567}