{"_step":112,"val_total":851,"checkpoint_path":"Checkpoints/Hyperparametersuch-noTu-T/wobbly-sweep-76/checkpoint_epoch_100.pt","auc":0.9949436527338859,"val_correct":828,"val_loss":0.09427718286003385,"train_loss":0.020294721152081533,"specificity":0.9612903225496358,"val_accuracy":97.2972972972973,"sensitivity":0.9796672827915034,"train_samples_used":3404,"_wandb":{"runtime":1392},"epoch":103,"_timestamp":1.748058723598576e+09,"val_probs_labels":{"size":21879,"artifact_path":"wandb-client-artifact://1nde4jezl3rfzlz0j98ua680jzp646bpjtc9b9fu2pvbgtozqtrv95siyu1w1xfnx454bhsv3wo7cxc8qn1zfyheua5d9pgohws1cky1n97pfz7wd1lu5yr3a2f2jivc/val_probs_labels.table.json","_latest_artifact_path":"wandb-client-artifact://qjl22chre231isq9lp0y0c1qhofl553fqdhbn5gpac8hzzpa5xp7ora19sb11x6c20k6kvjck6sms9zpog7d1xq94j9jtvys42esj9pa8wzz9uhp1bb3gol1dctwle4y:latest/val_probs_labels.table.json","path":"media/table/val_probs_labels_112_8fb68bab80ee98fe7c56.table.json","ncols":2,"nrows":851,"_type":"table-file","sha256":"8fb68bab80ee98fe7c562f183a745633177ceae40c9de0418215dc1f7dd92fe3"},"_runtime":1392.495904477,"val_incorrect":23}