{"test_auc":0.9945075989080391,"val_loss":0.06507761284176793,"val_accuracy":98.35487661574618,"val_probs_labels":{"size":22117,"artifact_path":"wandb-client-artifact://jnw0e09889lkex5bmqzvhiqcf4y8nmyjyqryvotp4uvhqtxex2l3xcnn9498br0ubrcf4y2zb0ey2cuzopd7uaqv15t88wt1h4nj9vh6qiexhbekxj20h8zzh3gxpzin/val_probs_labels.table.json","_latest_artifact_path":"wandb-client-artifact://ddsnzoessmc0zsh8nxo92g2w0anlsi11l79p39xfozroef2r4klzwqw5x3v0g3yslwd1rpowlr2oh5y3lgl2olj4jgcotpmllt31ngrsfooptq7wwvguk6fd4bpnmy75:latest/val_probs_labels.table.json","path":"media/table/val_probs_labels_30_ad621b874da05f333970.table.json","ncols":2,"nrows":851,"_type":"table-file","sha256":"ad621b874da05f3339709cfb2f01a7179c70ce8c5caccf9f2e41f8bfb9820109"},"specificity":0.9905956112542132,"test_incorrect":32,"tumor_train":2128,"no_tumor_train":1276,"_wandb":{"runtime":573},"test_total":1011,"_runtime":573.530345168,"_timestamp":1.7504360315975285e+09,"test_sensitivity":0.9521452145057402,"train_loss":0.03745527803483936,"test_accuracy":96.83481701285855,"test_specificity":0.9925925925680841,"test_correct":979,"_step":31,"train_samples_used":3404,"auc":0.9960520423315342,"sensitivity":0.9793233082522683,"epoch":31}