{"test_sensitivity":0.955445544538689,"test_incorrect":27,"val_accuracy":97.88484136310224,"sensitivity":0.9736842105080135,"train_samples_used":2978,"test_specificity":0.9999999999753086,"val_loss":0.06598279252648354,"test_total":1011,"_runtime":1405.333514124,"train_loss":0.07284293655538931,"tumor_train":1702,"epoch":84,"val_probs_labels":{"sha256":"dc83653e56961621f340a94b5f27095dbce27055e41ebd45af2057244304c2c7","size":21707,"artifact_path":"wandb-client-artifact://tjr4behkiusob6xuw5vq0wtevm1q8nzfajwacaoem4q9re2je20pg91v3831f3xrkt7z45zloze33olzx8a3y9eccp4e0v4wzdlr069fke3lf499opy6q5plepl1jbl3/val_probs_labels.table.json","_latest_artifact_path":"wandb-client-artifact://9ask81qvpnf23rl8idf4hl0gr2cslbyq1z53nufyxec8kpfd523jcxc8s4peihrf77g0d6rvmt3o71s8f5muyze7g89udcxj4nqaxwp02dccs0kq4mdyujp08y9cawvd:latest/val_probs_labels.table.json","path":"media/table/val_probs_labels_83_dc83653e56961621f340.table.json","ncols":2,"nrows":851,"_type":"table-file"},"_step":84,"test_accuracy":97.3293768545994,"no_tumor_train":1276,"_timestamp":1.7504325818161504e+09,"specificity":0.9874608150160671,"_wandb":{"runtime":1405},"auc":0.996323096141608,"test_auc":0.9940512569775496,"test_correct":984}