{"test_accuracy":95.64787339268051,"_timestamp":1.7498524865956547e+09,"train_samples_used":2765,"test_correct":967,"auc":0.9938305795837558,"tumor_train":1489,"val_probs_labels":{"size":22241,"artifact_path":"wandb-client-artifact://hlba57190qbin7otirrf8q5nmdib5kztqbgk13309e1n9x64uwqz1r5nfygi981u9wzb8to5mlqan63pav4z79kruqglk0npybj9q9h9bmoiw8zkjnduk9suie9zayk8/val_probs_labels.table.json","_latest_artifact_path":"wandb-client-artifact://aiknscqjewbgf3n9idcl221ze82q9m1y7qf26z1orttt78gxlib8cmw3qnwwor7x7ae1hhc58degcopfju6ubq7a9xz25zwjdvdltp5yvxbj66qg9hmzg289pt3i6mhv:latest/val_probs_labels.table.json","path":"media/table/val_probs_labels_36_82a50b5305f0eafeae59.table.json","ncols":2,"nrows":851,"_type":"table-file","sha256":"82a50b5305f0eafeae598731687d8ce497b38d2f8c0ebfbcf5567ecccdd6bfea"},"specificity":0.9905956112542132,"_step":37,"test_total":1011,"val_loss":0.14786898837025678,"test_sensitivity":0.9422442244068936,"_wandb":{"runtime":615},"_runtime":615.076421182,"test_specificity":0.9777777777536351,"test_auc":0.9869005419060425,"epoch":37,"test_incorrect":44,"train_loss":0.05378831575878642,"sensitivity":0.9699248120118436,"val_accuracy":97.76733254994124,"no_tumor_train":1276}