{"sensitivity":0.9492481202829088,"_timestamp":1.749826919995023e+09,"test_accuracy":85.06429277942631,"specificity":0.9592476488727508,"epoch":19,"_step":19,"_runtime":195.975641022,"val_probs_labels":{"sha256":"b1d9925bb3f3a3f42b8703d525b1ab25dd4ef8ae6a7b4c0d9e7adb7f3f18c1d7","size":22156,"artifact_path":"wandb-client-artifact://mhok6mx4hxhpbnl91w0u49jkgzecn3kyufr0ludfe8csdcssrir3eb0w5lc4tj4h4cbbh0xozavu687qpdv343hjagr42lrxorzmoy2mtvyl7cls1ldlojrcd4rb9wcx/val_probs_labels.table.json","_latest_artifact_path":"wandb-client-artifact://qgr5yyv837fdg6k8qbdtcjesam0z0pns88xj1vv2t2xjnpv361ob77vxyeyhn8cpjejhqh6uz3twbq6grci1yy9ycp8tgra1p0qef9h0cwgm277dyf3rawfcvxwilkl2:latest/val_probs_labels.table.json","path":"media/table/val_probs_labels_18_b1d9925bb3f3a3f42b87.table.json","ncols":2,"nrows":851,"_type":"table-file"},"train_loss":0.07796051135907571,"test_specificity":0.8098765431898796,"auc":0.9835010724302921,"train_samples_used":1488,"test_correct":860,"test_sensitivity":0.8778877887643913,"test_auc":0.9290225318828179,"test_incorrect":151,"tumor_train":212,"no_tumor_train":1276,"val_loss":0.2945575735398701,"_wandb":{"runtime":195},"test_total":1011,"val_accuracy":95.29964747356053}