{"sensitivity":0.9680451127637585,"val_probs_labels":{"path":"media/table/val_probs_labels_38_8f0490fcb02639e76569.table.json","ncols":2,"nrows":851,"_type":"table-file","sha256":"8f0490fcb02639e765696a9bf4559499d17fcd0e020a55872e30fa0635749c0b","size":22152,"artifact_path":"wandb-client-artifact://1pjogpkutkmgyk5waxx2y4ag8n85ig6thmrjbpvkdzi50a38yjc0un22mpe6clzu7vdk18dj4chigmroavm847jzl63a78so3qcogrcdl5yb4ouh8qdtdwpc9m6bznxj/val_probs_labels.table.json","_latest_artifact_path":"wandb-client-artifact://kyswagqmkr4exmn2irxspdtynb163703thbp07sa6b1v2rj1b2htetljeaqusbfzpvry0corsf0z47oq7aquyczc5ppt89c4qm1hjv444l98w9k0g8zfs66vpn3nxmyr:latest/val_probs_labels.table.json"},"train_loss":0.09270967317647055,"val_accuracy":97.41480611045829,"test_incorrect":67,"no_tumor_train":1276,"_runtime":555.786844152,"test_specificity":0.9827160493584515,"specificity":0.9843260187779208,"test_total":1011,"test_accuracy":93.3728981206726,"test_correct":944,"test_auc":0.9838324573198061,"_wandb":{"runtime":555},"tumor_train":1064,"epoch":39,"test_sensitivity":0.9009900989950331,"train_samples_used":2340,"auc":0.9945376764796003,"_step":39,"_timestamp":1.750448489165584e+09,"val_loss":0.10238907193498951}