{"test_specificity":0.9876543209632678,"train_samples_used":3404,"auc":0.9963508437183233,"test_total":1011,"val_accuracy":96.70975323149236,"train_loss":0.04364445950422022,"_step":45,"test_incorrect":35,"test_auc":0.9940512569775496,"specificity":0.9516129031951093,"val_probs_labels":{"_latest_artifact_path":"wandb-client-artifact://s1dvcau4r6nabze08537zykzuovvhkczi6sihsgljmlbstqp7jmdqsn2hjp5xw4jttoqlv666xpt5eyeuhp2p4vmwnpzmaznil0u0hckd36du7fxb8329o32tmnpk9li:latest/val_probs_labels.table.json","path":"media/table/val_probs_labels_44_95782444c06a1581bb7b.table.json","ncols":2,"nrows":851,"_type":"table-file","sha256":"95782444c06a1581bb7bdbd1b4cc4085140994cf859547d2f2354c742c3128e7","size":21714,"artifact_path":"wandb-client-artifact://4cysxrhgvvurhb36hkpaw2ke82tiq3mvnp66newdwkepos5t0ao3abwedmedk8754if7qtmw6qlca697hwbxl17zww0ug59wxnb82r8mvgjpjr9lpet0x9qpm3d2eunb/val_probs_labels.table.json"},"train_percent_used":1,"test_accuracy":96.53808110781405,"_timestamp":1.7498131331114037e+09,"epoch":45,"sensitivity":0.9759704251205921,"_runtime":923.438571087,"_wandb":{"runtime":923},"test_sensitivity":0.9504950494892658,"test_correct":976,"val_loss":0.09116461127996445}