{"test_incorrect":140,"specificity":0.9780564263016283,"val_probs_labels":{"path":"media/table/val_probs_labels_18_278218e5b40072f0e065.table.json","ncols":2,"nrows":851,"_type":"table-file","sha256":"278218e5b40072f0e0656f42083d511549e5ae5f6f4486d692bd6da779559a9f","size":22158,"artifact_path":"wandb-client-artifact://zbiv1pj9mchicznrw77see2kv2z85tpuny1mzfqeocwny16yp6d3ylxpt2nwtkccw7l8rllqknbfudkoscoqauhjxwul4yui8lq686hrjaaohkdi2u57r8wkjtqz5prk/val_probs_labels.table.json","_latest_artifact_path":"wandb-client-artifact://vppn1bxkhmfk0wz74madlzqvjqg25nhhxdypqu3vh1m5fu9e7ywxikwg0fcdrzfs7ytjh8n465oit2oh225pqh5tvq3ladn6hwpbppxjk4gwd14dersif684x37hty1b:latest/val_probs_labels.table.json"},"sensitivity":0.9492481202829088,"tumor_train":212,"_timestamp":1.7504588018785424e+09,"_step":19,"val_loss":0.24449274901832854,"test_sensitivity":0.8811881187973402,"_wandb":{"runtime":162},"epoch":19,"val_accuracy":96.00470035252644,"_runtime":162.390969352,"test_total":1011,"auc":0.9872722558747966,"test_auc":0.9310394002363198,"test_correct":871,"train_loss":0.08098071999847889,"no_tumor_train":1276,"train_samples_used":1488,"test_accuracy":86.15232443125618,"test_specificity":0.8320987654115531}