{"_runtime":265.756962768,"specificity":0.924242424207415,"test_sensitivity":0.9019607842842496,"test_total":606,"val_loss":0.30496037304949236,"val_probs_labels":{"_type":"table-file","sha256":"2a29e434d536b8ee69323a6269b74f9a7db9a126894bc66ea88e0dfc64ed2616","size":13787,"artifact_path":"wandb-client-artifact://12aerdbtyjpwe1oj17y1k710j7r0d2vklj4i1mqmmeh3ro488gbbz8ldqtyxv40d9c8a1w09m6pq8pkjpxvk18t9f2px36xv1khoo9fq84muviyiax6u2d0wemlvhtlk/val_probs_labels.table.json","_latest_artifact_path":"wandb-client-artifact://fpybhn9eff0np0bxrpltsznya9m759amgs0bnpubwszj5qq4dkdln1xvnarco54y5rhypoqqzt2269uszu4lt1ywii8gpxi9atgsgnxukjg5ivphdumafq5hgl21i2q2:latest/val_probs_labels.table.json","path":"media/table/val_probs_labels_19_2a29e434d536b8ee6932.table.json","ncols":2,"nrows":531},"sensitivity":0.943820224683752,"_wandb":{"runtime":265},"epoch":20,"auc":0.9623340143003063,"test_specificity":0.929999999969,"test_confusion_matrix_table":{"ncols":3,"nrows":4,"_type":"table-file","sha256":"be09e751e6d623793c2faa2326ed87654be2a986ed67f32dcf1d69d738db0f4b","size":192,"artifact_path":"wandb-client-artifact://32e49pq8smmx26sy022k2jbp76e4curgyo3l5r3nxfi2ol1u6wyqcmg66m92k0i51urxd3vkyta196bv9nr381znh79arj6vg8zgrbiot4skid4qxtvta1dc1578u7e2/test_confusion_matrix_table.table.json","_latest_artifact_path":"wandb-client-artifact://idy9hdbm6zmall3max3tbpj2nv52c6i2karpa3hxx4zb181y3wolg56oy8lfeivb3rtpkflu8qonzpszbviqqyah05q6dnfz25oy8a4goks74zsux4sgdi33xal9pqid:latest/test_confusion_matrix_table.table.json","path":"media/table/test_confusion_matrix_table_20_be09e751e6d623793c2f.table.json"},"train_samples_used":2023,"glioma_train":951,"_step":20,"val_accuracy":93.40866290018832,"test_correct":555,"test_auc":0.9740522875816994,"train_loss":0.05408079487933433,"meningioma_train":1072,"test_accuracy":91.58415841584159,"test_incorrect":51,"_timestamp":1.7497513432128375e+09,"test_probs_labels":{"ncols":2,"nrows":606,"_type":"table-file","sha256":"81446d6c9c8c4b3cde4f9c146af110efa828fdf66ed24fe583a4cd26482fdc87","size":15378,"artifact_path":"wandb-client-artifact://o4xryi39xyqb5w625ytfyh1oc7brqzh292da9z2vbfvjmoaudp7pf1jdu06qszr3nxvegca345kic7c13aapadl6zdtjrbhj8lvad245ad1hxshjim0yo4o8urv6zt3s/test_probs_labels.table.json","_latest_artifact_path":"wandb-client-artifact://hmthngvlpezoyf6qcf0395vvx7oc1m7v824t3wcgy18rs2awlx89jg4ar3x0k61oh8sad6vf3slkb0djk7qo9y12sieclnkhu7xtbt0u7gfa4juz48pijktbhon595u0:latest/test_probs_labels.table.json","path":"media/table/test_probs_labels_20_81446d6c9c8c4b3cde4f.table.json"}}