{"checkpoint_path":"Checkpoints/Messung-noTu-Tu/trainsample_3064/checkpoint_epoch_030.pt","val_correct":819,"_runtime":426.122631994,"auc":0.989923081509749,"val_incorrect":32,"train_samples_used":3064,"_timestamp":1.7485295419023404e+09,"val_probs_labels":{"path":"media/table/val_probs_labels_48_6741b523c2f294edaa1f.table.json","ncols":2,"nrows":851,"_type":"table-file","sha256":"6741b523c2f294edaa1fcbba8d87062180a39f97da0b1e87fe8c1b82148cac94","size":22192,"artifact_path":"wandb-client-artifact://plkas6g9hfsl5yp122wc2snrjpcykjoq3f0jk52xucjdrt82560gxg058ynfo6969ezxv6ckp16paeankxlhlhi3eazqe79bqtj6ovqmjt5yoisrxitgxqbw7n8u9zbm/val_probs_labels.table.json","_latest_artifact_path":"wandb-client-artifact://m2ip8gamouuadvyvl5748bt4cc64eyczza74mw28ziv8fvfu6tixbls62xe8nekuh100c1i38t6jaf2820s1nwq3oc9e7pf235z1wovpjiwt3bp11i7z18i6lqt625sb:latest/val_probs_labels.table.json"},"_step":48,"sensitivity":0.959334565601491,"_wandb":{"runtime":426},"train_loss":0.032263222616165876,"best_model_path":"Checkpoints/Messung-noTu-Tu/trainsample_3064/best_model.pt","val_accuracy":96.23971797884842,"epoch":34,"val_total":851,"val_loss":0.20255687726395472,"specificity":0.9677419354526534}