{"_runtime":362.394314473,"val_accuracy":95.88719153936546,"_step":43,"epoch":29,"specificity":0.9419354838405827,"val_total":851,"val_probs_labels":{"size":22104,"artifact_path":"wandb-client-artifact://93g8f0i9jojgokftf9n6la20ae09ua4xi8j1y6doh92ctwla5ja7cbavyqvs94vmnzdggewmej62v7a1yxcscemhhlef0rpqajbos4nnc7dvd75lupcy48xqoup91v10/val_probs_labels.table.json","_latest_artifact_path":"wandb-client-artifact://az2tf1hjk2bzo5pjqqnj5qbpx9oyfw8tfwx7izw4dexos582oie63e8d8o4tq6f3qv5cl9p1zmm68l0mnv8xbfcvx7pz4zvyag1wwsb9mfjr4sv5m698u1kgau1bu9dk:latest/val_probs_labels.table.json","path":"media/table/val_probs_labels_43_181e85b260a491ca14e9.table.json","ncols":2,"nrows":851,"_type":"table-file","sha256":"181e85b260a491ca14e9e143ce97f2f085d241d4e9e94152b45e7b0264cc3104"},"_timestamp":1.74855184834605e+09,"best_model_path":"Checkpoints/Messungen-noTu-Tu/trainsample_3064/best_model.pt","sensitivity":0.9685767097787694,"_wandb":{"runtime":362},"train_loss":0.044703295920044184,"auc":0.9923916284061773,"val_incorrect":35,"checkpoint_path":"Checkpoints/Messungen-noTu-Tu/trainsample_3064/checkpoint_epoch_020.pt","val_loss":0.1295401006937027,"train_samples_used":3064,"val_correct":816}