{"test_auc":0.998398728761765,"test_total":1011,"_runtime":2704.735717997,"train_loss":0.02600020879181102,"test_specificity":0.9999999999753086,"specificity":0.9825641025540249,"_timestamp":1.7493069071633346e+09,"val_accuracy":98.2373678025852,"test_incorrect":9,"_step":36,"test_sensitivity":0.9851485148352286,"test_accuracy":99.10979228486647,"val_probs_labels":{"sha256":"686e6d8d15d2fa8cb0859095c38abce17c1d86b082c7b2f1d1f44a5d44f12f7d","size":64002,"artifact_path":"wandb-client-artifact://5vd3ut9n0252ce0ism4tbwgfw5v66qx8thg7i33qfjwax6gzq1ynew1hq3kghldlv3t83kjoaemh6hv53gqtimyv9gecykqfi2hrgo3pbg2orwgxyzh2zburqw3duprx/val_probs_labels.table.json","_latest_artifact_path":"wandb-client-artifact://qbjgmhnr8ceys0qfo3jea6p4uvkik7ue375xcu93n0xy1rvo6r3sw4pv34762mqbn8b8flhzb3mr9i1ljuj9p0ge0zmjp2x9y3nuns9kfbs4nguc2ob5944xj2n010ro:latest/val_probs_labels.table.json","path":"media/table/val_probs_labels_35_686e6d8d15d2fa8cb085.table.json","ncols":2,"nrows":2553,"_type":"table-file"},"_wandb":{"runtime":2704},"auc":0.9971089662344415,"train_samples_used":10212,"val_loss":0.07256995568750427,"sensitivity":0.9822560202726094,"epoch":36,"test_correct":1002,"train_percent_used":1}