{"val_probs_labels":{"size":21138,"artifact_path":"wandb-client-artifact://al8cmx4dfyfhmyzu9cyg8fy4z185vmdiptj2pb4sg6xt19cod544dq3sfuutcg5jv0hii0kb06m1eu2icf7kwspnushmk19ncpeiht3g3py04860ryne2dhaht2v8sx7/val_probs_labels.table.json","_latest_artifact_path":"wandb-client-artifact://8j6tmzqjheb6pi04zdfipwmqa9olwoh8uavmmmjzzypm1uvsvfgyxynv7qvusttunoocl1fi0t5h0dsn6cx4x23d2xos0jge8z2jyr8iw5le4qc0ez28bd9gj2q98rro:latest/val_probs_labels.table.json","path":"media/table/val_probs_labels_17_758c938d8ec6cbb5cea2.table.json","ncols":2,"nrows":851,"_type":"table-file","sha256":"758c938d8ec6cbb5cea2e0c1a165c2e0eb1f78291e3ba7fd2202015cb99defec"},"train_loss":0.015171989754620611,"auc":0.9920547373442251,"_wandb":{"runtime":230},"epoch":17,"val_accuracy":96.82726204465335,"train_samples_used":3404,"checkpoint_path":"Checkpoints/Hyperparametersuch-noTu-T/treasured-sweep-72/checkpoint_epoch_010.pt","val_correct":824,"specificity":0.9580645160981269,"_timestamp":1.7480562404001427e+09,"val_total":851,"_step":17,"_runtime":230.621528759,"val_incorrect":27,"val_loss":0.14103376419682587,"sensitivity":0.9741219962851364}