{"_wandb":{"runtime":414},"epoch":27,"val_loss":0.17177983479840414,"_step":27,"train_samples_used":2382,"test_auc":0.982732347308805,"test_incorrect":56,"auc":0.9891896726492158,"val_accuracy":95.76968272620446,"specificity":0.9516129031951093,"val_probs_labels":{"nrows":851,"_type":"table-file","sha256":"1341b2e3d64a8786e5dfd2d290b65be548069a3182e9571fead1b826b0e32e8c","size":22082,"artifact_path":"wandb-client-artifact://bt09pprpx7m84y1lm7lptzvf1lvfg9pxts3yp0lso3zlt3xgl1ddnr9m7t8j2k65t828rg2miintk1i3ut9r5czhvpb0mpyufk5xopbfmmggttttisxxga0eq2ef25m2/val_probs_labels.table.json","_latest_artifact_path":"wandb-client-artifact://ihk6xbo3z5b02gpmtaguw9v5y5m1ka5nrh5mkuj3fopv61je9nymmz24rupeykhgyqnczx9jianyqyb6tbwvmllrg9qkrzqsnx5smkkc6bt1huixfysig6dcyttm6vf6:latest/val_probs_labels.table.json","path":"media/table/val_probs_labels_26_1341b2e3d64a8786e5df.table.json","ncols":2},"_runtime":414.93723412,"sensitivity":0.9611829944369467,"test_total":1011,"test_correct":955,"test_specificity":0.9654320987415943,"_timestamp":1.7497846189301882e+09,"test_accuracy":94.46092977250248,"train_percent_used":0.7,"train_loss":0.047128016717339814,"test_sensitivity":0.9306930692915727}