{"_wandb":{"runtime":438},"train_loss":0.09181081437889267,"_runtime":438.21705546,"sensitivity":0.8812260536060833,"checkpoint_path":"Checkpoints/Hyperparametersuch-Gli-Men/sleek-sweep-95/checkpoint_epoch_040.pt","val_total":532,"auc":0.9657222434293309,"val_accuracy":89.47368421052632,"_step":49,"specificity":0.9077490774572786,"_timestamp":1.7481343583591049e+09,"val_probs_labels":{"_latest_artifact_path":"wandb-client-artifact://m5mb70mwrxkl98g9hjjaw80r30wm8ujizeeqjdtpxo71mh3vfe5pmd3yd797wegwsffq6ontbezhnjo26byocw3k83f85olpzftm0yl9rx1q6c2zn42hb9pl7sndgmeb:latest/val_probs_labels.table.json","path":"media/table/val_probs_labels_49_d76cbfbc018367cb54f5.table.json","ncols":2,"nrows":532,"_type":"table-file","sha256":"d76cbfbc018367cb54f5d309a5454d615c56dc57a2e8e252238bc983ed33f4f9","size":13613,"artifact_path":"wandb-client-artifact://b3sxqa2h6pujzpb1rvqieufs4qfnujr4rp7kv0fi0o5zbfacbdlkl1gol9fpfnvt6cqhgs3ly57nguw75htwku5hj84j65w0ahup186av2nsgrt7whusxrt5m0mxoesl/val_probs_labels.table.json"},"val_loss":0.38733418583869933,"val_correct":476,"train_samples_used":2128,"val_incorrect":56,"epoch":46}