{"_timestamp":1.7481103562770607e+09,"train_loss":0.048289106456813086,"val_total":532,"val_incorrect":39,"sensitivity":0.9272030650985745,"epoch":24,"_wandb":{"runtime":229},"val_correct":493,"_runtime":229.142502891,"checkpoint_path":"Checkpoints/Hyperparametersuch-Gli-Men/mild-sweep-37/checkpoint_epoch_020.pt","specificity":0.9261992619584428,"val_accuracy":92.66917293233082,"train_samples_used":2128,"val_loss":0.2727067996473873,"auc":0.9733214573525045,"val_probs_labels":{"sha256":"aa62e7253b68f9e848e1fbe540badfbdaec6ea4647fdec711d632fb188e42d0c","size":13709,"artifact_path":"wandb-client-artifact://3utzvv944mlnytb6ibto38h10nyt0i9g6eckzrpkwvj4xlrlgb5tgcf1yuzhbr7i644fujy97yrus76liibl0x4iw3lhmfyl23pqlaa1ru3yhi3k1zla0n3z5epr6qcu/val_probs_labels.table.json","_latest_artifact_path":"wandb-client-artifact://vmcl7f6c0c418ug7e2g82nunbp0z4dy8nvh57hh0nawqjh4v475m36ztmo5bznja92p93cmt3vbqvyepwztju5wcyohuxmtpknt1qtft9vo76r3n5d8sg0s3pg733hev:latest/val_probs_labels.table.json","path":"media/table/val_probs_labels_25_aa62e7253b68f9e848e1.table.json","ncols":2,"nrows":532,"_type":"table-file"},"_step":25}