{"train_loss":0.056243172053385665,"test_auc":0.9925070284806258,"test_sensitivity":0.9636963696210611,"test_specificity":0.9777777777536351,"test_correct":980,"tumor_train":2128,"_timestamp":1.750425406924637e+09,"_runtime":510.174840763,"val_loss":0.05814211908727884,"test_incorrect":31,"_wandb":{"runtime":510},"_step":26,"test_total":1011,"val_accuracy":98.58989424206815,"no_tumor_train":1276,"specificity":0.9811912225397745,"val_probs_labels":{"nrows":851,"_type":"table-file","sha256":"9cb6386513f90ef3f8eb7b275782ec1294c1d3eae6e45dfe6d24987565031106","size":22134,"artifact_path":"wandb-client-artifact://378xrvkuwj7rl0b2m4a0cu2ewdgk2p7d462iszvzawvvl9tru1s35z1u101dhqmi4o7fic0cj7x5xcw43fathvs1dknyky3jkoxuqc9b5pfgm86hvxhv5c7q85ym7o9c/val_probs_labels.table.json","_latest_artifact_path":"wandb-client-artifact://tyse3gzz8h2n86tr9oixhjs7st6i5z43lc4mut5dqjoued2ayai178651qu12fravbih20x3vs2y74sjo4zr6jzcknjttw7p4qtg34yevc30cp3rqqz2jpmstmv6fyo9:latest/val_probs_labels.table.json","path":"media/table/val_probs_labels_25_9cb6386513f90ef3f8eb.table.json","ncols":2},"epoch":26,"auc":0.9972776769509982,"test_accuracy":96.93372898120673,"sensitivity":0.9887218044926932,"train_samples_used":3404}