{"train_loss":0.04918879386968911,"_timestamp":1.7485487143882096e+09,"best_model_path":"Checkpoints/Messung-noTu-Tu/trainsample_1021/best_model.pt","_runtime":157.163874154,"val_probs_labels":{"_type":"table-file","sha256":"1670e6a0e9cf32762084a103c981ff4133332c2b406b7ff3278456193aa16408","size":22025,"artifact_path":"wandb-client-artifact://d973gnfr8dg2gjtfnylh1mijdyxvbpj7yn9f20xk2cnri2hnxqdkcp2prki8gqi1r14k9d76i1tqpvtn9p5xxv0g7hj6svj01izhzetjwqubypfejvznwz133la0uhdv/val_probs_labels.table.json","_latest_artifact_path":"wandb-client-artifact://j6n9jxqp9z29jz9ujd0c7reo4ou3jdkhu7ling4ee3ndty1jz07yqhvzenb7nju5qu7qtml0u9a2b8dbdd6o0ic9r9tpghr70p3bftj98juc60kgbxm9r2ckg5z5gkhs:latest/val_probs_labels.table.json","path":"media/table/val_probs_labels_39_1670e6a0e9cf32762084.table.json","ncols":2,"nrows":851},"_step":39,"specificity":0.935483870937565,"epoch":26,"auc":0.9827201717250015,"val_total":851,"sensitivity":0.9574861367660353,"train_samples_used":1021,"checkpoint_path":"Checkpoints/Messung-noTu-Tu/trainsample_1021/checkpoint_epoch_020.pt","_wandb":{"runtime":157},"val_incorrect":43,"val_loss":0.220625744334289,"val_correct":808,"val_accuracy":94.94712103407755}