{"train_loss":0.0582883119268309,"val_accuracy":91.1487758945386,"_runtime":350.989870271,"meningioma_train":1072,"_step":25,"auc":0.9670511292702304,"val_loss":0.3430139964526889,"specificity":0.8560606060281795,"val_probs_labels":{"path":"media/table/val_probs_labels_25_1f2f5c5db2cb369d7c0f.table.json","ncols":2,"nrows":531,"_type":"table-file","sha256":"1f2f5c5db2cb369d7c0f1b4940be3bcf719a877462bbaff769679592d100ba5b","size":13471,"artifact_path":"wandb-client-artifact://mx7hsjydqycg5wocoabwg41hgldn74bgz4bsq29d3q7oryau9n5bty32ymlkm7vhww3bn8a7414d6c3ptat8dsldnrt95ngqyydf8fw0z7ejeya77a6b2hmkhk3x2wil/val_probs_labels.table.json","_latest_artifact_path":"wandb-client-artifact://4mcp6mu8rz8m0a2oe1nb3humw904mpozopiifb1wioygr16ylb5hjynimcehttpdpg7xk8ry0zgtfv0lsry4aq1tharoobu6flm592s0oero08v2xe5u8lf5vo10dk0d:latest/val_probs_labels.table.json"},"_wandb":{"runtime":351},"train_samples_used":2129,"glioma_train":1057,"_timestamp":1.7494659369926815e+09,"epoch":26,"sensitivity":0.9662921347952699}