{"_timestamp":1.749848174141488e+09,"val_probs_labels":{"path":"media/table/val_probs_labels_34_a9cf2e07d91e0c0cc3f3.table.json","ncols":2,"nrows":851,"_type":"table-file","sha256":"a9cf2e07d91e0c0cc3f3fda0a5294f112df6c272bcc05ee57d7f0600101e05cf","size":22210,"artifact_path":"wandb-client-artifact://vmoq97cau7ll409q9wnpb6dj1vaujhhzrrc9ugn7lki30vh317q4dvwv5fthug4sdm3vxuuesus9a6khv9979opf1eyg3ygfyv0w4gs7y1z4fyvywr65ap9xljyf2r51/val_probs_labels.table.json","_latest_artifact_path":"wandb-client-artifact://5bau6yaxm3smhe0avcqh87g12u9iuolby9o4xh93thaf4tgcbgditpl0gowmqb90763dc5mc9hfghtrll6p6yntqdfas4eyr9u4oqqq3shs3e3mytj3r08dxtfbmagxh:latest/val_probs_labels.table.json"},"no_tumor_train":1276,"sensitivity":0.9736842105080135,"_wandb":{"runtime":550},"test_total":1011,"test_sensitivity":0.9620462046045867,"test_correct":986,"_runtime":550.315882139,"specificity":0.9968652037305058,"test_specificity":0.9950617283704923,"train_samples_used":2552,"test_accuracy":97.52720079129574,"_step":35,"tumor_train":1276,"test_incorrect":25,"test_auc":0.9917206535468361,"val_accuracy":98.2373678025852,"val_loss":0.1457045323082379,"train_loss":0.0251630145823583,"auc":0.9945023216348079,"epoch":35}