{"val_probs_labels":{"_type":"table-file","sha256":"b6f7d0b5666c614b3836c9ef57a915a323247f50b4152acfa1b9fde79897b2e8","size":19371,"artifact_path":"wandb-client-artifact://yo26m60ielrcikbobbhyuhk4urhv84xrpfmwztbizbg5tnihq337o5876lwvr11r817h92jriaah0yjbsakue8m0o546i21cv49ynygtorth929nrhhi3unqumr9c6iw/val_probs_labels.table.json","_latest_artifact_path":"wandb-client-artifact://84mbsbm8ayt78rlb0dy7l9i1bf14kpyh2slj5o4nabf0ifbrq2285sopc7cu3dfwflcdd2c5xpgrm0yro1cm8msednvr75ypyy3aqqa4tkvf2344p6zh7gr3y7i0snhl:latest/val_probs_labels.table.json","path":"media/table/val_probs_labels_42_b6f7d0b5666c614b3836.table.json","ncols":2,"nrows":851},"_runtime":582.512186255,"test_accuracy":95.84569732937686,"train_samples_used":2042,"test_specificity":0.9753086419512269,"test_correct":969,"_wandb":{"runtime":582},"val_accuracy":97.64982373678026,"test_total":1011,"_timestamp":1.7498108508267543e+09,"sensitivity":0.9778188539560477,"test_auc":0.9907224055738907,"_step":43,"epoch":43,"auc":0.995355077216624,"test_incorrect":42,"train_loss":0.01416938702459447,"val_loss":0.13184264195816858,"train_percent_used":0.6,"specificity":0.9741935483556712,"test_sensitivity":0.947194719456317}