{"_step":42,"val_loss":0.1082690858415195,"test_total":1011,"test_specificity":0.9901234567656759,"test_accuracy":96.0435212660732,"test_correct":971,"val_accuracy":98.1198589894242,"_wandb":{"runtime":681},"train_samples_used":2765,"_runtime":681.887438172,"specificity":0.9937304074923595,"auc":0.9956984938836119,"sensitivity":0.9736842105080135,"train_loss":0.04503817191686143,"test_sensitivity":0.9405940593904192,"test_incorrect":40,"_timestamp":1.7498246591060264e+09,"no_tumor_train":1276,"test_auc":0.9875972782463432,"tumor_train":1489,"val_probs_labels":{"_latest_artifact_path":"wandb-client-artifact://3ems7qpgowzeqw2157d2ie3a1hjrig1qb3ebagpfa29wjqms6hmo74krcyd2ctzbuagch8z690jj75lnlwhbeirdwuwjq17jf3ljscopfmu1vnpucqy953tsrm4mxssz:latest/val_probs_labels.table.json","path":"media/table/val_probs_labels_41_4971d4e4fc446dfcdcaf.table.json","ncols":2,"nrows":851,"_type":"table-file","sha256":"4971d4e4fc446dfcdcaf6ad433d2dc69dafb3dec1bf28a62759b53ead99c5ae7","size":22232,"artifact_path":"wandb-client-artifact://5002raktfqoj3aj317v6hwk3hvjcbinj7jz9tbgo6o3ni0va72jjmcqz16c05v3t4ns75sah1xrtyyicxftblngo8ql45y9qfv2itf9lxon4lecfrgnne6zg2oc1z9z2/val_probs_labels.table.json"},"epoch":42}