{"test_auc":0.9891496557063113,"train_percent_used":0.9,"auc":0.9935662751177629,"train_loss":0.031003169055717688,"epoch":26,"test_incorrect":55,"_step":26,"specificity":0.9516129031951093,"_runtime":480.23838864,"val_accuracy":96.12220916568742,"test_correct":956,"sensitivity":0.9667282809433136,"val_loss":0.1340209437268121,"test_specificity":0.9432098765199207,"test_total":1011,"train_samples_used":3063,"val_probs_labels":{"path":"media/table/val_probs_labels_25_a0f69d94596243c3e6c7.table.json","ncols":2,"nrows":851,"_type":"table-file","sha256":"a0f69d94596243c3e6c7d5c51b95693842b59298571561fea427dc3a7255f5ea","size":22010,"artifact_path":"wandb-client-artifact://k19qf4k42lstul855l8t6j724pi4tgeivxy9tq9080zli4giuwdpgqaxfh1drtq99suz3lzkfzzv7gqmkswin7f22je6d8is2147oen0phc7xih9nug2pjyzdwdo5v54/val_probs_labels.table.json","_latest_artifact_path":"wandb-client-artifact://2toodlb94bue98rfuhiyx2yk6sgqo367h3g902tuqcc70o8fnyo8rsaznud4oyemur1y1elxilpbw221jfbzx2u46b7701b4t042weovf6tsd8dpxtavo8aex26nx37r:latest/val_probs_labels.table.json"},"test_sensitivity":0.947194719456317,"_timestamp":1.7497838475780697e+09,"_wandb":{"runtime":480},"test_accuracy":94.55984174085064}