{"test_total":1011,"_step":28,"no_tumor_train":1276,"_wandb":{"runtime":285},"auc":0.9949560421429751,"specificity":0.9780564263016283,"test_specificity":0.9604938271367779,"test_incorrect":70,"epoch":28,"_runtime":285.436265138,"train_samples_used":2340,"train_loss":0.059087031667954044,"_timestamp":1.7498674920796142e+09,"val_accuracy":98.00235017626322,"val_loss":0.07707605896783727,"test_correct":941,"tumor_train":1064,"val_probs_labels":{"_type":"table-file","sha256":"1e13fa5b5f0516fc47a44b641cbb4f9aeb7ccd114e9a6c937cb20855c2028203","size":22007,"artifact_path":"wandb-client-artifact://rl8a0k6wwbvi2mypnen6wu8omgv0kz3ie64bm2quizun5x5fhxney3g7q78zs36h56jzrn5xiij0u0vh3lohgvjov9c0cv06y67dd343e7pq7sf7f2nbnvdiqlq7vi2u/val_probs_labels.table.json","_latest_artifact_path":"wandb-client-artifact://il74jjbfd1f8u33c3c310oaumzmzy6km5i146zy9rdiwa8odgpsvflyybe7ayd6zd36mjevrt1kib4d5qema3jsnbqj9cxk859jaz1tx64qp1jnizgovkdg7y1x63hba:latest/val_probs_labels.table.json","path":"media/table/val_probs_labels_27_1e13fa5b5f0516fc47a4.table.json","ncols":2,"nrows":851},"test_sensitivity":0.9108910890938797,"test_auc":0.9751415882328973,"test_accuracy":93.07616221562809,"sensitivity":0.9812030075003533}