{"test_sensitivity":0.8712871286984936,"test_specificity":0.90370370368139,"val_loss":0.6503733779702868,"val_probs_labels":{"_type":"table-file","sha256":"f5ffa275a35551fec9d2bb08b5c4679512e69b0a7d8c7c8b9b767273a850c2f6","size":22346,"artifact_path":"wandb-client-artifact://wllgch4tqserv60s52biisvtse1iua94v1h52kxt4wmi2vfhr2idl21i307dz2zl9iyxrlorg42uluplfqowlvvz41598ws887lc5h4u7phdma0t1g0cf47qpvzqsanr/val_probs_labels.table.json","_latest_artifact_path":"wandb-client-artifact://4d7ly3vccqvt1610zfr89qa6k5o13a2xqdvc9tawu6vso3j5u5j20ieq3memsnqterevncxerm7mbfspzaqdybfsot5oc4fuinsz7k19nq0kcecuurb2asfrcecwq95h:latest/val_probs_labels.table.json","path":"media/table/val_probs_labels_23_f5ffa275a35551fec9d2.table.json","ncols":2,"nrows":851},"_timestamp":1.7498642316367145e+09,"sensitivity":0.8890977443441899,"_wandb":{"runtime":223},"no_tumor_train":1276,"epoch":24,"tumor_train":212,"test_correct":894,"_step":24,"val_accuracy":92.8319623971798,"test_accuracy":88.4272997032641,"specificity":0.9937304074923595,"_runtime":223.599725219,"test_incorrect":117,"train_samples_used":1488,"train_loss":0.03505179573160907,"auc":0.9865239116600277,"test_total":1011,"test_auc":0.9431650572464655}