{"_timestamp":1.7504495641465883e+09,"epoch":34,"val_accuracy":96.4747356051704,"_step":34,"_runtime":339.006784709,"train_loss":0.043355236029518504,"_wandb":{"runtime":339},"test_incorrect":75,"sensitivity":0.9473684210348239,"test_correct":936,"specificity":0.9937304074923595,"auc":0.9906663209748509,"no_tumor_train":1276,"test_accuracy":92.58160237388724,"val_loss":0.2946225819843156,"test_total":1011,"test_auc":0.969897730513792,"tumor_train":425,"train_samples_used":1701,"test_sensitivity":0.904290429027982,"test_specificity":0.9580246913343697,"val_probs_labels":{"_type":"table-file","sha256":"8042f7e7cf832b4965e40c897c6043716b416ba494461ac44fc7ff0504fc8cc8","size":22118,"artifact_path":"wandb-client-artifact://308awrctih26hxv9hr6yxwn87ql8sh9fxr7763zcnmvo9j947z17hufvx4gk4kv9r68c9oytm8j06taa726lpjrvamxp2zv1yc130j5salhijrge62i5h3j4098z0dw5/val_probs_labels.table.json","_latest_artifact_path":"wandb-client-artifact://75iw9v5t31pvfd6bujqd0y1x1ewylw7btr4pxuy86xq7a2rday0msdheesh1dwtqaceg082zb4jzavmmmofifur7c8gnuihwkctzip4edlo7eps8rsrmz2ix3ou3i00k:latest/val_probs_labels.table.json","path":"media/table/val_probs_labels_33_8042f7e7cf832b4965e4.table.json","ncols":2,"nrows":851}}