{"train_loss":0.0343230635459934,"test_accuracy":93.6696340257171,"test_incorrect":64,"train_samples_used":1702,"test_auc":0.9743755857067189,"test_sensitivity":0.9257425742421495,"_wandb":{"runtime":407},"test_total":1011,"train_percent_used":0.5,"sensitivity":0.964879852107858,"epoch":33,"auc":0.9889213523343866,"val_loss":0.18660026043653488,"test_correct":947,"val_probs_labels":{"artifact_path":"wandb-client-artifact://laa5cea0vxgapusuz89d0ugalrzz0umud4aqz691h1xt0pgu40p8de8aei56xh4ffn6q6s94q4n7mb7ubyahyz9alc7ziytyyx9vxctxpg8a5yec1jc66wcez4x6519m/val_probs_labels.table.json","_latest_artifact_path":"wandb-client-artifact://er3gcocq7z21yj34hhd49lc7arl0rkj3pfkf0aptnitx3ta2bn9kl33wpfa00eghesorkbm0vrqx7m7vmcvry8atkdyublhci4of1gywejcnov3dfydleey1bjrslqo1:latest/val_probs_labels.table.json","path":"media/table/val_probs_labels_32_f19ab09fd1988b089ef4.table.json","ncols":2,"nrows":851,"_type":"table-file","sha256":"f19ab09fd1988b089ef44d708de94cc7abe905fbc266f69728ae02581506a104","size":22053},"_timestamp":1.7497646883286254e+09,"test_specificity":0.9530864197295534,"specificity":0.9483870967436004,"_step":33,"_runtime":407.469809974,"val_accuracy":95.88719153936546}