{"val_loss":0.16007327607699803,"val_accuracy":96.3572267920094,"train_percent_used":0.9,"test_accuracy":95.35113748763601,"test_sensitivity":0.9455445544398425,"_step":26,"test_auc":0.9871694576865094,"_timestamp":1.749816848938484e+09,"test_total":1011,"test_specificity":0.9654320987415943,"auc":0.9919980919444279,"test_incorrect":47,"test_correct":964,"train_loss":0.032481138167592384,"val_probs_labels":{"path":"media/table/val_probs_labels_25_d39b93b9f78e0347d2c6.table.json","ncols":2,"nrows":851,"_type":"table-file","sha256":"d39b93b9f78e0347d2c657825947901d43a5145c77517f81544639111dac5167","size":21695,"artifact_path":"wandb-client-artifact://40y4bwxvqy4qqrgesfrd6r3kv437n6nvowf4r2qeus5p7nygc81pl77ghvy8u9783sga9ftol055q37sioz10jx28djv8rhxbuh67znsvorzfddx8vk1wgokgraddrgy/val_probs_labels.table.json","_latest_artifact_path":"wandb-client-artifact://lxl9ygtragglyjvwgg2ib2ja8wlzwgdne68377mpcwnbwm49d9715bzivpsr6i63uwnvdxa7cyoe1i45bacgzqfqycl3851r4h00d629dgr5snnomtd89yn4sl55cbbx:latest/val_probs_labels.table.json"},"train_samples_used":3063,"epoch":26,"_runtime":331.018804023,"_wandb":{"runtime":331},"sensitivity":0.9796672827915034,"specificity":0.935483870937565}