{"specificity":0.9096774193254943,"val_total":851,"best_model_path":"Checkpoints/Messungen-noTu-Tu/trainsample_681/best_model.pt","val_accuracy":93.6545240893067,"val_loss":0.2545666652066367,"val_correct":797,"val_incorrect":54,"train_samples_used":681,"sensitivity":0.9519408502596683,"auc":0.9767932741041082,"epoch":39,"_wandb":{"runtime":193},"_timestamp":1.748636654491399e+09,"_runtime":192.988217423,"checkpoint_path":"Checkpoints/Messungen-noTu-Tu/trainsample_681/checkpoint_epoch_030.pt","val_probs_labels":{"artifact_path":"wandb-client-artifact://0oinges3f8xu815zfe27muwrkwvurg9v6jirx9em6pha9empfh8qg5xnuor5mknsan9e21y4n6ozome9kjsd56my7bioegq8adud6rv6b1mnsdxt5483i9if0r7n14uf/val_probs_labels.table.json","_latest_artifact_path":"wandb-client-artifact://fok9f4pbe4uu83kjdutlkgpzjq6sfgzwgcsrpf1enuf8nynjjdxwn9ghu7eq11ofdcfnn0xodtweocsft3qpxhjy79ex44rwg8i7cxiduger7varhzu1782jyn4qj435:latest/val_probs_labels.table.json","path":"media/table/val_probs_labels_54_64719c37697cf438891e.table.json","ncols":2,"nrows":851,"_type":"table-file","sha256":"64719c37697cf438891e100fff6eb9ec3e03d93f36a4db8a93c2a25300552778","size":22070},"train_loss":0.06938518459598224,"_step":54}