{"_step":36,"specificity":0.9843260187779208,"epoch":37,"sensitivity":0.9812030075003533,"_wandb":{"runtime":755},"no_tumor_train":1276,"train_samples_used":3404,"auc":0.9963702359346642,"_timestamp":1.7498221819519808e+09,"val_probs_labels":{"_latest_artifact_path":"wandb-client-artifact://tpgx8zlnwickxm58vr5jaecvq0mvrk4jlcv49vfkjksj8ak7jxb4j73pq22yw77cf0pyu6abojt22rn713ga9c5ufg055mnre2gfdjcw9zheqieolsua3mqa2io1zglq:latest/val_probs_labels.table.json","path":"media/table/val_probs_labels_36_a627798e5cf6656cd5a5.table.json","ncols":2,"nrows":851,"_type":"table-file","sha256":"a627798e5cf6656cd5a5d049f25efdaac4490d091127b1ea9a504a5186ff4a08","size":22007,"artifact_path":"wandb-client-artifact://bc2otwo8amtq2z8mc2twkck4lr680bu33vte7kvu2rssqvhp6y7csv53hyoowwz8wb1s2tahh89lhvec8lm7n4aaye3xjkpnfpyxu4eaicqd3vmgbawz3l9cji4vcpjh/val_probs_labels.table.json"},"val_loss":0.07846781864230122,"train_loss":0.022042004495031305,"_runtime":755.704119323,"tumor_train":2128,"val_accuracy":98.2373678025852}