{"test_accuracy":96.73590504451039,"val_probs_labels":{"_latest_artifact_path":"wandb-client-artifact://ocov7hi86cx3f8o48yu4lbt22i3zz18vsdsbrv4y20k36y1s9tkkis19tn7p3ohx1o7g7kho89vulflgwhrrp09raktus90fho4i9vp6wamjdk36l1ervh13r9lsjya6:latest/val_probs_labels.table.json","path":"media/table/val_probs_labels_41_4ac1b31d8ee55e0604d9.table.json","ncols":2,"nrows":851,"_type":"table-file","sha256":"4ac1b31d8ee55e0604d9f999f2717c6607ec91fc2a4412f2e0dcb459a5a9aba0","size":21687,"artifact_path":"wandb-client-artifact://q6r54jnus1dp3unhk6yq27g3a5e7fw1hxndfn1datvnk58g1k1warrbx7vtaasnef7i6askvimjg2dssfg8cjm1ig8vhgvknkltivcj4ulnkpew2l750xymvntvndrp7/val_probs_labels.table.json"},"no_tumor_train":1276,"test_auc":0.9894715397465672,"test_incorrect":33,"val_accuracy":98.2373678025852,"auc":0.995268343271973,"tumor_train":1489,"train_samples_used":2765,"test_total":1011,"test_correct":978,"epoch":42,"train_loss":0.028255643450062384,"_wandb":{"runtime":655},"_runtime":655.43744463,"test_sensitivity":0.947194719456317,"_timestamp":1.750461407922236e+09,"sensitivity":0.9755639097560984,"test_specificity":0.9975308641729005,"val_loss":0.10791852178850345,"specificity":0.9937304074923595,"_step":42}