{"train_loss":0.039330121949315074,"test_total":1011,"test_sensitivity":0.9455445544398425,"_wandb":{"runtime":509},"_timestamp":1.7498373167472038e+09,"val_probs_labels":{"artifact_path":"wandb-client-artifact://h09i0knuz6ozb7jvq1on09uyru1dcuh96720pa2xv5bg33gssl6i3pyr9odebrh8iysahgs1qw3ms0b4t7s9tk3fcb45zoawh0patvlivpvj8mdmkuio2pua11l8r7qk/val_probs_labels.table.json","_latest_artifact_path":"wandb-client-artifact://i93ow2wtd2q9z54ykvsj1oot08elxq7sr3ihcwp69cl75uhoxdx5118yk27iz5h7dsvx360skled0bp9onjjwyk3pzhjd3t9ap6dzbljzlo7v4sl9az08od4rv9mg9ql:latest/val_probs_labels.table.json","path":"media/table/val_probs_labels_27_df7f1d3824dc2399b8e3.table.json","ncols":2,"nrows":851,"_type":"table-file","sha256":"df7f1d3824dc2399b8e3feca161632d97d2bf628566ea385d0e1b17e1152eae7","size":22258},"_runtime":509.242816983,"test_specificity":0.9851851851608596,"specificity":0.9905956112542132,"test_correct":972,"_step":28,"test_incorrect":39,"no_tumor_train":1276,"train_samples_used":3191,"test_auc":0.9888359206291,"epoch":28,"auc":0.9944080420486954,"tumor_train":1915,"val_loss":0.13339948148599692,"test_accuracy":96.14243323442136,"sensitivity":0.9680451127637585,"val_accuracy":97.64982373678026}