{"sensitivity":0.981515711626959,"test_correct":981,"test_accuracy":97.03264094955489,"test_sensitivity":0.9603960395881123,"_step":29,"test_specificity":0.9851851851608596,"val_accuracy":96.4747356051704,"train_percent_used":0.9,"test_auc":0.9916228659903028,"test_incorrect":30,"auc":0.9947409218293483,"val_probs_labels":{"_latest_artifact_path":"wandb-client-artifact://xnikog2m82v54y4020k7q9gv3wr1601cnty4ehl51s37sf5xtuvqdno0ov2hggu8ebsghrbh7eh3ckoiunjipcdzzt5ekijf1cx5v3nbnebx7bls3a6cw40saq7x9mzr:latest/val_probs_labels.table.json","path":"media/table/val_probs_labels_28_cc903b68b58a86d8e393.table.json","ncols":2,"nrows":851,"_type":"table-file","sha256":"cc903b68b58a86d8e393abd5052be3a03960a7a2c4c42ec2c0617a19d0eeb6ac","size":21265,"artifact_path":"wandb-client-artifact://2d0pci867hqz1fllrtkuey1r4mcoavq90ynopnyazsb2ixcdbppbczx7bk083hxrx0e3yblmkp1amx9n80gkdtoow0k3spo784b76bquatzglcw7uhoertpyqs1etyo0/val_probs_labels.table.json"},"_runtime":527.659701172,"train_samples_used":3063,"_timestamp":1.749809354975053e+09,"test_total":1011,"epoch":29,"_wandb":{"runtime":527},"specificity":0.935483870937565,"train_loss":0.02223509191147362,"val_loss":0.12822435264076507}