{"_runtime":492.308770635,"_wandb":{"runtime":492},"epoch":58,"best_model_path":"Checkpoints/Messungen-Gli-Men/trainsample_1915/best_model.pt","auc":0.9811398113981138,"val_accuracy":93.98496240601504,"val_loss":0.29397316724061967,"val_probs_labels":{"size":13746,"artifact_path":"wandb-client-artifact://d3i0u5i45gicmarz7101fxtqmzbi89wjdstvt5e3k14ofjmtw81q6begp4vtzw7rhj6cqx3e0qejlq0y4cvrued6awwv9qzwglfdc2theqdbvh0kpyyz0menkr43al3x/val_probs_labels.table.json","_latest_artifact_path":"wandb-client-artifact://65c4s606ozb3eqzsi0ystszz03x8g3h1cfgo8f907315qq9geywyt6h2v62z6gvef4f52j4ingrj42ro35i0qraricg1caw01zexc332vj21h0rde4tdus6gg75h6d8a:latest/val_probs_labels.table.json","path":"media/table/val_probs_labels_80_b99213263773a7f68588.table.json","ncols":2,"nrows":532,"_type":"table-file","sha256":"b99213263773a7f68588bde845d3d0517e53d38ba14edbe37eb8b13c891bdabd"},"specificity":0.9594095940605384,"val_total":532,"sensitivity":0.919540229849826,"_step":80,"train_samples_used":1915,"_timestamp":1.7486770531958737e+09,"val_incorrect":32,"val_correct":500,"checkpoint_path":"Checkpoints/Messungen-Gli-Men/trainsample_1915/checkpoint_epoch_050.pt","train_loss":0.042114557201663655}