{"test_accuracy":86.3036303630363,"test_sensitivity":0.8398692810183049,"meningioma_train":1072,"test_correct":523,"auc":0.9456857904891612,"train_loss":0.10222639754414559,"sensitivity":0.9588014980914307,"test_specificity":0.8866666666371111,"test_confusion_matrix_table":{"path":"media/table/test_confusion_matrix_table_19_99f480fe34dc46e933c9.table.json","ncols":3,"nrows":4,"_type":"table-file","sha256":"99f480fe34dc46e933c95e772d3ec7c934540fe289dacb08a2b00eda9579f94f","size":192,"artifact_path":"wandb-client-artifact://dp83e7jodemxd02mqy4flrf6ct42ni6b98izmesqgl2d12644i7oka41ofu1flg0jpoz00i3o09jwmibq5rqi99w8h61gx85pmuqmegozx75oe3u3i4xsf8ybokiofvg/test_confusion_matrix_table.table.json","_latest_artifact_path":"wandb-client-artifact://uj8cg4agzjugyiq401qa0lc00pcitsxzsu91cs6kfdwvkfmrts98waumxoa2hogozjlznzm7yvddvz861bm1aa5iwww5vsphpz2jj8t27j87rfmxlxt62attvpbkkj6y:latest/test_confusion_matrix_table.table.json"},"val_probs_labels":{"artifact_path":"wandb-client-artifact://t5ps5j73q3qz5e0oq9di15euq9ghu99ggg6kzoonl8ur5f6fpy18g6sphlethh5l1ealj5iux8tn0wz4atb3g8njc53gy28r3me0krjiaoxpkj0w75yxpue4g2p8k45r/val_probs_labels.table.json","_latest_artifact_path":"wandb-client-artifact://asgs7apsfcwje2gapnzw0ry7y0g1vtz6nucu09myxpuwkz1mj7bvn5h5mrl7oay6llfgownpfxwyzgaznvpxmnoyg9oldxrse0q1uq1ww29n3f7iu5rqxql6s3z4hhbi:latest/val_probs_labels.table.json","path":"media/table/val_probs_labels_18_977d9fa0184cdff44397.table.json","ncols":2,"nrows":531,"_type":"table-file","sha256":"977d9fa0184cdff443971ec6f9dc830f1e75e20e3a5121e97acb9fa1f43fb6e3","size":13590},"test_incorrect":83,"test_auc":0.9448148148148149,"_wandb":{"runtime":221},"glioma_train":528,"specificity":0.8181818181508265,"_timestamp":1.749811158986406e+09,"val_loss":0.4383421120343401,"_step":19,"train_samples_used":1600,"val_accuracy":88.88888888888889,"_runtime":221.590744489,"test_total":606,"epoch":19,"test_probs_labels":{"path":"media/table/test_probs_labels_19_4aed086705d7cd429ac9.table.json","ncols":2,"nrows":606,"_type":"table-file","sha256":"4aed086705d7cd429ac942c899c7e8cac84a3ed0637815a9c98761709fd1fd1d","size":15472,"artifact_path":"wandb-client-artifact://fbwnpk4ju3fk6l35i6ckadgjv18yrp9cbbngft7xfb3r9zj5k2encdk339mksosp9fw8e3zey80y0i81hvwb8ml3jcis4bcjp8kgv5s8upfuwlgj50snavduu49c5yxa/test_probs_labels.table.json","_latest_artifact_path":"wandb-client-artifact://5ui1cw2af45cvg3sctx1045p532q77s42vks43n5cfj88ebqyt42h5jktsltri0auk9s7bqp9sn4urfv0rklp6l6sf9rygfjk48a8y0umbwxpsbio9wjxo001drdlfia:latest/test_probs_labels.table.json"}}