{"val_accuracy":90.6015037593985,"_runtime":249.254768521,"specificity":0.9114391143575115,"epoch":26,"checkpoint_path":"Checkpoints/Hyperparametersuch-Gli-Men/lively-sweep-69/checkpoint_epoch_020.pt","val_total":532,"auc":0.9656020698138016,"_step":27,"sensitivity":0.9003831417279546,"val_correct":482,"_timestamp":1.7481219152635534e+09,"val_incorrect":50,"val_probs_labels":{"ncols":2,"nrows":532,"_type":"table-file","sha256":"ad84713c25e56a20d857da967038f32bbe218f61aa96f2643cf417425667126f","size":13339,"artifact_path":"wandb-client-artifact://usb60suq3ngn7zs1vcv87datcr8311gocfccxlr4sxeivmm00nnsvq6q0co34bbtyvdq5dom5c4xa0v9wak51g9x9yemwtd2py9jslbjwwbck8bbn7zznyi2rl9q42ov/val_probs_labels.table.json","_latest_artifact_path":"wandb-client-artifact://657vwdvwcyex91y13fjbt2esagv7tzwk9wemjmdk1g9l00udjb8ocr6p005w7x8phl1gn0mj6uhfefz3q7j5i8j42s8nfsbykntjh9jtruydzl5h8zknfekvr9x7hvqi:latest/val_probs_labels.table.json","path":"media/table/val_probs_labels_27_ad84713c25e56a20d857.table.json"},"val_loss":0.36908423031369847,"train_loss":0.022905276033698636,"_wandb":{"runtime":249},"train_samples_used":2128}