{"val_probs_labels":{"size":22111,"artifact_path":"wandb-client-artifact://ysd5sujj47sfy762mmyml32f781u9syawyg0r3t5e4ua2o0x5q1t5tn48wkssai1nx2g7axczyav0u0ag4vo1h3dbv1q2056jm0cmt081diwu2hrracub9woq9swana4/val_probs_labels.table.json","_latest_artifact_path":"wandb-client-artifact://l3wva92rf7o1fkik33oq49ac62jjxurcqnfss7yyz9g87to56bjxu6uroxzk2x4ibrv57uwpw86ocb0sr4mzaf7j1f3awjy0s92asy3r3jvb5l0h4yay1n0muq1ej2tz:latest/val_probs_labels.table.json","path":"media/table/val_probs_labels_42_c2f21f585702f21f838f.table.json","ncols":2,"nrows":851,"_type":"table-file","sha256":"c2f21f585702f21f838f197e4aea39cffbba5a5112a6e9a704677d0dd650994c"},"sensitivity":0.9463955637533014,"train_loss":0.03509328595828265,"val_correct":805,"_step":42,"val_incorrect":46,"specificity":0.9451612902920915,"train_samples_used":1021,"best_model_path":"Checkpoints/Messungen-noTu-Tu/trainsample_1021/best_model.pt","_wandb":{"runtime":210},"val_accuracy":94.5945945945946,"val_total":851,"val_loss":0.22560873734099524,"_timestamp":1.7485535209944513e+09,"epoch":28,"checkpoint_path":"Checkpoints/Messungen-noTu-Tu/trainsample_1021/checkpoint_epoch_020.pt","auc":0.9817840319599308,"_runtime":210.710682346}