{"val_probs_labels":{"_latest_artifact_path":"wandb-client-artifact://i0ve50gqsk3oude2vy1w2bhuflgw7qt3c7g05454jcyi0x0v9fo3bwxgedy3z4qxkaeayfx4yy1ev8hbraeejvsqij7pc8wizz8kxtejrxez27lsmfmbgvpv4exz3efm:latest/val_probs_labels.table.json","path":"media/table/val_probs_labels_30_f1e645be5e526b1e8f70.table.json","ncols":2,"nrows":851,"_type":"table-file","sha256":"f1e645be5e526b1e8f70f79a180b41a00c560eaf7c74f8e077cec635ecabe0b7","size":22154,"artifact_path":"wandb-client-artifact://s9pkewr7icdq6qv1elri06f4p5chntshnnnxxpb1zrvw9mfptpaogdm7jtpj7egp1k60g622q68w1qdcp0lshlexa5ejm6gshy9qwrivtdopq4rv7yhy57mrgdcdcqmd/val_probs_labels.table.json"},"specificity":0.9548387096466181,"auc":0.9868761552680222,"train_samples_used":1361,"test_accuracy":91.98813056379822,"test_sensitivity":0.904290429027982,"val_loss":0.21497874494109834,"test_specificity":0.9432098765199207,"test_auc":0.9749704600089637,"_timestamp":1.7497820980233371e+09,"train_loss":0.03255364612083544,"_runtime":307.592253843,"test_incorrect":81,"epoch":31,"_step":31,"val_accuracy":94.5945945945946,"sensitivity":0.9408502772469344,"_wandb":{"runtime":307},"test_correct":930,"train_percent_used":0.4,"test_total":1011}