{"val_loss":0.2849363535642624,"epoch":40,"best_model_path":"Checkpoints/Messungen-Gli-Men/trainsample_1915/best_model.pt","val_accuracy":91.72932330827066,"auc":0.9727276583110659,"_timestamp":1.7486918629020262e+09,"_runtime":342.797257573,"train_samples_used":1915,"_step":58,"_wandb":{"runtime":342},"val_total":532,"train_loss":0.08514114742477735,"val_probs_labels":{"_latest_artifact_path":"wandb-client-artifact://395x621nggjt2ysh1rm7j2sa9kyik7wl4ngwmeewbzagdo32v9j5fzpgqchcwo2dqtww5rfq322ai6pzp4dhb535916ib3x5b4edffss2b3r91i4sp6sf982lxvh7due:latest/val_probs_labels.table.json","path":"media/table/val_probs_labels_58_a81ffe35fd312da14278.table.json","ncols":2,"nrows":532,"_type":"table-file","sha256":"a81ffe35fd312da142789e1c1375e7f3de8f27edf6189250bdfcf4a8279e80cb","size":13635,"artifact_path":"wandb-client-artifact://mgpy1cyt7a97xs1u773o0h7alk2hyxntscg2cf1h8vgdrelr7ozysfncl6n4epvfx9ns2jfqyuoyihp516vxmjayidnx150yn27gerj43aea6bju5hnkp9zcdvfapkxl/val_probs_labels.table.json"},"specificity":0.8966789667565801,"val_correct":488,"checkpoint_path":"Checkpoints/Messungen-Gli-Men/trainsample_1915/checkpoint_epoch_030.pt","val_incorrect":44,"sensitivity":0.9386973179716974}