{"checkpoint_path":"Checkpoints/Messungen-noTu-Tu/trainsample_1702/checkpoint_epoch_030.pt","_wandb":{"runtime":254},"train_samples_used":1702,"_timestamp":1.7486495174152715e+09,"sensitivity":0.9722735674496807,"val_accuracy":94.35957696827262,"val_probs_labels":{"nrows":851,"_type":"table-file","sha256":"ea7672a90af2e6c51978e3a83b43df8ae5577f364bebba081b7ab90c5c223e6b","size":21669,"artifact_path":"wandb-client-artifact://65lkzmg4n9giul10b15ttw7f7rqjj13xi58j8pw37651gwhp9tu0iuo1pxk4rc19ei1h7r7b82603avqdp70yyvkck2flaees0glf33x7pzr0ezwxxn8r0bbul0onrwk/val_probs_labels.table.json","_latest_artifact_path":"wandb-client-artifact://lkcgmisbv0bm4cqyra8e48evai79a803uleve3cg9azve23r1334dchbg1qfo9g7uvndjqswfc1hq9o4g6hk0teojb7idbtvkhsg1ka1muq5b44li3c92yqzx1i0oq9n:latest/val_probs_labels.table.json","path":"media/table/val_probs_labels_43_ea7672a90af2e6c51978.table.json","ncols":2},"_step":43,"epoch":31,"val_incorrect":48,"train_loss":0.031523988648716895,"val_total":851,"_runtime":254.499491517,"auc":0.9851231292111382,"best_model_path":"Checkpoints/Messungen-noTu-Tu/trainsample_1702/best_model.pt","specificity":0.89354838706795,"val_correct":803,"val_loss":0.21749086252280644}