{"val_total":532,"train_samples_used":1277,"val_correct":478,"epoch":46,"train_loss":0.08927751742303372,"sensitivity":0.8659003831085862,"_runtime":289.545228493,"_timestamp":1.7486899448266098e+09,"val_accuracy":89.84962406015038,"val_probs_labels":{"size":13759,"artifact_path":"wandb-client-artifact://3zk5wnktbc1v4t8v80c0ykkojczbpzi5noj53ufyee9rzxx50o2gincm27mzsnzhww7bxsmrnrgcrb2w21521olcincb3vvyzdhkv5l4h3vryd3auwe4wu8q0ze5hpjm/val_probs_labels.table.json","_latest_artifact_path":"wandb-client-artifact://waoz5xnp7peljntz1d2til1fmam5web2961y4rsf23cbublzonwki3zwzlvz0ckw8q25bz9j5leh0qeythw4w95br6s1wqek6htrjc29qsliilsq4dzud1fvuptftimn:latest/val_probs_labels.table.json","path":"media/table/val_probs_labels_68_064afebe86f5640956b1.table.json","ncols":2,"nrows":532,"_type":"table-file","sha256":"064afebe86f5640956b1212c10bea3805eb3ba9d59fe8d6c0754005967464425"},"_step":68,"best_model_path":"Checkpoints/Messungen-Gli-Men/trainsample_1277/best_model.pt","auc":0.9644144717309243,"_wandb":{"runtime":289},"specificity":0.9298892988586757,"checkpoint_path":"Checkpoints/Messungen-Gli-Men/trainsample_1277/checkpoint_epoch_040.pt","val_incorrect":54,"val_loss":0.3063974231481552}