{"train_loss":0.009584977001564025,"_timestamp":1.7480958581333988e+09,"sensitivity":0.9778188539560477,"val_total":851,"val_probs_labels":{"nrows":851,"_type":"table-file","sha256":"33f544665924144b3bed8a22b9958f6f3280a25f3f433eaa7f82456c8dcc4451","size":20509,"artifact_path":"wandb-client-artifact://lwqlju5qfcualgdisph5r89eyr4jnwbsp4byz55e9fj96fvbgtaxe7lb4w4xam0opj1zvlto09aau7e9uw137n081jcetge2u1mh0ui2plq02z839zvp02ifil8bdmrp/val_probs_labels.table.json","_latest_artifact_path":"wandb-client-artifact://mubbkiwowlkztq1nm9qod717rdabq4ffewipqpv7hw4df2ivvo5vpoi2377gxc5qx4tqk3vtrqkfwr2ri8zsaf73c3q0dvhefazvk5sh3q5zxicndaga7tjmsqxfbccm:latest/val_probs_labels.table.json","path":"media/table/val_probs_labels_20_33f544665924144b3bed.table.json","ncols":2},"val_incorrect":21,"_step":20,"val_correct":830,"auc":0.9952000477013893,"checkpoint_path":"Checkpoints/Hyperparametersuch-noTu-T/helpful-sweep-95/checkpoint_epoch_010.pt","epoch":20,"val_loss":0.12099944001861981,"_wandb":{"runtime":297},"specificity":0.9709677419041624,"_runtime":297.127774663,"val_accuracy":97.53231492361927,"train_samples_used":3404}