{"train_samples_used":2552,"_timestamp":1.7498253721596923e+09,"tumor_train":1276,"_step":47,"test_accuracy":97.3293768545994,"auc":0.9964586230466448,"sensitivity":0.9830827067484382,"test_auc":0.9946379823167502,"no_tumor_train":1276,"specificity":0.9905956112542132,"val_probs_labels":{"path":"media/table/val_probs_labels_46_53a92fe7dc0ba104b51e.table.json","ncols":2,"nrows":851,"_type":"table-file","sha256":"53a92fe7dc0ba104b51ee6d5f6499c7f98c1febaeb58ac85bc8e09d23b35f8e7","size":22172,"artifact_path":"wandb-client-artifact://hzemoa6vdwxer48sw4jt6q46nvvhkyvp5uc5gl7fysur51ck6yw0ppssdcq48zkoqdhcbzy85i06zbf6f1adp8b4bksheqsqxzfml95pws7dctkp35dwmnoydbmrevjb/val_probs_labels.table.json","_latest_artifact_path":"wandb-client-artifact://k802nbry5iwuo1ufnzxy2k5rnz6zqewvmbpi8dajxd10tqtcbdnacwqds3zmgenbq4urp79lbayw7eqklidqtbc0qz74la44czb4y82k9y3pgftxqzdhs14724aus1sn:latest/val_probs_labels.table.json"},"epoch":47,"test_sensitivity":0.9587458745716378,"test_correct":984,"test_specificity":0.9950617283704923,"test_total":1011,"val_accuracy":98.58989424206815,"_wandb":{"runtime":706},"train_loss":0.02603216792922467,"val_loss":0.08943503057318074,"test_incorrect":27,"_runtime":706.58496648}