{"_timestamp":1.749829344816021e+09,"test_incorrect":48,"epoch":37,"tumor_train":1489,"train_samples_used":2765,"_runtime":593.411731236,"test_sensitivity":0.9339933993245215,"sensitivity":0.9736842105080135,"test_correct":963,"test_total":1011,"test_auc":0.9886444199975554,"specificity":0.9843260187779208,"_step":37,"_wandb":{"runtime":593},"train_loss":0.04803622763773257,"auc":0.9961109670728546,"test_specificity":0.9802469135560433,"no_tumor_train":1276,"val_loss":0.08583418306495462,"test_accuracy":95.25222551928783,"val_accuracy":97.76733254994124,"val_probs_labels":{"_latest_artifact_path":"wandb-client-artifact://zxmmaio647oxiesbxefg1it0d3qrqn2xzkg8y8zvbtw37t39e3j31y5et3438t5coaxo12e4njlfykipoglibsgs6v64kg94ca8era46b9eovln4dra8krzusbxug1dd:latest/val_probs_labels.table.json","path":"media/table/val_probs_labels_36_14e286a921e4cdcee3a1.table.json","ncols":2,"nrows":851,"_type":"table-file","sha256":"14e286a921e4cdcee3a17d220f66a4b06568f5f75f9db2acfcb58a6963363fb7","size":22139,"artifact_path":"wandb-client-artifact://32rlhiofnb2zfy4l29pq9bqk9tnidy8547jkq86a8o0s7lbxopuz0r6qa723ianw3its4oyyoh3fkc2cyryi1tt8zkxnagz69m4q5d0zqw3g81qbe981jw6dukkud7jx/val_probs_labels.table.json"}}