{"auc":0.9106615204083075,"val_probs_labels":{"nrows":532,"_type":"table-file","sha256":"e28d0cdaf4b021f266cacbe44bc81789c07690ccd0e52abc5f8961c9f5ed17bb","size":13429,"artifact_path":"wandb-client-artifact://h568k5ybttw17507ic76lyypyd50v5td18nw66mrrz30vxa7263kvuebihkmwqh10p3asdnsr5rsocq08dpu7jlbwdw9zzokg9x2v43z81xy61jmzfpmknbj5lzuk1pl/val_probs_labels.table.json","_latest_artifact_path":"wandb-client-artifact://vawqduwqmqxv8czcfz274lawh081h1q59otdswvhgi4nwvmm0my14xjykclwvw6zcxprratqgrynyji13npkjd57o347tzbs2vvlcgqg1x8swow02g7i8fyklv9phsfi:latest/val_probs_labels.table.json","path":"media/table/val_probs_labels_26_e28d0cdaf4b021f266ca.table.json","ncols":2},"_runtime":238.877454131,"val_loss":0.395022212582476,"sensitivity":0.8850574712304575,"checkpoint_path":"Checkpoints/Hyperparametersuch-Gli-Men/lemon-sweep-38/checkpoint_epoch_020.pt","_wandb":{"runtime":238},"val_correct":439,"val_total":532,"val_incorrect":93,"val_accuracy":82.5187969924812,"train_loss":0.4133148322354502,"_step":26,"_timestamp":1.7481106239427323e+09,"train_samples_used":2128,"specificity":0.7675276752484307,"epoch":25}