{"auc":0.9938305547431022,"train_percent_used":0.3,"val_accuracy":97.21895808852331,"test_accuracy":95.64787339268051,"test_correct":967,"val_loss":0.11833536652848124,"epoch":41,"_step":41,"test_total":1011,"sensitivity":0.9740177439735488,"_wandb":{"runtime":959},"_timestamp":1.7494678868595235e+09,"_runtime":959.292559374,"test_auc":0.9914435888033247,"val_probs_labels":{"path":"media/table/val_probs_labels_40_cb7e13d6791d6c48b4d3.table.json","ncols":2,"nrows":2553,"_type":"table-file","sha256":"cb7e13d6791d6c48b4d3aff1c27559e54c02b23fb4af9030c8727925255747cd","size":65193,"artifact_path":"wandb-client-artifact://fuxqg707oimzoo6m5qomq1uix7a2thuac59iqm8ec2e2pq4aa9c3mllu1rwubslpk3zofx5zr7u1ntetzxdom55hc26uzkompqk1j3x4o5vep81rf2gvb6cbuco9vxtr/val_probs_labels.table.json","_latest_artifact_path":"wandb-client-artifact://d9b0qh0dkinsv09jdqq7xug86ltrz1adjfyctuohjbouiqa25wbx706m5uq8huupsukgfjxhf1kq7bwo474t65yywtsofrffap25ny61to1xku44m60rbcw1n60je2la:latest/val_probs_labels.table.json"},"train_loss":0.02466325808200054,"test_incorrect":44,"specificity":0.9692307692208284,"test_sensitivity":0.947194719456317,"train_samples_used":3063,"test_specificity":0.9703703703464106}