{"val_total":532,"val_probs_labels":{"size":13797,"artifact_path":"wandb-client-artifact://p9d2zwiqfrjxp62njcpr43zr8lsx6258fujm0mog03r8m48bx8kg9rrck4hmfnjktwqt4pheo9vj01nc2nl8i5lqyum9m887qes4yuf2q5f05pqjf2tphvmvtops2xjb/val_probs_labels.table.json","_latest_artifact_path":"wandb-client-artifact://9oquv0y99akmzmchkd8yqyqw4jh2cjw2xovd60owixhbhzsotmqkjdwk7j3u6hre97lksr8xl0el73i7ncrlrankoyu7afcvqpeb7go54h72p6fqq47tg9csou4y37d3:latest/val_probs_labels.table.json","path":"media/table/val_probs_labels_36_c7e8d9fb94ac27958571.table.json","ncols":2,"nrows":532,"_type":"table-file","sha256":"c7e8d9fb94ac279585718c57417039fb8e374983ae50eed72dc95c5480d36a2b"},"val_accuracy":90.97744360902256,"_wandb":{"runtime":323},"val_incorrect":48,"_timestamp":1.7481095667578363e+09,"epoch":34,"specificity":0.9335793357589085,"_step":36,"val_correct":484,"_runtime":323.863888544,"train_loss":0.14663994408893719,"val_loss":0.24107011977364035,"checkpoint_path":"Checkpoints/Hyperparametersuch-Gli-Men/cosmic-sweep-35/checkpoint_epoch_030.pt","train_samples_used":2128,"sensitivity":0.8850574712304575,"auc":0.9696314204521355}