{"test_sensitivity":0.8927392739126611,"_step":29,"test_correct":902,"_wandb":{"runtime":206},"val_accuracy":93.53701527614571,"_timestamp":1.7497655909623442e+09,"train_loss":0.06405408463130395,"test_specificity":0.8913580246693492,"train_percent_used":0.2,"test_auc":0.9537383367966427,"specificity":0.9322580644860562,"test_accuracy":89.21859545004945,"auc":0.9812772046985868,"train_samples_used":680,"test_incorrect":109,"val_loss":0.2659804970026016,"test_total":1011,"_runtime":206.807329346,"sensitivity":0.937153419576023,"epoch":29,"val_probs_labels":{"artifact_path":"wandb-client-artifact://6zgcf3vzuxkwnz2nuofqlv2kfarymppt3is2bv9sksdb55gzqk2tr1dnpi9ihmd3qqhl3epzwjcny8c6zetxltbsuiabrx8btkudv5pjov05cqgvc9201m68yotgpq53/val_probs_labels.table.json","_latest_artifact_path":"wandb-client-artifact://po6eez4j7kvc6ns8oczrqf8u9fsajki0o0t4ze4lyv0t0paszvbln5xh08rclinz1lc0soellrozyz9oa7lmddo5pi66itjmv5oe8bqy1wekwcym06twg52ky0wd4ibw:latest/val_probs_labels.table.json","path":"media/table/val_probs_labels_28_7982a8f01ec9ecf5b569.table.json","ncols":2,"nrows":851,"_type":"table-file","sha256":"7982a8f01ec9ecf5b56921f42c1e0a082d00c91f1278fc76bb237580a593b7b9","size":21963}}