{"val_incorrect":54,"_runtime":324.989700188,"_wandb":{"runtime":325},"sensitivity":0.877394635981709,"specificity":0.9188191881579771,"auc":0.9656091388500092,"checkpoint_path":"Checkpoints/Hyperparametersuch-Gli-Men/earthy-sweep-16/checkpoint_epoch_030.pt","val_total":532,"_step":37,"val_correct":478,"_timestamp":1.7481040998173976e+09,"train_loss":0.06501981607792352,"val_probs_labels":{"nrows":532,"_type":"table-file","sha256":"ab82d5486a20a7789e15593bdf496454add7dd972aea5c0f9da14c8ff28e00ab","size":13652,"artifact_path":"wandb-client-artifact://947hkrvx9kwxspu8dro6ggqiv951cc0v7rt7mg79yy1r0fyei3f5xplbbgbqcpsr3b7t6ly3htoigh2p5zqjofdxzb0tqgjn0x6uv1iahbgvxx90yyb28xt0p24o2ykr/val_probs_labels.table.json","_latest_artifact_path":"wandb-client-artifact://pkuv52z7wui56dw7qhkq9cxfayts52zuiau5q2kepo1b2jgsdl71dgix72cahbybzdlbxjmlyuem011fb9j5scqpt939wfui2eiw9hren7dwi6fz9zpe1exnv2u8c483:latest/val_probs_labels.table.json","path":"media/table/val_probs_labels_37_ab82d5486a20a7789e15.table.json","ncols":2},"epoch":35,"val_accuracy":89.84962406015038,"val_loss":0.29379643035559533,"train_samples_used":2128}