{"auc":0.9689740000848285,"val_loss":0.28819564710069884,"val_incorrect":46,"checkpoint_path":"Checkpoints/Hyperparametersuch-Gli-Men/glorious-sweep-11/checkpoint_epoch_040.pt","epoch":41,"train_samples_used":2128,"_wandb":{"runtime":380},"val_correct":486,"train_loss":0.061841341913712766,"sensitivity":0.9042145593523289,"_runtime":380.957418601,"_timestamp":1.7481029145618958e+09,"val_probs_labels":{"sha256":"8cc067aa2dc2e6fbf0fff63e85b30e100370bf4a82756d3b2d1fec0c15102ca3","size":13610,"artifact_path":"wandb-client-artifact://qwnzracnd4rflas3sfzm5iu1zwsf54tr8fqa89zrron4yf6ttpzdd2o3o808s693die6485dnefv12lqphu0j970kaizh8q7u8fi4f9vbo58045y70ty2rbhor20uzjm/val_probs_labels.table.json","_latest_artifact_path":"wandb-client-artifact://w9oir9nddz2i04cyg3ag9ac1v9qt6t5c3h66lwyeri54tt7c9d29734rqps511nz1u827ppucvb7rq63ya2p1vfjejt4v9b2d86f4dtk6sv3bnfpqak0udgz6bk59wu8:latest/val_probs_labels.table.json","path":"media/table/val_probs_labels_44_8cc067aa2dc2e6fbf0ff.table.json","ncols":2,"nrows":532,"_type":"table-file"},"_step":44,"val_total":532,"specificity":0.92250922505821,"val_accuracy":91.35338345864662}