{"val_accuracy":96.94477085781433,"best_model_path":"Checkpoints/Messungen-noTu-Tu/trainsample_3404/best_model.pt","sensitivity":0.9556377079305797,"train_samples_used":3404,"_timestamp":1.7486476130246935e+09,"val_total":851,"val_correct":825,"_step":116,"auc":0.9964164331286148,"train_loss":0.03967280794555942,"val_loss":0.12876236172659056,"specificity":0.9935483870647243,"_runtime":1086.17334228,"val_incorrect":26,"val_probs_labels":{"sha256":"a65bed7c209be08d02aa485904580dcdd2f8ce9b394690490ed2c7c2261249fd","size":22093,"artifact_path":"wandb-client-artifact://efvw366dyxcx08yojts73defyl913phst1fk7sqlqt7odvmd9v86xsru1c22nkgnctz91f9dsmsmlftzzphzn1yj54yrixze9k8hqceva2t5hz99491rc5j0r5f3f2tt/val_probs_labels.table.json","_latest_artifact_path":"wandb-client-artifact://q0sxxeoj8hmxv6xzvbbp5qxjfnvtbd5lpuin53i5kjt224wjovv9vl60ge37uldjrhkj85gz79a8blpaw8y04xil2tlvf7kx3dnc6esd6eh7tmni3t27vvz2fcu99o92:latest/val_probs_labels.table.json","path":"media/table/val_probs_labels_116_a65bed7c209be08d02aa.table.json","ncols":2,"nrows":851,"_type":"table-file"},"_wandb":{"runtime":1086},"epoch":79,"checkpoint_path":"Checkpoints/Messungen-noTu-Tu/trainsample_3404/checkpoint_epoch_070.pt"}