{"train_samples_used":1494,"meningioma_train":1072,"epoch":20,"test_confusion_matrix_table":{"path":"media/table/test_confusion_matrix_table_20_88f124f2942efdb1fcf4.table.json","ncols":3,"nrows":4,"_type":"table-file","sha256":"88f124f2942efdb1fcf4f9a27c2f050a3fc0369ade01cf0b70e02b82836f5734","size":192,"artifact_path":"wandb-client-artifact://7xxehwo0ea78ezmuir6whcnett6mxam0o43ksthmbsnz93z8ijb8uh23qk5v4imszku9rn1sev4ppghtjtsdcmh59l7tv83pccwxxlcd78kv5x59ohecohtpcl6f0l56/test_confusion_matrix_table.table.json","_latest_artifact_path":"wandb-client-artifact://537ym9uodsvtz97i58pafg2nm5ypeeo10m21x0cdanx575z9gh6xg8ay8l35tvgdvn7fzkvwvftbclhe1u4altrl4yzsr1x8bicrcquxais98kr2hjmbv237by5y87o5:latest/test_confusion_matrix_table.table.json"},"_wandb":{"runtime":190},"test_incorrect":93,"train_loss":0.07681390662223071,"val_loss":0.4929653054654516,"val_accuracy":87.75894538606404,"_runtime":190.040234758,"test_sensitivity":0.8725490195793284,"test_accuracy":84.65346534653466,"test_correct":513,"_step":20,"test_specificity":0.8199999999726666,"auc":0.9470619112473044,"specificity":0.7878787878489439,"glioma_train":422,"sensitivity":0.9662921347952699,"test_probs_labels":{"size":15419,"artifact_path":"wandb-client-artifact://zlmo5eg7omed0v8uhq6z9dgyus3axiybkrwb8x5wuy3katpjc477yskjv1s9m9f33qc5x1rgf8as0h8331c80n6wke55zk0159a0d38u5ckn8gvp1fuwkao2byjwk6j4/test_probs_labels.table.json","_latest_artifact_path":"wandb-client-artifact://4yduj57s03cts63n0i3tqat2sb4ql453wsjh2k08hh6kb4qhowv8ogcdq3bzz5sow5dpg0v6ddgfp41n6yy6o8pfjc9qgx5l1z4fygpp4pukhzbe8xvq6ts1gokr9r6i:latest/test_probs_labels.table.json","path":"media/table/test_probs_labels_20_d91eecc35fbc1e085153.table.json","ncols":2,"nrows":606,"_type":"table-file","sha256":"d91eecc35fbc1e08515367c9fbc556694de8d9d199e387234897ed04d808978c"},"val_probs_labels":{"artifact_path":"wandb-client-artifact://hlow3gzzumv23m5nl0pxg3nh9sbm29j0i43n1ymalu5ue1s1r1nlzyt5fc980nvad6nhu5ejaxk3ajhc68uk4p2nsrz1rh0qvdj69qtd119e9trn330c6dao2cb89sou/val_probs_labels.table.json","_latest_artifact_path":"wandb-client-artifact://b2xwlg8bgwrs3i1b234rgonkxh925an67irqz5cx2hbp8ztvb3py6sua0xyfl2y27ywvlrtkbgqi2j48vr96359oi1pethedgj3bscg2jdrdjy44elyqqsacsmluexd1:latest/val_probs_labels.table.json","path":"media/table/val_probs_labels_19_62560c78f985686ac7cc.table.json","ncols":2,"nrows":531,"_type":"table-file","sha256":"62560c78f985686ac7cc2def8b1d879ff8013dd06bf97c853d1be76406440a89","size":13476},"test_auc":0.9333006535947713,"test_total":606,"_timestamp":1.7497681100169954e+09}