{"_runtime":874.410433987,"_step":27,"test_accuracy":95.74678536102869,"train_percent_used":0.3,"_timestamp":1.7493184250543938e+09,"sensitivity":0.9778200253423459,"specificity":0.9671794871695674,"val_loss":0.09509945879690349,"test_auc":0.9899238071955345,"val_accuracy":97.37563650607129,"auc":0.993251113060999,"test_correct":968,"test_sensitivity":0.9521452145057402,"_wandb":{"runtime":874},"test_total":1011,"test_incorrect":43,"train_loss":0.04859497157546381,"val_probs_labels":{"nrows":2553,"_type":"table-file","sha256":"7cf4fd1077bb1d2c24815376484de0f4af605f1a702bbbee9f0909cd003025e4","size":66237,"artifact_path":"wandb-client-artifact://jwphp7do2492lf5l5ybppyengin8vws7l6d4r98xv3d5o0fyvgz8rkwnckeyeasv5g0u4bp9mpgx6ftrpqor0bneonyaczdilenloopu7goofyb9d6466sbvjpi1d1dk/val_probs_labels.table.json","_latest_artifact_path":"wandb-client-artifact://4tz14srljhu7ux8jmcyjqhlwc39ibk3jd7tb4wpp1de2s0kwd7qdv9rdw6gijxxqj5wsfcesxw47t3bjifpwazpxbkz0f54ya08jfn7k6vogh7v1it7xndohpx7bo7zx:latest/val_probs_labels.table.json","path":"media/table/val_probs_labels_26_7cf4fd1077bb1d2c2481.table.json","ncols":2},"train_samples_used":3063,"test_specificity":0.9654320987415943,"epoch":27}