{"auc":0.9911454296106375,"val_accuracy":95.65217391304348,"_wandb":{"runtime":311},"val_probs_labels":{"artifact_path":"wandb-client-artifact://vckx0qzoqj8m6amlcf2e3rhcqwwg0qe2boos64olzjaf8d0fqweh3j9xpp0knc5zv4kny33v4e36rf8e5ow76iv6829cgw24uh75c39upnhcbra3z839dizvzbxblvu6/val_probs_labels.table.json","_latest_artifact_path":"wandb-client-artifact://puaswtg9eddxx0npm83kvs6kzzrymgmxh1v62n7ckj1afxm1m0vw2qy2l3uvtf5ljguphz3ume61rg67cu465c9uwfuee1r583re1lfgd0ln1ibn98ea5vx6bgfq858w:latest/val_probs_labels.table.json","path":"media/table/val_probs_labels_43_3f538b220db35f79473d.table.json","ncols":2,"nrows":851,"_type":"table-file","sha256":"3f538b220db35f79473d417410d1d3ad75ab4fcabffde3570da0caf28697675f","size":22023},"train_loss":0.048096945558331515,"train_samples_used":2383,"specificity":0.9322580644860562,"val_loss":0.1365764939359256,"_runtime":311.067095944,"_timestamp":1.7484655045736995e+09,"_step":43,"sensitivity":0.9704251386142251,"epoch":30,"val_incorrect":37,"val_total":851,"best_model_path":"Checkpoints/Messung-noTu-Tu/trainsample_2383/best_model.pt","checkpoint_path":"Checkpoints/Messung-noTu-Tu/trainsample_2383/checkpoint_epoch_020.pt","val_correct":814}