{"train_loss":0.034833545330911875,"val_incorrect":34,"best_model_path":"Checkpoints/Messungen-Gli-Men/trainsample_1915/best_model.pt","_timestamp":1.7486856667514415e+09,"val_total":532,"val_accuracy":93.60902255639097,"specificity":0.8966789667565801,"_wandb":{"runtime":413},"sensitivity":0.9770114942154401,"checkpoint_path":"Checkpoints/Messungen-Gli-Men/trainsample_1915/checkpoint_epoch_040.pt","auc":0.9846531223932928,"_step":69,"_runtime":413.478627031,"val_loss":0.2619413658976555,"train_samples_used":1915,"val_probs_labels":{"_latest_artifact_path":"wandb-client-artifact://k196y09q0kp7t054ozr7r41npdqg9ihl1hcax3nkbts34pjjs7ddsz8ll1e7unygldng25fms9u8avlkcdv3b6ohksk0868dtiekr52blz444i971n7fztp1yaudu2be:latest/val_probs_labels.table.json","path":"media/table/val_probs_labels_69_c20cc16e9287273e2486.table.json","ncols":2,"nrows":532,"_type":"table-file","sha256":"c20cc16e9287273e24863c1a4fb4492a000e425dcd7316c68b57e523af33cf46","size":13615,"artifact_path":"wandb-client-artifact://81kn4mst4cqsjy5rtcbuolu61vljygufgw51s70zghjgce93wagoc8st2c5e5a5zykashnhzmsxcwukdeq7vkyiq5971pciq37uzz3f7fscpj8lu4n3cvhjiisk30quy/val_probs_labels.table.json"},"val_correct":498,"epoch":47}