{"epoch":36,"_step":36,"test_accuracy":95.0544015825915,"test_incorrect":50,"sensitivity":0.9699248120118436,"test_total":1011,"specificity":0.9780564263016283,"tumor_train":1064,"val_probs_labels":{"_type":"table-file","sha256":"b1738d4706d055ba3b265bff98d7f1652e238dc388c719e4f377eea2b5475e4e","size":21001,"artifact_path":"wandb-client-artifact://2128yc4ge24ye87hd1hcqiwwbg6u9x118f4vei4pc6trstgu1mfpg1reekdmvtyn03kjv91x8cu2s2azoa3sq6wmnbr7cxhtp20yefrniho1aa5bay8wx6dvu92q8zek/val_probs_labels.table.json","_latest_artifact_path":"wandb-client-artifact://212mlixejxtgo5w9l98ci7rrz8s584nlzmzg9xt9jgzd7r5zx7fxfuhey7drpmp7aau2hcq9d0rotfo46afe526joglezho92ht5o63dnl4ba6q0c3gi83wzzuickc3h:latest/val_probs_labels.table.json","path":"media/table/val_probs_labels_35_b1738d4706d055ba3b26.table.json","ncols":2,"nrows":851},"_timestamp":1.7504343117347531e+09,"no_tumor_train":1276,"val_loss":0.10286385356448591,"test_correct":961,"_wandb":{"runtime":499},"train_samples_used":2340,"val_accuracy":97.2972972972973,"test_sensitivity":0.9339933993245215,"auc":0.9942135904023381,"_runtime":499.038745384,"test_auc":0.9784337693028562,"test_specificity":0.9753086419512269,"train_loss":0.041768246158761416}