{"val_loss":0.0715227841748856,"_step":44,"val_accuracy":98.47238542890717,"specificity":0.9774358974258724,"_runtime":3058.956374517,"test_correct":994,"train_loss":0.02985365167195495,"sensitivity":0.9892268694487375,"val_probs_labels":{"nrows":2553,"_type":"table-file","sha256":"9d27c839613a9870057a5e61d3da799a758e38729d6ce54a86b4d9b28d40d8d6","size":64199,"artifact_path":"wandb-client-artifact://u4fpcoeyl9w4lucv0sctv8h2h29220ea59oocpyhc4y61gva43fcxauvh0rk8jbbb9fts4b3b1ghwyce8irc2n1khdzf9jd23d8rv0hx7rf1win7nxj8bdz5z66h7b43/val_probs_labels.table.json","_latest_artifact_path":"wandb-client-artifact://iy1dh0p5zo367pzangilss5u6f7qoxpw8i1f1qzu5ec3v9r8w3vprja9fjpw12k1qz8bb99alpl9icp543kfukxyv6pxj5hvgvc1h3hffriw44mjz4gu5xt79rdk7c4d:latest/val_probs_labels.table.json","path":"media/table/val_probs_labels_43_9d27c839613a9870057a.table.json","ncols":2},"epoch":44,"test_incorrect":17,"train_samples_used":9190,"test_specificity":0.9925925925680841,"test_auc":0.9991402843988102,"test_sensitivity":0.9768976897528565,"test_total":1011,"_timestamp":1.749327437718944e+09,"_wandb":{"runtime":3058},"train_percent_used":0.9,"test_accuracy":98.3184965380811,"auc":0.9969487504468493}