{"val_probs_labels":{"size":21803,"artifact_path":"wandb-client-artifact://zzktnjtakv3i263ztlz2n1d4h3kgm7fq3z62pinzi4ty767jraqg6qk9ny66fgjy4u9ax3svm6uxeqtoxp5m8gqsdeh3zhfu1huo2d9n3uwns793fumcah6nepyvubgr/val_probs_labels.table.json","_latest_artifact_path":"wandb-client-artifact://3hlulkd7b1bwlpipht84mdzzi8z7nqvt318866de46bhkwxsmiki22ry0n3tgfxci2ljy1iz5crw2wxwsvuaom6o40a78dyr4nknqbgmm19e0ywu1rov3mkarjdh5s2j:latest/val_probs_labels.table.json","path":"media/table/val_probs_labels_21_28c710d884ed5bf856bf.table.json","ncols":2,"nrows":851,"_type":"table-file","sha256":"28c710d884ed5bf856bf0440e8702ea536f776f630ddd575bb8487b7c75feba9"},"_timestamp":1.7504226020423634e+09,"epoch":22,"_wandb":{"runtime":337},"train_loss":0.039915233723480596,"specificity":0.9937304074923595,"_runtime":337.205936103,"test_total":1011,"test_sensitivity":0.9372937293574704,"no_tumor_train":1276,"test_specificity":0.962962962939186,"test_auc":0.986044900786375,"auc":0.9940309237042448,"train_samples_used":2765,"val_loss":0.14024109819105693,"sensitivity":0.9774436090041834,"val_accuracy":98.35487661574618,"test_accuracy":94.75766567754698,"_step":22,"tumor_train":1489,"test_correct":958,"test_incorrect":53}