{"_step":18,"_wandb":{"runtime":244},"val_loss":0.19354765862226486,"_timestamp":1.7480876954254062e+09,"train_loss":0.04872660549288547,"sensitivity":0.948243992588757,"val_accuracy":95.76968272620446,"val_incorrect":36,"val_total":851,"specificity":0.9741935483556712,"val_probs_labels":{"size":22189,"artifact_path":"wandb-client-artifact://gady5two2rdnl8rv3axoydemeim5vjr3kajrudajkjq1rilp5l40ogtmpdm0af0m5s0udj5oemj9vm4w599e00kvo2mk0ck3gtuw1frc54bfwsxf1ko7iiw0m523otpf/val_probs_labels.table.json","_latest_artifact_path":"wandb-client-artifact://c98qubl8coto6b0m5s5vldpof4iu7fac3i94uvesf1sq14ekqm9l144rixww9dzngjo6aq8t2khf9tdt4p2e9i3onub6jsandz5nbw16oxy1oi4mr3zyw6l1hpze13xl:latest/val_probs_labels.table.json","path":"media/table/val_probs_labels_18_331d1190052cabd1d9ca.table.json","ncols":2,"nrows":851,"_type":"table-file","sha256":"331d1190052cabd1d9ca31e6e891dfc1d7457ec481eea4972b7277b7843bc3bc"},"auc":0.9902689165821954,"_runtime":244.965957275,"val_correct":815,"epoch":18,"train_samples_used":3404,"checkpoint_path":"Checkpoints/Hyperparametersuch-noTu-T/soft-sweep-82/checkpoint_epoch_010.pt"}