{"test_correct":938,"test_auc":0.9730676771380842,"test_specificity":0.948148148124737,"sensitivity":0.9645120405515557,"val_loss":0.16441320721060038,"test_total":1011,"train_loss":0.058373983949422836,"epoch":44,"_wandb":{"runtime":896},"val_accuracy":95.76968272620446,"auc":0.9887016996522701,"_timestamp":1.7494694758165543e+09,"specificity":0.9466666666569573,"test_sensitivity":0.9141914191268286,"_step":44,"_runtime":896.43676567,"train_samples_used":1021,"train_percent_used":0.1,"val_probs_labels":{"nrows":2553,"_type":"table-file","sha256":"679783e07b994d828aa4e4fd784aa1124692a8e698edf1ae7fa8f6a22d61f60d","size":66113,"artifact_path":"wandb-client-artifact://7tr3rvheyo3k6h3fqrg59jd0aza3a2lz3xoyvm7eg0ca37db9rfcjltbbq2w6t91lt7fi66v5d71jwki0ge4tr69t7k6feg1uewufcsko6ph5r9iayet3ozfo20in4i7/val_probs_labels.table.json","_latest_artifact_path":"wandb-client-artifact://lhgntb3oq20krta9sfxke0kjaxkrpt6nc0ux5s04v97s2h2mczq2nvvzwdf837b6v19sh70x9y1vayhix5acmaagdy0nbanifkxkvie1wz7blo7qew1wtp1uq5bwtjls:latest/val_probs_labels.table.json","path":"media/table/val_probs_labels_43_679783e07b994d828aa4.table.json","ncols":2},"test_accuracy":92.77942631058357,"test_incorrect":73}