{"epoch":21,"_timestamp":1.7481035070927298e+09,"_wandb":{"runtime":196},"val_probs_labels":{"sha256":"eeac1888276a34d249306cd391f51fafb326782be3d35af7e904ead5b5867ace","size":13866,"artifact_path":"wandb-client-artifact://7dzv545u7c5bhp3ebhpkd4ct3fqgo4wf2gxcegh118lh4744fwnmuhcqpzi4tob0985xaapanlqxjbb1qvxnaak978iy92hhbe0wscj7yxadtmouaqh1t41uyqiems9e/val_probs_labels.table.json","_latest_artifact_path":"wandb-client-artifact://9arz1d4z7pidt92b8u0zextb4cek1y4qdm35u14behyrghp5qent71g4ytfzgym782gfzlv1wc8oy2lm0yhcno1qkcxwvj3uxw0cg2hwdll38lmpk2rwpjv3g5ezdads:latest/val_probs_labels.table.json","path":"media/table/val_probs_labels_22_eeac1888276a34d24930.table.json","ncols":2,"nrows":532,"_type":"table-file"},"sensitivity":0.8084291187429721,"val_correct":475,"train_samples_used":2128,"val_incorrect":57,"auc":0.9786373725806223,"train_loss":0.05195532471319675,"_runtime":196.248295358,"_step":22,"val_loss":0.3430046053476604,"specificity":0.9741697416614697,"checkpoint_path":"Checkpoints/Hyperparametersuch-Gli-Men/chocolate-sweep-14/checkpoint_epoch_020.pt","val_total":532,"val_accuracy":89.28571428571429}