{"val_probs_labels":{"_latest_artifact_path":"wandb-client-artifact://dt2skmy8c38yiwn7z8xsmd4229m6eu56mt2y8cf1a1tbadiyzd0he5fao5edd3li4udj598c7ou9snicb6a9bxywcjy5kca1j40uglsc8csbul8v7knatzbsahfkuh61:latest/val_probs_labels.table.json","path":"media/table/val_probs_labels_39_cf5a5bcc19de0fb6a40e.table.json","ncols":2,"nrows":851,"_type":"table-file","sha256":"cf5a5bcc19de0fb6a40e99e35c67b9381d1fbc4d2dbd55911f41c68b1292ba64","size":22068,"artifact_path":"wandb-client-artifact://bfxr0y54ekp0f7hzsn1wjqn8v38l411ejrftqndnia3wven5316bb24efldh4pd9k2so5wvj4k6aohajcnr4369rv31hkdbdbmzw3j04he5y9ic6hnpmh7uhm1zqn64x/val_probs_labels.table.json"},"checkpoint_path":"Checkpoints/Messung-noTu-Tu/trainsample_2042/checkpoint_epoch_020.pt","val_incorrect":30,"val_total":851,"sensitivity":0.9759704251205921,"best_model_path":"Checkpoints/Messung-noTu-Tu/trainsample_2042/best_model.pt","train_loss":0.026276075375790242,"val_accuracy":96.4747356051704,"_timestamp":1.7485305268945515e+09,"specificity":0.9451612902920915,"val_correct":821,"auc":0.9914972273567468,"_step":39,"val_loss":0.12676641611116274,"_runtime":258.262629006,"train_samples_used":2042,"epoch":28,"_wandb":{"runtime":258}}