{"test_accuracy":95.35113748763601,"test_specificity":0.9728395061488188,"epoch":34,"test_total":1011,"_wandb":{"runtime":496},"specificity":0.9843260187779208,"no_tumor_train":1276,"_runtime":496.969207265,"tumor_train":1064,"test_sensitivity":0.9405940593904192,"auc":0.994802837815542,"test_incorrect":47,"val_probs_labels":{"nrows":851,"_type":"table-file","sha256":"31395e7b2ef5f42ea8000219be1dab9ae05ed092032dfa553009428bfd929127","size":22185,"artifact_path":"wandb-client-artifact://zm58btlf9x1qtmyepvm5bgquvv3xz27k6tdzb5za35xeex0ib21p3m278hum84wb8d9tudbhwleql6ekp5r2vxgzsh5f4mgmyi46q2o1wr4qd2ua0h7n9eevsh9688yd/val_probs_labels.table.json","_latest_artifact_path":"wandb-client-artifact://vg1nua4fodjhc8ny8rugf20led5380yzb7ywczjnkt18itqiz6u4yqtoe1jxxui6xq5bf0mkiijn7zo85w7fu9bbyuxck4tmivy38r85utcizzxwb2ccf3wboyyd19nn:latest/val_probs_labels.table.json","path":"media/table/val_probs_labels_33_31395e7b2ef5f42ea800.table.json","ncols":2},"val_loss":0.0920554181627397,"val_accuracy":98.00235017626322,"_timestamp":1.7498353404883225e+09,"_step":34,"test_auc":0.9868434991647314,"sensitivity":0.9774436090041834,"train_samples_used":2340,"test_correct":964,"train_loss":0.028633026455185916}