{"sensitivity":0.8620689654842119,"train_samples_used":683,"specificity":0.852398523953786,"val_probs_labels":{"artifact_path":"wandb-client-artifact://exmwyyb4gniuw2v5xtliavn65aaki34c0kw6fuygk3simd3lb8x95h9qqz03m7mr370p4187br3qiqh1w1x8yn11bxuiyul2ux1x3a9hdcolme4eya62es65pmpxy7tn/val_probs_labels.table.json","_latest_artifact_path":"wandb-client-artifact://r5xntmudmw3fxe61efhawbi8gmkzlklip5nqah6lgv626tlol9l2qxlnaciz4zwjmuae8psqjs3ejfn9v3tbktgtmio8juvqq8tzok7sog6gohw6tjmv7ozw8h8ew5iz:latest/val_probs_labels.table.json","path":"media/table/val_probs_labels_35_10e0b3919f467100b25b.table.json","ncols":2,"nrows":532,"_type":"table-file","sha256":"10e0b3919f467100b25b662166a3e61777c78449b69f56ab8a9d7580014f6ff9","size":13560},"train_loss":0.09875281501648038,"val_total":532,"val_correct":456,"checkpoint_path":"Checkpoints/Messung-Gli-Men/trainsample_683/checkpoint_epoch_020.pt","val_incorrect":76,"best_model_path":"Checkpoints/Messung-Gli-Men/trainsample_683/best_model.pt","_wandb":{"runtime":111},"val_loss":0.4003564968759961,"_runtime":111.820155994,"epoch":26,"_timestamp":1.7484615957180548e+09,"_step":35,"auc":0.9393759454835927,"val_accuracy":85.71428571428571}