{"_step":28,"val_accuracy":93.18448883666275,"test_total":1011,"val_probs_labels":{"path":"media/table/val_probs_labels_27_18e8ed848ae6a7247598.table.json","ncols":2,"nrows":851,"_type":"table-file","sha256":"18e8ed848ae6a72475980338534874aa1cc74f79285693ca4a44943b3db8dcd1","size":21737,"artifact_path":"wandb-client-artifact://8srukizydgobn5f7h9khnk5omdtdplqkgcpgksp05a2b8v92tukjn77nf7xfbkjmptin1k157j6ydt8r6qfnnnc82dzxngbtsuyepkcenvqqect1hjwptjlqocjnnoyu/val_probs_labels.table.json","_latest_artifact_path":"wandb-client-artifact://37i8xp51j18mp6j2658xr5rdaukhf9nv1d8x2zzssryhxbdpur3nt9a15u5vibmkudmw4gmucv8duu7d3vna9orkn6yosd9gq168idzktxehp55121mbv5xoq89w16tq:latest/val_probs_labels.table.json"},"_wandb":{"runtime":144},"train_loss":0.03722770636280378,"train_samples_used":680,"val_loss":0.23936826309987477,"specificity":0.8709677419073881,"test_incorrect":113,"test_auc":0.9451819255999674,"test_specificity":0.9160493826934308,"train_percent_used":0.2,"epoch":28,"_runtime":144.872172694,"test_sensitivity":0.8696369636820191,"sensitivity":0.9667282809433136,"test_accuracy":88.82294757665677,"_timestamp":1.749815414428864e+09,"auc":0.9753026056883907,"test_correct":898}