{"specificity":0.9794871794771335,"sensitivity":0.9778200253423459,"auc":0.9959159598323097,"train_samples_used":8169,"_wandb":{"runtime":2115},"epoch":34,"test_incorrect":9,"test_correct":1002,"_runtime":2115.197605322,"val_loss":0.10000389381311833,"val_probs_labels":{"_type":"table-file","sha256":"386b4b68b187516947de1d9982322ca285815527d58a427b5ec87166fb94737b","size":62207,"artifact_path":"wandb-client-artifact://980ez38yrh5c900wkcdulcs9rmibhhuzjvnuv2waj162dd4yshtre7ssyziutzxdpcp7urit9yi1bbw2sb0ujup7z0qun6esph7y9bknogot1fxie8kt0bg8qo6ke3pc/val_probs_labels.table.json","_latest_artifact_path":"wandb-client-artifact://i0nk6qrb4qmsyre6f8rdlj8q5iywhrt8sb68ean7ripsj1m5kny5xew80unkyiufy0rnl6xe7ek03r84lbvo0my4obssrvqm2cohn9lbmuskfhyv6f9h2d6bhktzhl5e:latest/val_probs_labels.table.json","path":"media/table/val_probs_labels_33_386b4b68b187516947de.table.json","ncols":2,"nrows":2553},"train_loss":0.029366203016252257,"test_accuracy":99.10979228486647,"test_total":1011,"_step":34,"_timestamp":1.7493108400333579e+09,"test_auc":0.9984965163182985,"test_specificity":0.9901234567656759,"val_accuracy":97.84567175871524,"test_sensitivity":0.9917491749011262,"train_percent_used":0.8}