{"specificity":0.9114391143575115,"train_loss":0.08306109987254907,"sensitivity":0.8965517241035804,"val_probs_labels":{"sha256":"aef5e345c7cace91921fb81691eb2093282fe845005ed1fd8605241654361bcc","size":13640,"artifact_path":"wandb-client-artifact://a33gwbs5k3ydmami6zs0yt9c6jv3bt8ce9qi45q2pi5g6molufjnurr1k5w14szoboxsqm7ob9lw2do30ol0zu86t2eq2p26d4gl3flp35ikhh32j7ukzf33l4fmlhcf/val_probs_labels.table.json","_latest_artifact_path":"wandb-client-artifact://m8auztwnbvj4bqecle4eqohhiw71dl6qnxroohb8xpqcq3jm8u78r2het35nllwggmleng3jb1c46cbphxiswijk25re60kjzu4qyux67uzgnwgds27axv5uf5tsi58t:latest/val_probs_labels.table.json","path":"media/table/val_probs_labels_55_aef5e345c7cace91921f.table.json","ncols":2,"nrows":532,"_type":"table-file"},"checkpoint_path":"Checkpoints/Hyperparametersuch-Gli-Men/avid-sweep-46/checkpoint_epoch_050.pt","val_accuracy":90.41353383458647,"_runtime":482.717088423,"_wandb":{"runtime":482},"_step":55,"val_incorrect":51,"train_samples_used":2128,"val_loss":0.30976932342438135,"val_correct":481,"_timestamp":1.7481131524532754e+09,"val_total":532,"auc":0.9619473780944705,"epoch":51}