{"sensitivity":0.8582375478598376,"_wandb":{"runtime":314},"val_loss":0.37923000752925873,"train_samples_used":2128,"val_accuracy":90.0375939849624,"_runtime":314.121700531,"val_total":532,"train_loss":0.05026954456287272,"specificity":0.9409594095593742,"_step":35,"val_correct":479,"auc":0.963311702082538,"val_incorrect":53,"val_probs_labels":{"_latest_artifact_path":"wandb-client-artifact://grqrlp6nj2wreg2g9ii27m6sj2cbg16pny4i5mu5bmstbofb0pczgsqza90shyscv86a2p9mx5kum2623mnyrqxawbt2s31ljh0u4tv4whmenyqqxgoalja7fuic7rw2:latest/val_probs_labels.table.json","path":"media/table/val_probs_labels_35_5a15733b24bace35a623.table.json","ncols":2,"nrows":532,"_type":"table-file","sha256":"5a15733b24bace35a623080b8a49c08bbd2d81eed5fa02ff0cbe39af678a7243","size":13699,"artifact_path":"wandb-client-artifact://iayuy8kfsj261bw1espffrwgbeiw4tzdkxrx9l27fgc73v7jtxkelr2yfp161xub42crkbq4n25osziifrhraevanuxycz2kaiihrprl0fzrie32sn6aat0ijfdqrpyt/val_probs_labels.table.json"},"epoch":33,"checkpoint_path":"Checkpoints/Hyperparametersuch-Gli-Men/stilted-sweep-99/checkpoint_epoch_030.pt","_timestamp":1.7481362717723134e+09}