{"sensitivity":0.9233716474742003,"val_accuracy":91.35338345864662,"val_incorrect":46,"val_correct":486,"val_total":532,"_runtime":493.380478055,"epoch":52,"train_loss":0.10441991189188922,"_wandb":{"runtime":493},"_step":56,"val_loss":0.26367805503747044,"train_samples_used":2128,"auc":0.9667119084983953,"val_probs_labels":{"nrows":532,"_type":"table-file","sha256":"bd68658359140c293135a062c41a78820dfdb359fcc469327f4816b0d17a5df8","size":13600,"artifact_path":"wandb-client-artifact://1el2c139bu4cldnqqql5cqz4s7xxcyp5wi91detvgsu603n8tuas9ufb8sbdeqjkb3f3z9zdwt7joczuiqndwckihnc1m6crj7wipw3n2qpuvqy8ac52gdc1urczyjn4/val_probs_labels.table.json","_latest_artifact_path":"wandb-client-artifact://l4i0vn5nyumf21xqfu6mfpdsb8x9248cpdifi5bpfaeyc9gyamn31p7j1jx16wzf0vgd5olqwixdg65z6rkungs70dixrca7mrf2bs0vlhf9dcx54m6rc3tumzt3v5om:latest/val_probs_labels.table.json","path":"media/table/val_probs_labels_56_bd68658359140c293135.table.json","ncols":2},"specificity":0.9040590405570458,"_timestamp":1.7481085475107613e+09,"checkpoint_path":"Checkpoints/Hyperparametersuch-Gli-Men/glorious-sweep-31/checkpoint_epoch_050.pt"}