{"val_total":532,"train_samples_used":2128,"_step":39,"val_loss":0.27633608877658844,"_runtime":354.4271125,"val_incorrect":36,"train_loss":0.02868328066816663,"_timestamp":1.748115180478012e+09,"val_correct":496,"checkpoint_path":"Checkpoints/Hyperparametersuch-Gli-Men/daily-sweep-52/checkpoint_epoch_030.pt","epoch":37,"_wandb":{"runtime":354},"val_probs_labels":{"ncols":2,"nrows":532,"_type":"table-file","sha256":"a796415c49536d6b6283969b186da1bfbe993747eb60016b1bc4df53d87d15be","size":13597,"artifact_path":"wandb-client-artifact://jvvb8828ljrea778tx8wlfh1t78dly8q9z4sjjox620jpdqo47ha0k8kf8dfyomju3jci6lee290wb79lzr1bovukp2mlfu3c01hhw1dsxxm67tk4wwpm2tak14uk9bv/val_probs_labels.table.json","_latest_artifact_path":"wandb-client-artifact://53j1zkmmyiukbj5fiiz6ir3sgmwdh9hduosi5rjp54ixs00gkn3ulof1ec9o5hszlhn2mq4c6r4jjqmfsu0iegs8k9ik8dubobpr1esqlxciqi0jxff6ocv2hzj3a5ed:latest/val_probs_labels.table.json","path":"media/table/val_probs_labels_39_a796415c49536d6b6283.table.json"},"auc":0.9776335694391425,"sensitivity":0.9080459769767032,"specificity":0.9557195571603055,"val_accuracy":93.23308270676691}