{"train_loss":0.028631231214967558,"test_accuracy":96.93372898120673,"epoch":36,"test_sensitivity":0.9719471947034332,"train_percent_used":0.5,"val_loss":0.10995273017324507,"auc":0.9949722140976893,"val_probs_labels":{"size":61325,"artifact_path":"wandb-client-artifact://v89dluq2j6qmhyvapvmaktf2owdexyopnjh88lvp8vfs5zrxwtjy1wgw23h5a7hsp2v3o223hojgl53vldhdmqp0jgsodxum6m8x7sok3fvzqylwwlc005k7etjata4c/val_probs_labels.table.json","_latest_artifact_path":"wandb-client-artifact://6cfkadnp2gowuny0ozw1610xiryxbpto7o3f6tt8ketcrgb1gytcrz170jmuz958t8cxh4hrhfvj2sdefrb9cmyaaodl7rctabshzq31m00qt8x1ovswzip5mjxtrtng:latest/val_probs_labels.table.json","path":"media/table/val_probs_labels_35_81654ac06e306e1af990.table.json","ncols":2,"nrows":2553,"_type":"table-file","sha256":"81654ac06e306e1af990e2b22062e2a45d9363087cefef5bfbe2ccae86037bdc"},"test_incorrect":31,"test_total":1011,"specificity":0.9641025640926759,"_runtime":1561.444917239,"test_auc":0.9922360754593978,"val_accuracy":97.53231492361927,"_timestamp":1.7495065324082074e+09,"_step":36,"sensitivity":0.9822560202726094,"train_samples_used":5106,"test_correct":980,"_wandb":{"runtime":1561},"test_specificity":0.9654320987415943}