{"val_accuracy":91.53936545240893,"test_accuracy":86.84470820969338,"train_loss":0.03359857636193434,"test_total":1011,"sensitivity":0.9445471349178457,"val_probs_labels":{"nrows":851,"_type":"table-file","sha256":"7a1625f9bda4ab872b57811555d89cff2ad17d780857859e101583add31bc3ce","size":22027,"artifact_path":"wandb-client-artifact://nppalyftlkgsdcvzfjgh0no15exjnaq87aqt06gya6wj8pdmyqbxhsivh3ktg90tigtdj0mbu280vkuuwwmgzek1f7qyw6q5vmvxp6n3erl0yqi3makmzw2r5e37pcn2/val_probs_labels.table.json","_latest_artifact_path":"wandb-client-artifact://fiznoyb7qaniv4qtsb899zdd115udpvh8k5x1qm9clgfqa5c4gl1cfgj5zhz8p2cnq1x1ja0yeba09yqaw5fdvccttwk6bwbu69szh9g7jdhoxaxrp0ilnv11rhf21jz:latest/val_probs_labels.table.json","path":"media/table/val_probs_labels_35_7a1625f9bda4ab872b57.table.json","ncols":2},"test_auc":0.9325795542517215,"_wandb":{"runtime":205},"_timestamp":1.749782828327036e+09,"val_loss":0.37532132863998413,"test_sensitivity":0.8514851485008006,"test_correct":878,"_runtime":205.941884931,"auc":0.9583656311490072,"specificity":0.8645161290043705,"test_incorrect":133,"train_percent_used":0.1,"test_specificity":0.8938271604717574,"_step":36,"epoch":36,"train_samples_used":340}