{"_wandb":{"runtime":467},"specificity":0.8450184501533203,"best_model_path":"Checkpoints/Messungen-Gli-Men/trainsample_1702/best_model.pt","val_loss":0.31802217066287997,"val_probs_labels":{"artifact_path":"wandb-client-artifact://sjp3szwlhrkhz74daa9mvobf28xrtt4r9yju8803500x87t0ppgfya5ggt0ue4zc9xl6xjc76prlmyndduqf5i46ky0pq2z9i8r935kluv3tnzxfd5lkn3ln833b9qsc/val_probs_labels.table.json","_latest_artifact_path":"wandb-client-artifact://me7vgardz46i3ey5pl36r1qaj8dd9qx8q3a79dtcf2ob56no7dnris1kfjkysq90vbqbwawmt6s79jkl1u348djs6ss4h5usn4n41rhk19kzwfas24kg3htpowyiypio:latest/val_probs_labels.table.json","path":"media/table/val_probs_labels_83_6c8a85f07a3c90189892.table.json","ncols":2,"nrows":532,"_type":"table-file","sha256":"6c8a85f07a3c9018989236523711ef98e590f03dba7e264241b5c9a1a52a4410","size":13620},"sensitivity":0.9578544060935688,"checkpoint_path":"Checkpoints/Messungen-Gli-Men/trainsample_1702/checkpoint_epoch_050.pt","val_accuracy":90.0375939849624,"val_total":532,"auc":0.9668179440415094,"epoch":58,"_step":83,"train_loss":0.0954294486769608,"_runtime":467.361922596,"train_samples_used":1702,"val_correct":479,"val_incorrect":53,"_timestamp":1.7486803042379055e+09}