{"sensitivity":0.9833641404624147,"val_probs_labels":{"_type":"table-file","sha256":"ae2c0c608dd9e4429a4045db9bcc7a4e3d17650ff55f76c4ed062dc4f4098cd6","size":21431,"artifact_path":"wandb-client-artifact://s0ooflkc7decqor38crf4tpbg58o0v235dxlikbwe617ovoqry5hcsoxf9ewp2olub4ai0wpuip69q2b4g5rzto6650psjq2ks2dczvvnbzuvr0j9ggzu45yf5wsp401/val_probs_labels.table.json","_latest_artifact_path":"wandb-client-artifact://ezgrn5rnsent1c0atytf5e1vvw8usm5luhbh4qhw3bqxwid0ctj7jnmvjko1dbliisftv5nqnbpxzcvvb6cmwwvgfqi6gp7u16sv44kl6hy1yruc7bpb93jkhxe4hi9t:latest/val_probs_labels.table.json","path":"media/table/val_probs_labels_29_ae2c0c608dd9e4429a40.table.json","ncols":2,"nrows":851},"train_loss":0.02319768950757053,"_runtime":379.698955506,"train_samples_used":3404,"val_accuracy":96.12220916568742,"_timestamp":1.7480880816311984e+09,"val_loss":0.15402813042913163,"specificity":0.9225806451315296,"_step":29,"val_correct":818,"val_total":851,"val_incorrect":33,"epoch":28,"_wandb":{"runtime":379},"auc":0.9934529843181683,"checkpoint_path":"Checkpoints/Hyperparametersuch-noTu-T/crisp-sweep-83/checkpoint_epoch_020.pt"}