{"auc":0.9950807942281319,"epoch":31,"_runtime":422.994014401,"specificity":0.9870967741617065,"_timestamp":1.748036454481895e+09,"_step":33,"val_total":851,"train_loss":0.004791782609418975,"val_correct":829,"val_loss":0.149129147255095,"_wandb":{"runtime":423},"checkpoint_path":"Checkpoints/Hyperparametersuch-noTu-T/happy-sweep-16/checkpoint_epoch_030.pt","sensitivity":0.9667282809433136,"val_probs_labels":{"_latest_artifact_path":"wandb-client-artifact://atne3ssfpkh8psyyvm4a245l60q73k3tpkmsm7s7n4dr6yi8j6gwhbu21kw8aco9uy45w6nwvfr67trla9azclz74nbm0f64latlbs7huflk6vs813v6u6e4o5v6rbw1:latest/val_probs_labels.table.json","path":"media/table/val_probs_labels_33_9e1ff4299a17d6ae0c0e.table.json","ncols":2,"nrows":851,"_type":"table-file","sha256":"9e1ff4299a17d6ae0c0e114291fca00dac30e5759a708fe97a6c95ce3015b994","size":21233,"artifact_path":"wandb-client-artifact://vn7brj8skq0daf80h50di95fck7draolbix70a6bdqxekb7d033iwa21yt4lw2i89txt8tl0fx0oq6y7vk3ghm8bp5y0tqqlgpkp17zzd87nc7p27usu0et8qeomxes3/val_probs_labels.table.json"},"train_samples_used":3404,"val_accuracy":97.41480611045829,"val_incorrect":22}