{"tumor_train":1702,"test_auc":0.9927759442610927,"val_accuracy":97.88484136310224,"epoch":32,"sensitivity":0.9718045112599285,"test_incorrect":39,"_wandb":{"runtime":536},"specificity":0.9905956112542132,"_timestamp":1.7504607478467991e+09,"_runtime":536.049555486,"test_accuracy":96.14243323442136,"_step":32,"test_specificity":0.9925925925680841,"test_correct":972,"train_loss":0.032233750175995134,"no_tumor_train":1276,"train_samples_used":2978,"val_loss":0.11469142990452903,"test_sensitivity":0.9405940593904192,"auc":0.9947615904966178,"test_total":1011,"val_probs_labels":{"size":22244,"artifact_path":"wandb-client-artifact://yptv53ao03adgam6c2hs3be0hc0bb0a26gtxs9j862njhmw992ditg8lhip4tmu3e4g4jield3s1eyrxwuokwgb4rvas6k07wcdgcntx85fh3vvugibinfxdnxhewycz/val_probs_labels.table.json","_latest_artifact_path":"wandb-client-artifact://gxvp48nuucaogrikag36kka896x0g8b5xrv8u1vlv9r1foj3gfnvh1mnsclmag4ibhz90zpj6s4p6f7pupn82zkm44akuksezo8jkj8ijnt2tx3mji2zzwym7wg10lxv:latest/val_probs_labels.table.json","path":"media/table/val_probs_labels_31_a4e747603d8bf7d93ffe.table.json","ncols":2,"nrows":851,"_type":"table-file","sha256":"a4e747603d8bf7d93ffe331158bf4b37a1fad6a2208698baa9299eca74e7eaf5"}}