{"specificity":0.9451612902920915,"_wandb":{"runtime":170},"sensitivity":0.9463955637533014,"_step":42,"val_probs_labels":{"artifact_path":"wandb-client-artifact://oq34ijgkacnkmlhz2lwxt1uy5hrcdi1xl539arfv2ftq9pojmzys3p3iecdbr39017kaeh40r276r2nflkkcolvceejbvjbi5pcvs3go86gcjdsbfagevyxgmpoiqf2s/val_probs_labels.table.json","_latest_artifact_path":"wandb-client-artifact://pd85bhsljd7a9oinohwd69mlfl3us94ocwc8hb6ogs1sz3eel1jvgy6vfxyfn374f299oz9lntkn7ejh7eqpnakscq5xxshwvhy1vt34cexa79d66vlg4hp5p6rjujch:latest/val_probs_labels.table.json","path":"media/table/val_probs_labels_42_27172cc4d0e4a4a40466.table.json","ncols":2,"nrows":851,"_type":"table-file","sha256":"27172cc4d0e4a4a40466454901e6600d4e2485393159541addf34b69444a6a18","size":22121},"val_accuracy":94.5945945945946,"epoch":28,"val_loss":0.23086996376514435,"auc":0.9808061534792201,"checkpoint_path":"Checkpoints/Messungen-noTu-Tu/trainsample_1021/checkpoint_epoch_020.pt","train_samples_used":1021,"best_model_path":"Checkpoints/Messungen-noTu-Tu/trainsample_1021/best_model.pt","val_incorrect":46,"val_total":851,"train_loss":0.05141026200726628,"val_correct":805,"_runtime":170.387725542,"_timestamp":1.7486427193706973e+09}