{"val_incorrect":32,"sensitivity":0.9667282809433136,"val_correct":819,"_timestamp":1.7486423814422007e+09,"best_model_path":"Checkpoints/Messungen-noTu-Tu/trainsample_1702/best_model.pt","specificity":0.9548387096466181,"checkpoint_path":"Checkpoints/Messungen-noTu-Tu/trainsample_1702/checkpoint_epoch_030.pt","epoch":38,"val_probs_labels":{"ncols":2,"nrows":851,"_type":"table-file","sha256":"8c19542933a90cd33df2385c00ccf2c67b94054e0f6c5dd83bbe5349dc162596","size":21845,"artifact_path":"wandb-client-artifact://5igpzmyjt4qu0dg83ipwold4bp6ni3ggq5l7ja2cnyvx2fxetf5h70v3zekvtf18ab0yh8q5xbjm6r0pllxin8dchbaznbpa8nbd4b7pow6k56hit2ok6hae8bgjje62/val_probs_labels.table.json","_latest_artifact_path":"wandb-client-artifact://b2emq37sk6gf1dderirukf2bfrd9ahxmd74lilbkcugk7j5i1cgb6mvsved1cigxpdyvpuemxtly99f3xbpxh4pkqnwk0m2rdmaado64q5wqncjpsea95r2uzj5ojp0k:latest/val_probs_labels.table.json","path":"media/table/val_probs_labels_51_8c19542933a90cd33df2.table.json"},"_runtime":311.401346213,"train_loss":0.023668319918215275,"val_loss":0.16584459160055434,"train_samples_used":1702,"auc":0.9889332776817126,"_wandb":{"runtime":311},"_step":51,"val_total":851,"val_accuracy":96.23971797884842}