{"train_samples_used":7148,"specificity":0.984615384605286,"test_sensitivity":0.9669966996540099,"test_accuracy":97.52720079129574,"_step":30,"val_probs_labels":{"size":65598,"artifact_path":"wandb-client-artifact://ut90dq1qulpepoq55iqf36pl9yhi3j8vjoptq9nhr2td057yoy11clzpyccbujoc0fxvitl5m9dl27k8fatnf6e2xihx0dh7o9apjemao2bdapjcyqfpgm8wmdjtpy5q/val_probs_labels.table.json","_latest_artifact_path":"wandb-client-artifact://p1y9ygkkk1pb6nq4nojdcuh2v0nu95ttefeovzo5nb9828ivr1igwqc6jnwq14mqgiegf3kyvpuo4vpxhtpasm6p3gcctumbylshyrf83kolk4wwc3q9lkwfkvlv08uv:latest/val_probs_labels.table.json","path":"media/table/val_probs_labels_29_f6792040f75451cc719b.table.json","ncols":2,"nrows":2553,"_type":"table-file","sha256":"f6792040f75451cc719bbdcfdf784f87056ff5a078e3214c73e05a63f2a48dd5"},"test_total":1011,"val_accuracy":97.49314531923228,"test_correct":986,"sensitivity":0.9689480354818192,"auc":0.9970121218029964,"train_loss":0.031552156404359266,"test_incorrect":25,"test_specificity":0.9876543209632678,"epoch":30,"test_auc":0.9951880373222507,"_runtime":2309.864215182,"val_loss":0.08982367878779769,"train_percent_used":0.7,"_timestamp":1.7494797617371278e+09,"_wandb":{"runtime":2309}}