{"test_accuracy":88.4272997032641,"test_total":1011,"epoch":24,"test_specificity":0.888888888866941,"val_probs_labels":{"_type":"table-file","sha256":"352e6f640cc61c146f31518f451d09f11d9ff5a6654d35363d3310758e9a3b73","size":22237,"artifact_path":"wandb-client-artifact://8y8deseui6a4d5yb4q2r1ruuwps6jiegqcu3ayxtw3itvvtjjoh3gx5wx592a5bxu03aoyy7adjyzeo9j10lj2syy7bp5v5o6v02b5o7866iw8csoj1r2fg0dvl2lrri/val_probs_labels.table.json","_latest_artifact_path":"wandb-client-artifact://phbtc6i8vvla56haj364k4367fka9esfhwapl73b61anef7wlqqxiw6fjr99p1rsgrlsrg5rjge35l1s5mp39fyu9h3trujwq9x4putwipy6qi7luvwc8zs93gxa1l8a:latest/val_probs_labels.table.json","path":"media/table/val_probs_labels_23_352e6f640cc61c146f31.table.json","ncols":2,"nrows":851},"specificity":0.9968652037305058,"val_loss":0.34113213419914246,"_runtime":235.40384896,"test_sensitivity":0.8811881187973402,"no_tumor_train":1276,"tumor_train":212,"val_accuracy":95.06462984723855,"train_samples_used":1488,"_step":24,"_wandb":{"runtime":235},"test_incorrect":117,"_timestamp":1.749841188322065e+09,"test_auc":0.9444485189259666,"test_correct":894,"auc":0.9885744926579774,"train_loss":0.07618806480119626,"sensitivity":0.9229323308097193}