{"epoch":31,"test_incorrect":52,"test_specificity":0.9876543209632678,"test_sensitivity":0.9224422442092006,"_wandb":{"runtime":629},"specificity":0.9322580644860562,"test_accuracy":94.85657764589516,"test_correct":959,"_runtime":629.905874606,"auc":0.993238328066305,"train_samples_used":3404,"test_total":1011,"test_auc":0.9923318257751701,"train_percent_used":1,"sensitivity":0.9796672827915034,"_timestamp":1.7497750624746482e+09,"train_loss":0.05019897546757151,"val_probs_labels":{"_type":"table-file","sha256":"61670c5b0d144d87aae286d45bc7514c1dfbee5962bdd8bc616f3872bedddcef","size":21967,"artifact_path":"wandb-client-artifact://ovtox30mwt00jyvzrtpwzsixaprztmfd9y2qufk648xhmwn8rg0u3vqfu2e5015ovng45wmratcd2ng12x0fokf5090hhszqmcpc4kgrmh9vtu3sy22jvmk3me492f0d/val_probs_labels.table.json","_latest_artifact_path":"wandb-client-artifact://6wae46mdxd89k3x8e7i0fmzqycqs6e32dqo12bbcvfbr74prit2490zqabqtnlh90rgbtbrqht3p1tfimibsbo2lu1w1ydfswxerczbpk8qjoku2b9qoyb2o14kvgpcl:latest/val_probs_labels.table.json","path":"media/table/val_probs_labels_30_61670c5b0d144d87aae2.table.json","ncols":2,"nrows":851},"val_accuracy":96.23971797884842,"val_loss":0.1219126603433064,"_step":31}