{"test_accuracy":90.4055390702275,"_wandb":{"runtime":284},"val_accuracy":95.88719153936546,"epoch":29,"_runtime":284.347185872,"train_loss":0.06393945230437177,"_step":29,"test_sensitivity":0.924092409225675,"tumor_train":425,"test_specificity":0.8740740740524919,"sensitivity":0.9511278195309938,"test_auc":0.9681008841624904,"_timestamp":1.750444692814614e+09,"test_correct":914,"train_samples_used":1701,"no_tumor_train":1276,"test_total":1011,"auc":0.9934593537134372,"val_probs_labels":{"sha256":"8dfbbc7e4ba9824f4fd49b4c16d98d886966b31048f25f48504cbf7c61ed78f0","size":22126,"artifact_path":"wandb-client-artifact://tkwguji83ifu5iipj46b96tp9ha67yc2g6tapexun3ncusikzvm0vyp5z7n2d2ij4a5p86ipl1rjn0mr0igh0suv3ajpwdrkxnhow96la1juc5diem123lbphsq2u08v/val_probs_labels.table.json","_latest_artifact_path":"wandb-client-artifact://fzmtff637bkyx3bslzg6kgp0bg2op1x2jj5w5qa25rkmgk14niadm4wq03pb4voq5jegc2gwad2ywfphkmphakbxsqdapw04736kzq2uju1ohrhol55gytdb46wjfaud:latest/val_probs_labels.table.json","path":"media/table/val_probs_labels_28_8dfbbc7e4ba9824f4fd4.table.json","ncols":2,"nrows":851,"_type":"table-file"},"val_loss":0.13287167144673212,"specificity":0.9717868338253358,"test_incorrect":97}