{"epoch":34,"test_sensitivity":0.9504950494892658,"val_probs_labels":{"artifact_path":"wandb-client-artifact://qp2v6n3ei4gms1xw6npfe4zfze0gppygnuhdxogcbfqwcvsjkm0kukh7xuhyeufwts6qa9s04d717crm5gya08pntug99iknlcjsg5xfkgn6lghfqyfg73k83gjv43ye/val_probs_labels.table.json","_latest_artifact_path":"wandb-client-artifact://5a3arfmsepq514pz3zo6zrkht2u2qbpjkh2jlub9hehtik3ix57v8ooiykieq9kp34dazbijx6gtta0salyaynzdkw10rpjclsaw4l9gl9cp7m8jmmprac8f1tv74pmb:latest/val_probs_labels.table.json","path":"media/table/val_probs_labels_33_dc050b626ece6aa0e1b6.table.json","ncols":2,"nrows":851,"_type":"table-file","sha256":"dc050b626ece6aa0e1b66ae60d30c52c6fdb0bc6ae5b9dc45004a69d8019276e","size":22214},"test_specificity":0.9827160493584515,"_wandb":{"runtime":607},"test_total":1011,"train_samples_used":2978,"tumor_train":1702,"sensitivity":0.9774436090041834,"specificity":0.9905956112542132,"train_loss":0.045508545551759504,"test_auc":0.9921810699588477,"auc":0.995409762651142,"val_loss":0.09121444076299667,"test_correct":974,"test_incorrect":37,"_runtime":607.477628414,"test_accuracy":96.3402571711177,"no_tumor_train":1276,"_timestamp":1.7498614073134272e+09,"val_accuracy":98.2373678025852,"_step":34}