{"specificity":0.9709677419041624,"_step":17,"train_loss":0.028967325752678207,"checkpoint_path":"Checkpoints/Hyperparametersuch-noTu-T/lemon-sweep-27/checkpoint_epoch_010.pt","val_accuracy":96.70975323149236,"_wandb":{"runtime":236},"sensitivity":0.964879852107858,"val_incorrect":28,"train_samples_used":3404,"epoch":17,"val_probs_labels":{"sha256":"53927f890fcba5fe0ab8b1bbd72eb688f8779aa5110e262f383ee0d60553e29d","size":21955,"artifact_path":"wandb-client-artifact://qtw1bx3914pkn6uw65kngzgpxkkn47qkc8o2f5mpo1ls76vuw5azj1yxr198dow9070tgmxj16yrsl7yngtc7upf7wosvl65hgflbwerh0ic61a7s5hi87hbp88fe46v/val_probs_labels.table.json","_latest_artifact_path":"wandb-client-artifact://45rop2yblhskcdin7ga610tzqdxsgex8eb3pcvqegf0rzaticzqty8g393vwqqg6nmrzlxeqnk53syi94q9t34g20hbk7xnv361odhwtzf46mqrjncipenr9jni7w1x3:latest/val_probs_labels.table.json","path":"media/table/val_probs_labels_17_53927f890fcba5fe0ab8.table.json","ncols":2,"nrows":851,"_type":"table-file"},"_timestamp":1.748039921592846e+09,"val_loss":0.1697390256708281,"val_total":851,"_runtime":236.98318847,"val_correct":823,"auc":0.9932502534136306}