{"test_total":1011,"_step":33,"no_tumor_train":1276,"sensitivity":0.9755639097560984,"train_loss":0.03748062086136391,"test_accuracy":96.0435212660732,"val_loss":0.09614740245576416,"test_incorrect":40,"val_accuracy":98.1198589894242,"_timestamp":1.749842676059087e+09,"test_specificity":0.9975308641729005,"train_samples_used":2978,"auc":0.9953036981167651,"test_sensitivity":0.9356435643409959,"val_probs_labels":{"_type":"table-file","sha256":"e2685470d54af723750593fdfee696a5f9523dd355a1e65373cbe43a0f4f2552","size":22227,"artifact_path":"wandb-client-artifact://ag6j7mgu954momlw1zmwbj3lw7tl0hsku3eqmxkxbgbd27573y27md2bcttcfzjtixa6zp61k1pejvem7s5vpyyuepedik0iug7gsxw7pu4memjwvyzyaip1mf87dzve/val_probs_labels.table.json","_latest_artifact_path":"wandb-client-artifact://zvi4te4of6k1ftiq7tz6yr4uypigu5wjxk73vqbp57uiln53qvtgnyax73jkmeeg1lticc8gdfu85z6w7goel5en1u9m6s9fqya9govwzwl791t569wv69346xdhrif6:latest/val_probs_labels.table.json","path":"media/table/val_probs_labels_32_e2685470d54af7237505.table.json","ncols":2,"nrows":851},"test_auc":0.9931182007089598,"test_correct":971,"_wandb":{"runtime":559},"tumor_train":1702,"specificity":0.9905956112542132,"epoch":33,"_runtime":559.033978131}