{"sensitivity":0.9755639097560984,"test_total":1011,"test_incorrect":43,"test_correct":968,"no_tumor_train":1276,"epoch":39,"train_samples_used":3191,"_wandb":{"runtime":746},"val_loss":0.08287731331906148,"test_auc":0.9892474432628448,"_step":39,"train_loss":0.047578315511345864,"_runtime":746.314073139,"val_accuracy":98.2373678025852,"tumor_train":1915,"test_specificity":0.9777777777536351,"test_accuracy":95.74678536102869,"test_sensitivity":0.9438943894233681,"_timestamp":1.7498465284779181e+09,"specificity":0.9937304074923595,"val_probs_labels":{"ncols":2,"nrows":851,"_type":"table-file","sha256":"6c0d2354c70a9c0783511aae8e5644adc5d4e49264db97edf14611c10fe33a45","size":22152,"artifact_path":"wandb-client-artifact://4kbxchrljyix33qyzd0oobij4pljxddz2dx8t8mf5qwrm5oysj7n9l4m2d8chxftj09256hke28c8od2nyn0g8pj1759i4s6x4cmq7b29vwv6dm8i7re17vvu8zvoqty/val_probs_labels.table.json","_latest_artifact_path":"wandb-client-artifact://f88j34ri4uuxs2tcap9r9sud8ih2te064khwpxsyitt6esmyb229dpvkiwzg2xsg22qemxe9m3bfpiig04ytablbhu38svcnvdkyw48ocsq65bn3x3npx2nazzsoioyw:latest/val_probs_labels.table.json","path":"media/table/val_probs_labels_38_6c0d2354c70a9c078351.table.json"},"auc":0.9956159992457634}