{"val_correct":490,"train_samples_used":2128,"val_incorrect":42,"val_probs_labels":{"ncols":2,"nrows":532,"_type":"table-file","sha256":"352075685ed336a5a8c517b219a3838df5ad57ac656399b48818f6bb19ae460d","size":13430,"artifact_path":"wandb-client-artifact://fnn0p2bungrl8ayy7bf9nwh0wacyty3hdo67kgpsjv8f2qz5x8yuzfctc2ebc0lhhpm92mquis6pb4ky4tm5mquqzu4gc1h2nx9jel0aj5xwma2ppbypupxocxocm5bu/val_probs_labels.table.json","_latest_artifact_path":"wandb-client-artifact://x4wtz5c1s1a8fwdia81yvdvd6hs7ctuyq962u1p4e1gclsucpjk8vk9dj7pfelb7sb3eq72w1qkvtnahv9d1lcuay7tqqrwu4v5gbqdaobevx4alhji1jr43s90hrn75:latest/val_probs_labels.table.json","path":"media/table/val_probs_labels_25_352075685ed336a5a8c5.table.json"},"_step":25,"checkpoint_path":"Checkpoints/Hyperparametersuch-Gli-Men/classic-sweep-67/checkpoint_epoch_020.pt","epoch":24,"val_accuracy":92.10526315789474,"val_loss":0.30723318498995567,"val_total":532,"_timestamp":1.7481210452345338e+09,"_wandb":{"runtime":229},"train_loss":0.025422233691000762,"_runtime":229.918725218,"auc":0.9728973151800483,"sensitivity":0.9157088122254518,"specificity":0.9261992619584428}