{"val_accuracy":96.82726204465335,"test_correct":970,"_wandb":{"runtime":537},"test_incorrect":41,"_step":37,"test_auc":0.988477366255144,"test_accuracy":95.94460929772502,"epoch":37,"auc":0.9947468845030112,"train_percent_used":0.7,"sensitivity":0.9833641404624147,"train_loss":0.02585694210995969,"_runtime":537.318952535,"val_probs_labels":{"nrows":851,"_type":"table-file","sha256":"b9244ddc0ffc8ee15d292ae9cdfb3c967d55942b3800bf624c17cf83d38353f4","size":20959,"artifact_path":"wandb-client-artifact://8bismdjewvc1jitmhgrxsbz05reebowpsebh30db0y9hh6s53lqxb3t3mpc9cijr18vub9vqy010hpqvpcb7bfoeqbzc9ruabmbkb02lubyunexhwcpc60dvvimx0qug/val_probs_labels.table.json","_latest_artifact_path":"wandb-client-artifact://kterblfuyoullhdvrkbzcnciosyoezhtf52827vdctjzpj5sjrley7m5n0ktvfy6peilw11wzb8k0opttz91dbqn3w9pf940vpvc89epy84hczlz6so9dxbc2dtjw5qq:latest/val_probs_labels.table.json","path":"media/table/val_probs_labels_36_b9244ddc0ffc8ee15d29.table.json","ncols":2},"_timestamp":1.7497810434054186e+09,"test_total":1011,"train_samples_used":2382,"specificity":0.9419354838405827,"test_sensitivity":0.9537953795222146,"val_loss":0.12068574236971992,"test_specificity":0.9679012345440025}