{"_runtime":908.617630519,"_wandb":{"runtime":908},"val_loss":0.08569777597274099,"test_sensitivity":0.9405940593904192,"specificity":0.9677419354526534,"test_incorrect":36,"test_total":1011,"sensitivity":0.9722735674496807,"test_auc":0.9953061972863952,"train_loss":0.03696665764544849,"test_accuracy":96.43916913946587,"val_accuracy":97.06227967097533,"_step":64,"test_correct":975,"train_percent_used":1,"val_probs_labels":{"sha256":"ed51a4639642e88298b81807b7e36071854f8a66a6d41ad7ebd98af5e8a2a715","size":21328,"artifact_path":"wandb-client-artifact://ir57xgodgrr7d06msez622cggm37qe0ey9ouqrvaewl10xnf46d5f3jlv02krquhxe3dt2v61dpenkmt37sog18l4nr7w45et9956exafy1xf2npsqj9mt836bdkhg2s/val_probs_labels.table.json","_latest_artifact_path":"wandb-client-artifact://c69xrzsx9iv8zu3styfl8r1tdbtc1125s9ha0qe6sb7k75jlgm4yqyucrl5d6pleoh1e4jpn6trblh3wj5ybyotpvhynekfmnvc2w8p66hi2iuzlco0gn6gdsn0yy8cn:latest/val_probs_labels.table.json","path":"media/table/val_probs_labels_63_ed51a4639642e88298b8.table.json","ncols":2,"nrows":851,"_type":"table-file"},"_timestamp":1.7498165103875353e+09,"test_specificity":0.9999999999753086,"train_samples_used":3404,"epoch":64,"auc":0.9967026414644325}