{"_step":89,"val_incorrect":30,"val_total":851,"checkpoint_path":"Checkpoints/Hyperparametersuch-noTu-T/northern-sweep-94/checkpoint_epoch_080.pt","val_probs_labels":{"path":"media/table/val_probs_labels_89_ef894e7d9abe8100b86c.table.json","ncols":2,"nrows":851,"_type":"table-file","sha256":"ef894e7d9abe8100b86cd575200d8a4b44ce4417489464ae718c3c3482125be6","size":22180,"artifact_path":"wandb-client-artifact://t4bps4k5bnyv5dztntkdttvue7gydpg1kk01osun71ue8kb4it1uh6plzievggt96rkljkdkxbkt8505exmdto4sfh9r0fnp1vwir6emxa3qc4y8tnh994tlc668aa4h/val_probs_labels.table.json","_latest_artifact_path":"wandb-client-artifact://i5qxnsvcv6zw82b7v4j1c9k0hu2csdh05b46fat6f3fypbitaeu2khojev25q8gnew1y94vz7emnb8uu23xbqfp4j539nmc1xexfn2bk9njfl80rdikgd96jt1ip3tnz:latest/val_probs_labels.table.json"},"epoch":82,"train_samples_used":3404,"train_loss":0.02543139578429637,"specificity":0.9709677419041624,"_runtime":1113.640946454,"val_loss":0.10363129153847694,"val_accuracy":96.4747356051704,"_timestamp":1.748095552377513e+09,"val_correct":821,"_wandb":{"runtime":1113},"sensitivity":0.9611829944369467,"auc":0.994705145787371}