{"test_accuracy":93.86745796241345,"_timestamp":1.7497768199532146e+09,"_step":27,"train_samples_used":2042,"train_percent_used":0.6,"val_accuracy":96.23971797884842,"val_probs_labels":{"sha256":"910ddf6a6a35af7c01f1d272f674f4c6ee4a0ec7f66c54474adc06e85b26e5c3","size":22089,"artifact_path":"wandb-client-artifact://q65zn2pkelela5lnep31b9qndhiv6dxc7foamlgfub3sluhe0omssbhpp5oi1eisq2uyqp8r5g7iay27w1m7xp6m1t53lyfijll4mrmgzx94bi0pn4coc9rjre3f22um/val_probs_labels.table.json","_latest_artifact_path":"wandb-client-artifact://x6td531njlzf1c66ho4sckkkp62n0jbctpihlo4v5vpdo7ufvjw4shveptwj2iykzlzb28fxj1v5u2e4387dq87u02vljs64xw3qoyni848j0odbbn23xdhwbalyi77i:latest/val_probs_labels.table.json","path":"media/table/val_probs_labels_26_910ddf6a6a35af7c01f1.table.json","ncols":2,"nrows":851,"_type":"table-file"},"sensitivity":0.9630314232724023,"test_total":1011,"_runtime":343.183974399,"test_sensitivity":0.9108910890938797,"test_auc":0.9818726317076152,"_wandb":{"runtime":343},"epoch":27,"test_specificity":0.9802469135560433,"auc":0.9900304096356806,"test_correct":949,"test_incorrect":62,"specificity":0.9612903225496358,"train_loss":0.03164195851422846,"val_loss":0.16282638162374496}