{"auc":0.9757021048238029,"train_loss":0.055709016509354115,"_timestamp":1.7486463607988653e+09,"val_incorrect":49,"best_model_path":"Checkpoints/Messungen-noTu-Tu/trainsample_681/best_model.pt","_step":52,"val_probs_labels":{"nrows":851,"_type":"table-file","sha256":"671551a2a4c4a51a044a4904181a49ae8136fda778a97aaadcef2d32a1494506","size":22002,"artifact_path":"wandb-client-artifact://0rr0w0igmywvzam9k68vddpvthc045el6r96m51lnawtlx4chqws74hlifeqwjsm38ekf876nrwv7tbusiplnxwgpodqsowcznl98qfp08p1fn05l08w47oclq88aj7y/val_probs_labels.table.json","_latest_artifact_path":"wandb-client-artifact://50i7ksaa6eishnloevrboxir1urju5eehdgqu05jry5d26ks7j9kv9z12facojcn95djqzin4ulyqm3yjqz4etiashragb31y4waxsrod1t8hzlgjaatwnmcubyg06h4:latest/val_probs_labels.table.json","path":"media/table/val_probs_labels_52_671551a2a4c4a51a044a.table.json","ncols":2},"checkpoint_path":"Checkpoints/Messungen-noTu-Tu/trainsample_681/checkpoint_epoch_030.pt","_wandb":{"runtime":187},"train_samples_used":681,"val_total":851,"val_correct":802,"val_loss":0.20874278247356415,"specificity":0.9032258064224765,"sensitivity":0.964879852107858,"epoch":38,"_runtime":187.592983845,"val_accuracy":94.24206815511164}