{"train_samples_used":2765,"test_auc":0.9906938842032351,"test_specificity":0.9925925925680841,"tumor_train":1489,"_step":30,"train_loss":0.03927427420223301,"test_correct":966,"test_accuracy":95.54896142433235,"specificity":0.999999999968652,"_timestamp":1.7504183098699787e+09,"_wandb":{"runtime":484},"epoch":30,"auc":0.9981438706484078,"val_accuracy":98.58989424206815,"test_incorrect":45,"val_loss":0.06873649691364594,"test_sensitivity":0.9306930692915727,"val_probs_labels":{"ncols":2,"nrows":851,"_type":"table-file","sha256":"697d899d741d0e50cefd5e372850c4fa10d9cd87a7370cedbbc93be013a4aacb","size":22282,"artifact_path":"wandb-client-artifact://qdshl1h8tr337k6c03yehtr97y7szmgxl0tc49jlijd7i4obpug8sj9n83vmakm4t6gergx92iuh7mdy1mr33o91jhfuu65hx8j7vy0x7oxn1w24mqzphwxdy244vr1a/val_probs_labels.table.json","_latest_artifact_path":"wandb-client-artifact://uvsntvnel816ut8qrj4qomtzrgvz4cnlgide5kc0pfo18jxjc3jgy11ufb4pe7l9whrrp1u9267lyeiu979on7q7t797x1q1moq9238s7elolc433nffpeskpr6uiwz2:latest/val_probs_labels.table.json","path":"media/table/val_probs_labels_29_697d899d741d0e50cefd.table.json"},"_runtime":484.53226674,"no_tumor_train":1276,"sensitivity":0.9774436090041834,"test_total":1011}