{"test_sensitivity":0.904290429027982,"_timestamp":1.7497673445066242e+09,"specificity":0.9516129031951093,"train_loss":0.038098473101854324,"_wandb":{"runtime":432},"_runtime":432.193533898,"train_samples_used":3063,"test_incorrect":73,"test_accuracy":92.77942631058357,"_step":24,"test_correct":938,"test_total":1011,"test_auc":0.9814937049260481,"epoch":24,"auc":0.9927970902152525,"train_percent_used":0.9,"val_probs_labels":{"artifact_path":"wandb-client-artifact://3krarusbxe5zkph7whyah2bsoquznv52ylsyer27xdadbg1ulxckdl03l16emwtq2nw1i8x3fap8un6kp2prpofedlabcvh400u1d8kbwvh5la9q4ulj4i9xz0mdopxy/val_probs_labels.table.json","_latest_artifact_path":"wandb-client-artifact://osmvobloxcz15kilr4wbwjef6yz0oz91uatquvxe69kndiymajxugl6nr0z3pjf2uci7oxk0ydjjhe5auj30p5hdd033lcbzua3nr5rjauqrar16touidvduv11fzoik:latest/val_probs_labels.table.json","path":"media/table/val_probs_labels_23_3a37d01ae57b2e260dac.table.json","ncols":2,"nrows":851,"_type":"table-file","sha256":"3a37d01ae57b2e260dace49f559e70bd5d1d5ab4594decf0267a0ae07847ccc1","size":22103},"test_specificity":0.962962962939186,"val_accuracy":96.3572267920094,"sensitivity":0.9704251386142251,"val_loss":0.1295349124286856}