{"_wandb":{"runtime":195},"_step":14,"auc":0.5,"val_loss":0.6576932966709137,"val_probs_labels":{"nrows":851,"_type":"table-file","sha256":"6ebbe407483ebfe113dc401c8f6d5b2f413956fede47ced6824fecb3a1795c00","size":21315,"artifact_path":"wandb-client-artifact://rw2xmvwtyhg65idilg0lsz28xv0yzr61ioxr2pm7kqndgu0re3lx4cdd6zy86xs7ibirgn3069uqszy4vt35375gsg86sg1ze05nve83i3waczay22jyxmbo2w3jf2ka/val_probs_labels.table.json","_latest_artifact_path":"wandb-client-artifact://l1x43cysz2hs7wgoonziy8hu2wbkdnki8u3kd1bwfk6mle4969gce62pn5z3e13x3by8gj30xoqv8eecmoswv630i90gwy93li0u83mg0fdiad0j5mg3v2hwn02x7h66:latest/val_probs_labels.table.json","path":"media/table/val_probs_labels_14_6ebbe407483ebfe113dc.table.json","ncols":2},"checkpoint_path":"Checkpoints/Hyperparametersuch-noTu-T/kind-sweep-60/checkpoint_epoch_010.pt","train_samples_used":3404,"specificity":0,"val_total":851,"val_incorrect":310,"val_accuracy":63.572267920094006,"train_loss":0.6653406487570869,"epoch":14,"_timestamp":1.7480517028106167e+09,"_runtime":195.922598686,"sensitivity":0.9999999999815157,"val_correct":541}