{"test_specificity":0.9802469135560433,"train_samples_used":2723,"val_probs_labels":{"_latest_artifact_path":"wandb-client-artifact://xyee1r55wb4u68uss1s2jcgeou6qs7ul3ezk7drc5rvuy674cy8sj2v36mgxv8p8tweq6b6vbjn356vaj1i7hr2a4o4k1aqphw44p9h7vaei0vbe4pw9b2s01skcqbex:latest/val_probs_labels.table.json","path":"media/table/val_probs_labels_29_93d94c14a1acca57a9d6.table.json","ncols":2,"nrows":851,"_type":"table-file","sha256":"93d94c14a1acca57a9d639d17b0568eac68272b0d98493df04af24aa252584e4","size":21708,"artifact_path":"wandb-client-artifact://riezql80g42eavfcgg5qxvst6yudc274fuakm1xr8mjkb281y35ybamvhqy7rbl0xy54md64qn1pnds8gi7hn4ny1nyqty077kz2veydd4kmcqvbq3nxk61qx1hk4gfn/val_probs_labels.table.json"},"test_auc":0.9879232367681212,"test_correct":972,"specificity":0.9612903225496358,"test_total":1011,"_runtime":500.57921405,"sensitivity":0.9685767097787694,"test_accuracy":96.14243323442136,"train_loss":0.025982474103908648,"test_incorrect":39,"val_loss":0.20083183688776834,"_step":30,"_wandb":{"runtime":500},"auc":0.9907220797805737,"epoch":30,"test_sensitivity":0.9488448844727914,"_timestamp":1.7498098587238057e+09,"val_accuracy":96.59224441833138,"train_percent_used":0.8}