{"train_samples_used":3404,"val_correct":825,"_timestamp":1.7480545106858165e+09,"val_incorrect":26,"val_probs_labels":{"ncols":2,"nrows":851,"_type":"table-file","sha256":"4252ab3a5fe6f8dde33ef2b5b8572906ae5857f4113016796d75e96fa5ddc88a","size":21328,"artifact_path":"wandb-client-artifact://6ivudkqmd2z5plxzosodjj4ku1vp39sla3f49w2um8aaheekx3y7xkivi3hputkr83dbu4pcyn51gs00m1osx6xltkk0n0n9g8cfgjtru9qclxcnf27dxb91ae1lryxm/val_probs_labels.table.json","_latest_artifact_path":"wandb-client-artifact://ehsobvzvqgd1tpm5ozeuwpr2hs7mz60ovgqvpo9btvnm95un8w44i741797neziq546waysqnu2j22r7xesccp8uqks6xopbwia1r54ezlmjrbe9vjv0tqyg4w1tfday:latest/val_probs_labels.table.json","path":"media/table/val_probs_labels_17_4252ab3a5fe6f8dde33e.table.json"},"epoch":17,"val_total":851,"_wandb":{"runtime":229},"checkpoint_path":"Checkpoints/Hyperparametersuch-noTu-T/comic-sweep-67/checkpoint_epoch_010.pt","specificity":0.9806451612586888,"train_loss":0.006254409057874,"sensitivity":0.9630314232724023,"_runtime":229.929093429,"_step":17,"val_accuracy":96.94477085781433,"val_loss":0.13488871499430388,"auc":0.995766501699362}