{"test_accuracy":86.7457962413452,"auc":0.9640868165285313,"train_percent_used":0.1,"_wandb":{"runtime":210},"_runtime":210.467737857,"val_accuracy":92.00940070505288,"val_loss":0.31870414316654205,"test_incorrect":134,"test_auc":0.9312023794972091,"test_total":1011,"test_correct":877,"test_specificity":0.8790123456573083,"sensitivity":0.959334565601491,"_step":37,"epoch":37,"_timestamp":1.7497658057765796e+09,"val_probs_labels":{"ncols":2,"nrows":851,"_type":"table-file","sha256":"ca1a3eb3e757d1f44d3b90f3f82762a07b91ab205837c3eef481ce7c81ef1608","size":22003,"artifact_path":"wandb-client-artifact://pgc16d1z5mm0pj98lw7yrenql8vhqqfelw2slgfyfrac2xedc3aqi40djt6vbup6zqe8qzjn21lev9t3juo2ik1fdtyzu78acpukvmc1kcbx70hnhr94qse3vexsg0rt/val_probs_labels.table.json","_latest_artifact_path":"wandb-client-artifact://jbqi5guocijvjabein1n0zusv8gvge3ksouwohy689upzmciuvkvje6smmt6fna3y3vk96n6ckgg5jdnoad0hllzd77c1crqnb0cc5ihcm10lufz4u6ypt8atenb0rkz:latest/val_probs_labels.table.json","path":"media/table/val_probs_labels_36_ca1a3eb3e757d1f44d3b.table.json"},"test_sensitivity":0.8597359735831727,"train_samples_used":340,"train_loss":0.05338844656944275,"specificity":0.851612903198335}