{"val_accuracy":62.51468860164512,"epoch":11,"sensitivity":0.999999999981203,"val_probs_labels":{"_type":"table-file","sha256":"0fa28f7783e103bff41ec451f44c70f6ab5c4b08157a1926c56d771c4e52ab0f","size":21315,"artifact_path":"wandb-client-artifact://k1noyiixrcqdyels6kb0ptrx05gdoy7vfzcu4vearmq8fhvohghln75sv6eimev6qimbcjziepjmycnlqupiiepcbjiije6jxt99zvv027gse2kfraxw7u3oc1w3dmrz/val_probs_labels.table.json","_latest_artifact_path":"wandb-client-artifact://47uvleqd3mzgo3g3m5nnh0gjkn8ae7iero1jv02y27l0k3zyfqnkx1osrpjle9e2v8w07oxwo4lgikjb0uu1mmdy7fwoq9tewi1540ruq967kqn5vi1nknbke006emhg:latest/val_probs_labels.table.json","path":"media/table/val_probs_labels_10_0fa28f7783e103bff41e.table.json","ncols":2,"nrows":851},"_runtime":104.182073086,"train_loss":0.694676677385966,"test_accuracy":59.940652818991104,"test_total":1011,"val_loss":0.6718780653817313,"train_samples_used":1488,"tumor_train":212,"no_tumor_train":1276,"specificity":0,"_step":11,"_timestamp":1.750449674935805e+09,"test_correct":606,"test_incorrect":405,"test_auc":0.6446848388542558,"auc":0.5,"test_specificity":0,"_wandb":{"runtime":104},"test_sensitivity":0.9999999999834983}