{"_wandb":{"runtime":224},"sensitivity":0.9625468164433503,"test_incorrect":88,"_timestamp":1.7497709169608681e+09,"_runtime":224.926783789,"test_accuracy":85.47854785478548,"test_sensitivity":0.9183006535647614,"test_specificity":0.7899999999736667,"test_probs_labels":{"artifact_path":"wandb-client-artifact://a6dvsofgb31fxkikykui3jidoyapit37ft2my5wy54uwv9w9bk4zuk066ukwx4vcbx2xyd3vpisgu6i7bzbk9tr3zd27g5ztmtrel235d9rb4ev41zovocmx1hj5kdr9/test_probs_labels.table.json","_latest_artifact_path":"wandb-client-artifact://7gna6dqghqvvrja52gqmekgt83iy15c13j1jeyc7dbhuihimr9tus36ni6yyx8brbkepzkt6mx2oqib8oes7aiht39by9ae4xt4vqf2bfiiydhxs5j2o9779d2xj9h2o:latest/test_probs_labels.table.json","path":"media/table/test_probs_labels_23_929c24c8f598ef92d4cf.table.json","ncols":2,"nrows":606,"_type":"table-file","sha256":"929c24c8f598ef92d4cf8b304dce48f197e0b141be36773b6223543c7e489cc1","size":15080},"_step":23,"epoch":23,"train_loss":0.07503945698049026,"glioma_train":317,"specificity":0.7689393939102674,"val_loss":0.5441372267395148,"val_accuracy":86.62900188323917,"test_total":606,"auc":0.9417134831460674,"train_samples_used":1389,"test_correct":518,"test_confusion_matrix_table":{"nrows":4,"_type":"table-file","sha256":"bf91892e205feb8a3ab1964fdd2c121a9f4aad15713c28c2a5684e98ab89b0cd","size":192,"artifact_path":"wandb-client-artifact://t52r2onhl6lzojed7s29o2gup4hyg01kz1w7uu0fvoq3h9fg2b4krm3f9w570bixy92y621726cpk40yrxvg142pk23db8634l9nlpyhzll189eac3ob79kinhznaouq/test_confusion_matrix_table.table.json","_latest_artifact_path":"wandb-client-artifact://zhw893ov42o8xaf6qkkugezejrf7iugdxmfp0xchlgsvpc2xiyqsh4x7pyt63w71ipf21d7yyrjbkth2smqu0k0f3p0mwi5x21olqktxgde7jgr7rtzbk9mf4828mtwk:latest/test_confusion_matrix_table.table.json","path":"media/table/test_confusion_matrix_table_23_bf91892e205feb8a3ab1.table.json","ncols":3},"test_auc":0.935446623093682,"meningioma_train":1072,"val_probs_labels":{"size":13304,"artifact_path":"wandb-client-artifact://guarh275m2s75x62sygn422s17sp29hmhsnw9orlgkucdqs899y2pljow5s6omo40vqnqytjjg9825fh9yz1unj2rq0kmqxgq5zxwmvrxkshh1d7raj0rzec76a34og4/val_probs_labels.table.json","_latest_artifact_path":"wandb-client-artifact://8nuejql3mu0h04iiz3wcxhl9zukwul8gmp6st3sufnmzpbjqq7zxhs6ze44swfu0bgksa478bxn4d9m13d84sx51al3ph73bb76dsdofafu68749an08otagwpacb90g:latest/val_probs_labels.table.json","path":"media/table/val_probs_labels_22_f5b86457818aa96f4e3b.table.json","ncols":2,"nrows":531,"_type":"table-file","sha256":"f5b86457818aa96f4e3b2661cb63716abdf573c2b5478e16846d4678a50161ac"}}