{"test_correct":953,"epoch":31,"val_probs_labels":{"artifact_path":"wandb-client-artifact://hslt3av0sxq4xym0a6us6cl7m6d537byri4etrj1kqc5bxhliweby7pmfksndhedid97kt69n7xuc3y1gpz5k321p05b337naktcpqchvvv4yzppt8pyxbdzwnpt0ssx/val_probs_labels.table.json","_latest_artifact_path":"wandb-client-artifact://4ebiokla7f28lkg93qcpu1gunu4dmv8kgbiypbk8dn1it8m0q267z67wjzuunfj0nlwh41aag9msgomwsuv3dwjl3nedkmsbavfp68m43mhg68qbp06ajb83pi85bw0h:latest/val_probs_labels.table.json","path":"media/table/val_probs_labels_30_adfcf16462591e5397fc.table.json","ncols":2,"nrows":851,"_type":"table-file","sha256":"adfcf16462591e5397fc65651e5707e188ed742200b5cf0f95fd742afea9c6cc","size":22059},"train_percent_used":0.7,"test_auc":0.9873935541702319,"val_loss":0.13213076548916952,"_wandb":{"runtime":449},"train_loss":0.03079333685730633,"auc":0.9928567169518813,"test_specificity":0.9753086419512269,"_runtime":449.94231197,"test_incorrect":58,"train_samples_used":2382,"test_sensitivity":0.9207920791927262,"sensitivity":0.9759704251205921,"val_accuracy":96.23971797884842,"test_total":1011,"_step":31,"specificity":0.9387096773890738,"test_accuracy":94.26310583580614,"_timestamp":1.7497682344150026e+09}