{"train_loss":0.29653148826594666,"val_loss":0.3343727296149289,"_wandb":{"runtime":71},"_timestamp":1.7472954784612186e+09,"_runtime":67.07414701,"_step":3,"epoch":4}