{"test_incorrect":44,"specificity":0.9968652037305058,"val_probs_labels":{"_latest_artifact_path":"wandb-client-artifact://to0kilylbh3gfm32fea5zobjri543uv29adzqxu17qert2hk4dhpe4ey5qz9f5w3ny67zc9gke1atr5w5mbpgy3bzlv83j6j2pikmz857du7a1ozg26hyvg5810quolt:latest/val_probs_labels.table.json","path":"media/table/val_probs_labels_36_a1acfb5b489f6eef2d06.table.json","ncols":2,"nrows":851,"_type":"table-file","sha256":"a1acfb5b489f6eef2d06a9f2f52a055e82091121a38607b39466074193d117e8","size":22258,"artifact_path":"wandb-client-artifact://huqcx4fga4hp8pfqv0qmv6fuj2jwqmhnlau5gozazhh8lkmyiz80kmky1hf92scybgje7y5jafkhayd5t115m16l8ruxxzw33aan9rt2wxxsh4a61xt3jvaql9i1p4xe/val_probs_labels.table.json"},"epoch":37,"no_tumor_train":1276,"test_auc":0.9824023143055047,"test_specificity":0.9753086419512269,"_runtime":582.869718735,"_step":37,"test_accuracy":95.64787339268051,"test_correct":967,"val_loss":0.1424950354599527,"auc":0.9934888160840973,"train_samples_used":2765,"train_loss":0.04963686473836953,"test_sensitivity":0.9438943894233681,"val_accuracy":97.76733254994124,"_wandb":{"runtime":582},"_timestamp":1.7504378786032777e+09,"tumor_train":1489,"test_total":1011,"sensitivity":0.9661654135156735}