{"val_accuracy":91.16541353383458,"auc":0.9739152563939433,"checkpoint_path":"Checkpoints/Hyperparametersuch-Gli-Men/wild-sweep-90/checkpoint_epoch_040.pt","_step":50,"_timestamp":1.7481319438539696e+09,"val_total":532,"val_incorrect":47,"train_loss":0.045186545261565375,"_runtime":446.74660329,"_wandb":{"runtime":446},"val_loss":0.33757161200046537,"specificity":0.9298892988586757,"val_correct":485,"sensitivity":0.8927203064792061,"epoch":47,"train_samples_used":2128,"val_probs_labels":{"nrows":532,"_type":"table-file","sha256":"27f95fe3720addc22d902288f5760932203158f18e086f3351e8ce75eb221c3b","size":13668,"artifact_path":"wandb-client-artifact://96n1sfjh45yfutzjv1n29aa48o68qx9374qxjut67umrzow4bsheevxk0saigeb6p8rbg8kdmssnbkdfn05bajy741aeurv84p0me542zady0kbgnlwkd08dx3k6tr4w/val_probs_labels.table.json","_latest_artifact_path":"wandb-client-artifact://pwz25mxstb3gg4gohlr01wtns69a62lzeoj56jtyj06lz3k59vlm0cabxpq0qkds2ntdgao9jogmzezq0gcy0867yh4a3dzcyth5bxrd7gzeq7lvkwd6r2vq9ybudcxt:latest/val_probs_labels.table.json","path":"media/table/val_probs_labels_50_27f95fe3720addc22d90.table.json","ncols":2}}