{"val_incorrect":133,"val_total":851,"_wandb":{"runtime":212},"val_correct":718,"_timestamp":1.7479112001438367e+09,"train_samples_used":3404,"val_loss":0.3866436651774815,"_runtime":212.290534141,"train_loss":0.3496142471278155,"val_accuracy":84.37132784958872,"epoch":15,"_step":14}