{"sensitivity":0.9759704251205921,"checkpoint_path":"Checkpoints/Messungen-noTu-Tu/trainsample_1021/checkpoint_epoch_020.pt","val_loss":0.20147158524819783,"train_samples_used":1021,"specificity":0.9096774193254943,"val_incorrect":41,"train_loss":0.05741745885461569,"best_model_path":"Checkpoints/Messungen-noTu-Tu/trainsample_1021/best_model.pt","_timestamp":1.7485564944176903e+09,"epoch":25,"val_correct":810,"val_probs_labels":{"sha256":"739a95304e9f6249e99db182a1fe2754d224d26ee09190443d0e2ed44f3a54df","size":21997,"artifact_path":"wandb-client-artifact://ti13ha5cjvlv2dlkgoi3x7heyfc740el9ajjagfna4n5n9mh2bkwq7mesc48ppxs1fxrikap1dl797xq73me9nzyw3vmjocjrlo0ggtr6bzfbsumqdnt3krlukb87wuu/val_probs_labels.table.json","_latest_artifact_path":"wandb-client-artifact://1ijvqj008bbqfny5zj1pwgq6v3fnf299kgy7u29v1gf38voqzthvrcd6gcj3n0602x23mvo9iox87se0l81th92sl5bsvgj7c0nb03596tuyyy99elmr3xd715s8viyn:latest/val_probs_labels.table.json","path":"media/table/val_probs_labels_38_739a95304e9f6249e99d.table.json","ncols":2,"nrows":851,"_type":"table-file"},"val_accuracy":95.18213866039953,"val_total":851,"_wandb":{"runtime":152},"auc":0.9806809373322998,"_runtime":152.387684461,"_step":38}