{"auc":0.9898885143894218,"test_correct":885,"tumor_train":638,"_step":21,"val_accuracy":96.12220916568742,"test_specificity":0.8592592592380429,"test_sensitivity":0.8861386138467634,"val_probs_labels":{"nrows":851,"_type":"table-file","sha256":"a50beefd0bef631ae82a24186167108ca7c15c32541593be4f3dc546ed5bdf20","size":22173,"artifact_path":"wandb-client-artifact://umhl021wmwnabmu7c7pywzt04i29y7nr3eu10bwynwfgf214smgpeepezdwwzxg6uampky9cghmrl811rrw9saqhi9g8ap87mgln64hvcjrh4g86oflb2r794kvclab7/val_probs_labels.table.json","_latest_artifact_path":"wandb-client-artifact://9h597qopwi84i7ka2cqq03u5guq37z80ru86ces49v6orsbtfdm0k8784sph5ikqya8ongsqjuvbb1euzdfyzio83j2uwqcq5mp1f4ojik65yjutm8rygxqgf7myxjdu:latest/val_probs_labels.table.json","path":"media/table/val_probs_labels_20_a50beefd0bef631ae82a.table.json","ncols":2},"train_loss":0.0825806272526582,"sensitivity":0.9492481202829088,"test_incorrect":126,"_timestamp":1.7504537157568345e+09,"test_auc":0.9449619035977672,"_wandb":{"runtime":272},"test_total":1011,"no_tumor_train":1276,"test_accuracy":87.53709198813057,"train_samples_used":1914,"specificity":0.9811912225397745,"val_loss":0.19446029833384923,"epoch":21,"_runtime":272.550180041}