{"_wandb":{"runtime":283},"val_incorrect":18,"val_probs_labels":{"sha256":"8b8b177ffc509a60bc8b7db56119ddcebf411b1bbbe84f600ee8214a64544d93","size":21115,"artifact_path":"wandb-client-artifact://aoo3g9ysoqgu68sekniz5wl1nqz457yhu0k1knd33x11l5lursv40l96zzh1itkwf1ln6o9arnp5kaqrkccswjbr438f5x81svly8yymzij107njdhskyu9f1qj10rcx/val_probs_labels.table.json","_latest_artifact_path":"wandb-client-artifact://qd8mowkd796xuup0ebc1fm2vbhi018lqtujrbye17r69pzqpr3pfd36xcdgyb0ggn1i0dxsk92n13i9wwxkyor6oroluj58ozq0vem8fxxii08awps0a2xvs0ajc07vy:latest/val_probs_labels.table.json","path":"media/table/val_probs_labels_22_8b8b177ffc509a60bc8b.table.json","ncols":2,"nrows":851,"_type":"table-file"},"sensitivity":0.9778188539560477,"_step":22,"train_loss":0.020099746735476754,"specificity":0.9806451612586888,"checkpoint_path":"Checkpoints/Hyperparametersuch-noTu-T/icy-sweep-7/checkpoint_epoch_020.pt","_timestamp":1.7480337951506696e+09,"val_accuracy":97.88484136310224,"epoch":21,"auc":0.997286983483394,"val_correct":833,"_runtime":283.67535223,"val_total":851,"train_samples_used":3404,"val_loss":0.09943492225723578}