{"epoch":47,"val_total":851,"_wandb":{"runtime":648},"checkpoint_path":"Checkpoints/Hyperparametersuch-noTu-T/charmed-sweep-36/checkpoint_epoch_040.pt","val_incorrect":17,"auc":0.9958917178462823,"val_probs_labels":{"nrows":851,"_type":"table-file","sha256":"d83adfeee16f4e2017d25c8b0dc7aae683979d8e0ac93dcf13d703bf3b7aece0","size":21539,"artifact_path":"wandb-client-artifact://gegy4nht5fj8zi2xlgl1854wenm3ifd6kkyqsgd2aq2ls7c23xxyoxl5igza77buz3amvuzjiodmp1a3ear0rh4eerlqg7834l616wsa1j13cjfegbrvivylwpev402k/val_probs_labels.table.json","_latest_artifact_path":"wandb-client-artifact://dn7njha1ww9ci72lfn27jt8qbdcrg1namsmh3hgljey7msfo1ggo7ve3srdoxsw0gvvpsm7wmrt621kes3556jo8zpeatm0md0ajgkyu2uqvqf76uwwmpadpoe5q2kqt:latest/val_probs_labels.table.json","path":"media/table/val_probs_labels_50_d83adfeee16f4e2017d2.table.json","ncols":2},"_timestamp":1.7480432049711473e+09,"val_loss":0.09151807204492528,"specificity":0.9838709677101977,"_runtime":648.044217642,"train_samples_used":3404,"_step":50,"val_accuracy":98.00235017626322,"train_loss":0.011205314566102749,"sensitivity":0.9778188539560477,"val_correct":834}