{"train_loss":0.6939627703498391,"tumor_train":851,"test_sensitivity":0.9999999999834983,"test_auc":0.5,"_wandb":{"runtime":145},"sensitivity":0.999999999981203,"test_correct":606,"test_accuracy":59.940652818991104,"epoch":11,"_runtime":145.456265521,"train_samples_used":2127,"test_incorrect":405,"auc":0.5,"val_loss":0.6787502425057548,"_timestamp":1.7498304816362271e+09,"specificity":0,"_step":11,"no_tumor_train":1276,"test_specificity":0,"test_total":1011,"val_probs_labels":{"nrows":851,"_type":"table-file","sha256":"0e8496de8307a525645a4c3a5ae11380c5bb18da32b7cabed57970b006f4400e","size":21315,"artifact_path":"wandb-client-artifact://4y310ztwdc0ch5fg5j09ls09azsyhuvk2i9n59r5y0elmjmlrjlmodwenha12zd2jt0per743fnra70v36xylrg92w69h5awg9x4crbtjq2wnwu9n5q4ketb5yn064zm/val_probs_labels.table.json","_latest_artifact_path":"wandb-client-artifact://1q4hk3xpqn6neqa7iw1e67aoz6kijnprw0qzgd3i89n7jz2iu0ggoisxoqzq77e0qoi7cw68dvyafn9vx644bpiyy1kg5slr0rctem1tdhgj067jtts99zki3qlw5hto:latest/val_probs_labels.table.json","path":"media/table/val_probs_labels_10_0e8496de8307a525645a.table.json","ncols":2},"val_accuracy":62.51468860164512}