{"auc":0.9927851648679268,"epoch":19,"val_incorrect":25,"_timestamp":1.74803867781577e+09,"_runtime":259.686850377,"sensitivity":0.964879852107858,"checkpoint_path":"Checkpoints/Hyperparametersuch-noTu-T/scarlet-sweep-24/checkpoint_epoch_010.pt","_wandb":{"runtime":259},"_step":19,"train_samples_used":3404,"val_loss":0.16678174569458995,"train_loss":0.03041714487802702,"val_accuracy":97.06227967097533,"specificity":0.9806451612586888,"val_correct":826,"val_total":851,"val_probs_labels":{"nrows":851,"_type":"table-file","sha256":"3d542547d5072ea6606dce32c0f12a6c1ea087c6897259728a475aeaf98a0e3e","size":21202,"artifact_path":"wandb-client-artifact://caxx06spfh28265cn666rrxto2gq4ks4rjx1wdr67oohhqnfzzgjseksnu9ca4deiltuwn881pobqfepq0hhq75qd9whxvn2zlwh16z1rgwg9t5s7qcrxg59nxvrw8p7/val_probs_labels.table.json","_latest_artifact_path":"wandb-client-artifact://8mn4u1lgjcdgyyt2hg71ze787p5zlmidl4jv0iq2a4vy8d4ujzmqe6zv2acuajqkwuum9h7u504u1ox6afigqvbge34vplj0cel70fh1yvo2hv47cn8vfp8l5tuphaeb:latest/val_probs_labels.table.json","path":"media/table/val_probs_labels_19_3d542547d5072ea6606d.table.json","ncols":2}}