{"train_loss":0.0427706228373082,"val_total":851,"val_correct":821,"_wandb":{"runtime":290},"_step":40,"train_samples_used":2383,"val_accuracy":96.4747356051704,"val_probs_labels":{"artifact_path":"wandb-client-artifact://is248voux1t6nbbzg7yl169d2toun81e0zos1bgsdmq73z8oh7hr1nuswq9zbgozunxdj5g5gp0qqw8woxw9izvmmx2uttasohjz1oozq16wnx3umv3d673sa1jeys6j/val_probs_labels.table.json","_latest_artifact_path":"wandb-client-artifact://aw96jy6otzldtu7urbq2eruq9qfnbzzcbxsk1gakv1mzz6fo022p2dm0ccv1qpp8krzw12y32aucdipjjgt80xvydse2xwe7nqznd4y76eyz0k8xzjc8hz5tydeaeh88:latest/val_probs_labels.table.json","path":"media/table/val_probs_labels_40_4d334124da57c2d50093.table.json","ncols":2,"nrows":851,"_type":"table-file","sha256":"4d334124da57c2d50093165f0546706fa9a69cfa860bfb7e19211cd83c59613a","size":22191},"specificity":0.9870967741617065,"best_model_path":"Checkpoints/Messungen-noTu-Tu/trainsample_2383/best_model.pt","val_loss":0.18939156085252762,"epoch":28,"checkpoint_path":"Checkpoints/Messungen-noTu-Tu/trainsample_2383/checkpoint_epoch_020.pt","_runtime":290.322162867,"val_incorrect":30,"_timestamp":1.7486417692718613e+09,"sensitivity":0.9519408502596683,"auc":0.989642835847594}