{"val_accuracy":95.88719153936546,"val_total":851,"train_loss":0.08552373881720483,"val_loss":0.2023438003282839,"epoch":17,"sensitivity":0.9778188539560477,"val_incorrect":35,"val_probs_labels":{"ncols":2,"nrows":851,"_type":"table-file","sha256":"312ed6fce901e38144eb06fd53cf0024842db0f9255242c410d4d07945e4bdbe","size":20915,"artifact_path":"wandb-client-artifact://ssterivgthdhqxhga2t3m11f7213v3u2o5swv8sw7bdl4qod723ntu2y1afd5x3oomot1zlnczcmxsj4u4841ss5j4nbyhi8oajko2fn57oc7wk8mstm0vpp5riwo2fg/val_probs_labels.table.json","_latest_artifact_path":"wandb-client-artifact://nfzjnmwp8uz6lr17r3knzl203cq01ygk5gx3n83gqhv9nw8q8mpdqwarqmyqsluyxy0bitibrdbutng4ddpnzitnf0w49noev8p76qa1o4uq6co2cy3c2ngeusu8w4v7:latest/val_probs_labels.table.json","path":"media/table/val_probs_labels_17_312ed6fce901e38144eb.table.json"},"_wandb":{"runtime":232},"checkpoint_path":"Checkpoints/Hyperparametersuch-noTu-T/azure-sweep-25/checkpoint_epoch_010.pt","val_correct":816,"auc":0.98651839484825,"train_samples_used":3404,"_step":17,"_timestamp":1.7480389241296284e+09,"specificity":0.9258064515830384,"_runtime":232.578762461}