{"train_loss":0.11389819576459773,"specificity":0.8856088560558816,"train_samples_used":2128,"_runtime":894.443492418,"sensitivity":0.9118773946010774,"_wandb":{"runtime":894},"val_correct":478,"val_accuracy":89.84962406015038,"val_incorrect":54,"val_total":532,"epoch":94,"auc":0.9580028558906278,"val_probs_labels":{"nrows":532,"_type":"table-file","sha256":"1c18c67a3dbbad2e0714c1956fac0cb69d0ab24139b68129752c91a77f8b569f","size":13500,"artifact_path":"wandb-client-artifact://oa9smw1pxdswgwthth6zmf85weyhmhixv1tdac31dg7ak5aqkpzii1q6b777mfccpubep4379mpvfcbgay7c6kuimuxxp4a53aafh36vsd86i68oeafov6lfrysj7aso/val_probs_labels.table.json","_latest_artifact_path":"wandb-client-artifact://2t7gxr7cs0c25wduh509xrviy8e9znbf6noj12sp60h5aq10lykrxkf7dsnir7hxxdirs4k17xgcsgty75a9mdl62ybycvyytgdcyzd6ul0tixmoxzwewb0jm3x0uenq:latest/val_probs_labels.table.json","path":"media/table/val_probs_labels_102_1c18c67a3dbbad2e0714.table.json","ncols":2},"_timestamp":1.748132844121046e+09,"checkpoint_path":"Checkpoints/Hyperparametersuch-Gli-Men/likely-sweep-91/checkpoint_epoch_090.pt","val_loss":0.33094060719013213,"_step":102}