{"train_samples_used":1362,"val_loss":0.20838347609554017,"auc":0.9830421561027964,"val_total":851,"_step":58,"val_incorrect":49,"sensitivity":0.9519408502596683,"_runtime":292.086646579,"_wandb":{"runtime":292},"checkpoint_path":"Checkpoints/Messungen-noTu-Tu/trainsample_1362/checkpoint_epoch_040.pt","val_accuracy":94.24206815511164,"_timestamp":1.7486391655421073e+09,"specificity":0.9258064515830384,"val_probs_labels":{"_type":"table-file","sha256":"6ed8bae00e515b7ee4a6cfae06ef194b0b7b570e487b292a2209c802beb54df8","size":22057,"artifact_path":"wandb-client-artifact://z6y127zy6k3p87wqwlr029oatzd3fjpnn945nvm09po41tuocbdg6oppnvd1d0tqnruk5o3b0kqgsj99a7ni6zdynexalwf39vycwsehffv6sivh1mjpu501ih3e62v6/val_probs_labels.table.json","_latest_artifact_path":"wandb-client-artifact://d8oh111oda1xyip16cg95k5d1bustzpxhnfs9iq522n5tjlarsnaf6ck0nazr74t2s5vk7bdty2s4x5r4q94vfot9f6ezz8d0840fqubdqdm2kenj9psukt3d8bpi9x6:latest/val_probs_labels.table.json","path":"media/table/val_probs_labels_58_6ed8bae00e515b7ee4a6.table.json","ncols":2,"nrows":851},"epoch":41,"best_model_path":"Checkpoints/Messungen-noTu-Tu/trainsample_1362/best_model.pt","train_loss":0.04001777703789147,"val_correct":802}