{"tumor_train":212,"test_auc":0.9122438169742899,"_runtime":141.253013868,"val_probs_labels":{"path":"media/table/val_probs_labels_13_fc91a23b63dae360c144.table.json","ncols":2,"nrows":851,"_type":"table-file","sha256":"fc91a23b63dae360c14451de4ef6ee933070406a31d5197942eb4ffd974b8ef7","size":22132,"artifact_path":"wandb-client-artifact://deqpgxrimjspdxgc55j2cocxanszzc17a6taozc75si38chdnrbq55z75lslgzz4bg3kg4roe059vjixasboq6i0npduis2jext9xdp7g6vx026iaex928ev4nbwrmno/val_probs_labels.table.json","_latest_artifact_path":"wandb-client-artifact://imww3nbffym0vulh8yi11hnf1e1zgpq6pkz9xlpwkpqqojxa9o6qt4s8yc7tdp8ehbcejmpuvn4akgno1bwrckzw8sci63dxw3779k7m7ks4mcj9musi3vajl8tuevj9:latest/val_probs_labels.table.json"},"test_incorrect":150,"epoch":14,"auc":0.979694534140995,"_step":14,"specificity":0.9843260187779208,"test_sensitivity":0.8795379537808657,"val_accuracy":92.47943595769684,"test_total":1011,"_timestamp":1.7504248673849328e+09,"test_accuracy":85.16320474777447,"train_samples_used":1488,"no_tumor_train":1276,"test_correct":861,"_wandb":{"runtime":141},"val_loss":0.43966594338417053,"test_specificity":0.8098765431898796,"train_loss":0.1676421413818995,"sensitivity":0.8890977443441899}