{"test_incorrect":405,"_wandb":{"runtime":158},"no_tumor_train":1276,"test_auc":0.5,"tumor_train":851,"test_accuracy":59.940652818991104,"_step":12,"sensitivity":0,"val_probs_labels":{"_latest_artifact_path":"wandb-client-artifact://301djuub2k8dap6dkzrnvuru499nuiln9bx57hqqz6yc0hpjg6bimt1yfdml9kfrspflctq4hwb5cbwwuetwh34taniig016q5dy80rj2eoehqass16r7h34p2vxf1jw:latest/val_probs_labels.table.json","path":"media/table/val_probs_labels_11_d2c290748a41eab92301.table.json","ncols":2,"nrows":851,"_type":"table-file","sha256":"d2c290748a41eab92301f8f0fb1b43face48f5b37d1e2d9f96eff39de76ec707","size":22166,"artifact_path":"wandb-client-artifact://bkj1knmwtvfuaxcmwl9x0g1feym1jge8i3jb3iz0v4qzbx9vdijswt6zdx08ho98z2yhqoq2j5jsaan31mwh2xea7a53ml7cmtcnmopek6eiml9tr3e67nivylnnnfdy/val_probs_labels.table.json"},"val_accuracy":37.485311398354874,"train_samples_used":2127,"_runtime":158.941108105,"test_correct":606,"auc":0.5,"test_sensitivity":0.9999999999834983,"_timestamp":1.7498489861192677e+09,"specificity":0.999999999968652,"train_loss":0.6931298830929924,"val_loss":0.6956393207822528,"test_specificity":0,"epoch":12,"test_total":1011}