{"_timestamp":1.7481122497807944e+09,"val_accuracy":89.66165413533834,"epoch":33,"val_total":532,"val_correct":477,"val_incorrect":55,"_step":35,"_runtime":316.860822362,"train_loss":0.15332035411760878,"train_samples_used":2128,"_wandb":{"runtime":316},"sensitivity":0.946360153220446,"specificity":0.8487084870535532,"val_loss":0.30378678221912947,"val_probs_labels":{"path":"media/table/val_probs_labels_35_47d47c3d5ccd81a26d79.table.json","ncols":2,"nrows":532,"_type":"table-file","sha256":"47d47c3d5ccd81a26d794ab87f200320bb8cc143ec9e38a6d01af4fc3d65313c","size":13609,"artifact_path":"wandb-client-artifact://hh21xtg2wrjunxxid31uejr1hdc2ogsotxvc4qlp2i4bxg0i1088l4m49qmhyr0m24mq2umx7io293v27a48jsfdybn5mzif6xs3d0ugli5zv0w0htj0f14vciq6lmrk/val_probs_labels.table.json","_latest_artifact_path":"wandb-client-artifact://fsmcyxaovg9zg2igglta8ptx3pvhrlm5bytgyettdwzlq43fh0czao6ukcwxa197kdag8skcgmbkz7q4uuqrnwvoel6gy460pqrga4aa5iwyzdis8kv07pcbe3w0enoq:latest/val_probs_labels.table.json"},"auc":0.9594661463856018,"checkpoint_path":"Checkpoints/Hyperparametersuch-Gli-Men/generous-sweep-43/checkpoint_epoch_030.pt"}