{"val_total":851,"specificity":0.9709677419041624,"val_accuracy":96.82726204465335,"_runtime":268.418109217,"sensitivity":0.9667282809433136,"_step":19,"checkpoint_path":"Checkpoints/Hyperparametersuch-noTu-T/sweepy-sweep-37/checkpoint_epoch_010.pt","auc":0.9934172082761911,"val_probs_labels":{"path":"media/table/val_probs_labels_19_7c3ff37b794c78a0bff0.table.json","ncols":2,"nrows":851,"_type":"table-file","sha256":"7c3ff37b794c78a0bff0a0fac6a2da108ec69e1e93d8362ae922ccb070e288eb","size":18747,"artifact_path":"wandb-client-artifact://fyjngu4673b0wkj5clhixgn3pkmygke02gyvitj8r88jgjgaweg0ifaajm0w6d6snems6xs78h0orgizu3j45zy1t2a2c7nc4nf8670bnitrhslqd3hj48nuobjt8act/val_probs_labels.table.json","_latest_artifact_path":"wandb-client-artifact://7xspao6rl197lz8p9kcif80vuxa74xi3hhiqzh9anneq8f5zvrw2kbg56sv4k4lb2gjdrbjcvk48x6htwywv95eqy830rndcy08qlb7fpdlzxm2tije48nrsae94xh1y:latest/val_probs_labels.table.json"},"train_loss":0.019592862186262158,"val_loss":0.18203681808895286,"val_correct":824,"train_samples_used":3404,"val_incorrect":27,"_timestamp":1.7480434789237127e+09,"epoch":19,"_wandb":{"runtime":268}}