{"_step":41,"epoch":41,"val_probs_labels":{"ncols":2,"nrows":851,"_type":"table-file","sha256":"3911d02afd61c1dbaa09820722755654db45979069e18060e721e752e6262c63","size":20375,"artifact_path":"wandb-client-artifact://mavjwely403s62d7ujgbkagenif8ovkx98gg6ilixjgql73czpjkfaaqndlk7g1t3esp85vltm1o6b8szxqcu9omr4s1n6osy1z4emj63qod2fw35rsadmbz6ifd80t5/val_probs_labels.table.json","_latest_artifact_path":"wandb-client-artifact://zfixgrtt5zyuczo1spgft7mm05a45ap81qkdmk1ng27aw49reuw4z1mgiuxuw3v1uuwt1nzxzhnve27mng6lu8u6vzbyt2dc8m1nmqxps4rggfsd8oqbinw54rqvwti6:latest/val_probs_labels.table.json","path":"media/table/val_probs_labels_40_3911d02afd61c1dbaa09.table.json"},"val_accuracy":98.1198589894242,"test_correct":984,"auc":0.9951799561599924,"test_total":1011,"test_auc":0.9933097013405044,"specificity":0.9843260187779208,"no_tumor_train":1276,"_wandb":{"runtime":828},"test_specificity":0.9925925925680841,"tumor_train":2128,"train_samples_used":3404,"_runtime":828.892861428,"sensitivity":0.9793233082522683,"test_sensitivity":0.9603960395881123,"train_loss":0.025215677503082488,"test_accuracy":97.3293768545994,"_timestamp":1.7498504846494749e+09,"test_incorrect":27,"val_loss":0.08679061788799507}