{"_timestamp":1.7494928415411866e+09,"test_incorrect":18,"sensitivity":0.9866920152028728,"auc":0.9961138734522766,"train_samples_used":10212,"val_loss":0.07967521406244486,"val_probs_labels":{"sha256":"83b7415ec2a2b4d22f77a072b4b1c06523b11c7ab8c167493ced0014db5583c3","size":66249,"artifact_path":"wandb-client-artifact://hnzgnmou28klfh5dsz46vux9aspaisqx89iwnwmpdj84dydp9a7qw2mcyjkotgv6nh9m6pzjkc8u78qh0tscieis2xhqrvs0eb61cqr3z40uw9c7cmvv2fjbgr199sbm/val_probs_labels.table.json","_latest_artifact_path":"wandb-client-artifact://zmtsla8edvxqtytei1btjf194kd7yarsubw78vzn7fn7p6ylmhchi2yixzl24j6i87hstbgdqhwuphfk8sx1al4oudee3k54kkisjqpe650xylimaf43l9ey6q0rr9c5:latest/val_probs_labels.table.json","path":"media/table/val_probs_labels_37_83b7415ec2a2b4d22f77.table.json","ncols":2,"nrows":2553,"_type":"table-file"},"_runtime":4891.203555768,"test_total":1011,"specificity":0.9661538461439368,"train_loss":0.036788288209936584,"train_percent_used":1,"test_specificity":0.9975308641729005,"_step":38,"val_accuracy":97.88484136310224,"_wandb":{"runtime":4891},"test_sensitivity":0.9719471947034332,"test_auc":0.996993032636597,"test_accuracy":98.21958456973294,"test_correct":993,"epoch":38}