{"test_correct":859,"test_total":1011,"test_sensitivity":0.8646864686325959,"_runtime":172.483958337,"_wandb":{"runtime":172},"test_incorrect":152,"val_probs_labels":{"nrows":851,"_type":"table-file","sha256":"eb5c7e56e96ec7f4b8ef1df8e84492cfc7cb61f8d1f312278c7a9962561a5068","size":22044,"artifact_path":"wandb-client-artifact://efv8rj50c96iyu9lk0izkum9ih44xac2syenkpjnovohrlx04hwdg6snl58xllk2bbyeh8ahf8o8m8igtatyzmrhaspn9ic3wqtij6ijdrujjrxy6et8c9fujvauqpgr/val_probs_labels.table.json","_latest_artifact_path":"wandb-client-artifact://0ha1wolkofxty2089bizzrf4o0x08vpe01zjfbf0g1txv5f7t3f5mgxw72za7lsrew73pqs2uqmpog0ak9tiqaou7ww1p1d6szbnujrq20zaft8uve7kp9g77b92nr37:latest/val_probs_labels.table.json","path":"media/table/val_probs_labels_32_eb5c7e56e96ec7f4b8ef.table.json","ncols":2},"val_loss":0.26272365770169664,"auc":0.9653210899767455,"test_auc":0.9245202298007579,"_timestamp":1.7498193604154875e+09,"test_specificity":0.8271604938067367,"_step":33,"train_samples_used":340,"val_accuracy":92.00940070505288,"sensitivity":0.953789279095124,"train_percent_used":0.1,"train_loss":0.1137539694706599,"test_accuracy":84.96538081107813,"specificity":0.8612903225528615,"epoch":33}