{"_timestamp":1.7498494157857263e+09,"test_accuracy":59.940652818991104,"test_total":1011,"sensitivity":0,"_wandb":{"runtime":141},"test_specificity":0,"test_correct":606,"auc":0.5,"train_loss":0.6937002965382167,"_runtime":141.100819564,"specificity":0.999999999968652,"val_loss":0.6968184113502502,"test_sensitivity":0.9999999999834983,"tumor_train":425,"val_probs_labels":{"_latest_artifact_path":"wandb-client-artifact://vghevzu41z8gyrfngy9xd8tqz1xax46dhiz5pzemqqqxv4rpfb7aszu4jo8gcslcfqdawwinzqyouz89olwugx8db50vlkcz2wwx7vjmr19cstm5hqhnnoxil3hny2fx:latest/val_probs_labels.table.json","path":"media/table/val_probs_labels_11_a021469adc808f3b810c.table.json","ncols":2,"nrows":851,"_type":"table-file","sha256":"a021469adc808f3b810cce86b7b406ca729c00cef48ee7075fc543a9219dcb9f","size":22166,"artifact_path":"wandb-client-artifact://tb1avjcrr6tf1yr2eywvh4ex5quzc87pp5wwgv6cbr50hm052ipva00hp1xvz76mwqq5cybbd2mwhxa690n25o4nbqrnu0xvcnjniem1ylc6ea6m1lf0delzrd8pzdij/val_probs_labels.table.json"},"test_incorrect":405,"no_tumor_train":1276,"_step":12,"val_accuracy":37.485311398354874,"train_samples_used":1701,"test_auc":0.5,"epoch":12}