{"val_loss":0.0936749412545136,"_wandb":{"runtime":646},"test_total":1011,"_step":34,"_timestamp":1.7498421135395665e+09,"test_incorrect":28,"train_samples_used":3191,"test_specificity":0.9950617283704923,"no_tumor_train":1276,"sensitivity":0.9849624059965233,"tumor_train":1915,"auc":0.9954981497631226,"test_sensitivity":0.9570957095551634,"train_loss":0.046878724163398146,"_runtime":646.325505421,"specificity":0.9686520375871895,"test_correct":983,"val_accuracy":97.88484136310224,"epoch":34,"val_probs_labels":{"ncols":2,"nrows":851,"_type":"table-file","sha256":"ecab691504e9ba5caae19f1fb76d06448118bcb326a8b8e4b2176b3651a7e7bc","size":22091,"artifact_path":"wandb-client-artifact://1qso1wgr762ttcnz4d4ndjn09e7ia9r1mzu458jiclsjnnz9r45jrhy2abeyn5p6s0gmjhcbshhaqshywpzt4yzsc0eakjxskghxtxlxcy9k7tfo6tm6cu72ikmuopfa/val_probs_labels.table.json","_latest_artifact_path":"wandb-client-artifact://bail2k5acg7pqq1wsz6707qrrgdnzv0xc2gqeq830kgeyzhcco4omeynngx5b8206zan7n8ax964v6rszgajw140zjwp60mz17lx1glagxawwqsad7cm4i7mknkyupgf:latest/val_probs_labels.table.json","path":"media/table/val_probs_labels_33_ecab691504e9ba5caae1.table.json"},"test_auc":0.9925599967404147,"test_accuracy":97.23046488625123}