{"checkpoint_path":"Checkpoints/Hyperparametersuch-Gli-Men/deep-sweep-42/checkpoint_epoch_010.pt","sensitivity":0.9003831417279546,"train_loss":0.029213492705577066,"specificity":0.9298892988586757,"val_total":532,"train_samples_used":2128,"auc":0.9691436569538108,"val_accuracy":91.54135338345864,"val_loss":0.3791728955351145,"val_correct":487,"_wandb":{"runtime":191},"_step":20,"epoch":20,"_timestamp":1.7481119241889381e+09,"_runtime":191.572570305,"val_incorrect":45,"val_probs_labels":{"artifact_path":"wandb-client-artifact://kqafj4gaamhyenhm08e74ja0i4tohmgj59mnafmhupsou9qglbs24xnc7rq98q17489x4qbhiqdb448iwfrclzina2lzdx4ss8koen6e46wcdw0xhnlseysb7n656b95/val_probs_labels.table.json","_latest_artifact_path":"wandb-client-artifact://iyz0zofnz7ouszct7xa2zy08dbt2jizz4vsrzh8j5lgsdr75sdo0rils3raj3l7tjqh1cswwco87d58zg9lmz6e76x9kk5u26exmrcubi14bkv862ce7fjmb9gqqoa3s:latest/val_probs_labels.table.json","path":"media/table/val_probs_labels_20_25df6633c6336fd2c7ba.table.json","ncols":2,"nrows":532,"_type":"table-file","sha256":"25df6633c6336fd2c7ba9e2227cff4713c5ff358888df84a6a03fca8554834c6","size":13423}}