{"epoch":35,"test_accuracy":96.14243323442136,"tumor_train":1489,"test_total":1011,"train_loss":0.03787361285437576,"specificity":0.9905956112542132,"_wandb":{"runtime":566},"_step":35,"test_sensitivity":0.9488448844727914,"no_tumor_train":1276,"auc":0.9945966012209205,"val_probs_labels":{"sha256":"9fa4ebd7a37631f5175422599ed93a36667bafa21a6935dbc161787888845303","size":22136,"artifact_path":"wandb-client-artifact://1egtnvj3fpbpbwaxeje4l2chio0t4fn2n6kalbrj7xci5i7mwms0p5wwf2163eb6detoisph35xrtnxco4afkmm3udvqy39vd93utitampxu8wjdx7ygr4h7eg04i2z6/val_probs_labels.table.json","_latest_artifact_path":"wandb-client-artifact://j2q05bq9cu8fpm89h124k2bawy3w0hqo52q6uctg3d7zz6t4xci8hw5pgbch8brweukwocg6n42onacugucrmau3w9p8e8yg70i73tjxg41dj8tl6u6y6lch0w598vkj:latest/val_probs_labels.table.json","path":"media/table/val_probs_labels_34_9fa4ebd7a37631f51754.table.json","ncols":2,"nrows":851,"_type":"table-file"},"test_correct":972,"sensitivity":0.9642857142675886,"_runtime":566.65786571,"_timestamp":1.7504567822050889e+09,"val_accuracy":97.41480611045829,"test_specificity":0.9802469135560433,"test_auc":0.9898952858248788,"train_samples_used":2765,"val_loss":0.1384045939360346,"test_incorrect":39}