{"train_samples_used":2042,"epoch":43,"_step":43,"train_percent_used":0.2,"_wandb":{"runtime":1335},"test_auc":0.9874342989854542,"test_correct":953,"test_incorrect":58,"val_probs_labels":{"path":"media/table/val_probs_labels_42_e77cf7609f2bfd3aedb4.table.json","ncols":2,"nrows":2553,"_type":"table-file","sha256":"e77cf7609f2bfd3aedb444944668a00990c0b99f7a09d9db67701498dc205fa0","size":64874,"artifact_path":"wandb-client-artifact://f0uodpc761okaiam7kntidx42317lmx5nvhma6htesftje0rsitffrjwnjsymquz976pfhgr0tx1k8hu1z9hrwb0afcj6zrq3zxvrei3ye8tydo38lcha9kmjl8uaomt/val_probs_labels.table.json","_latest_artifact_path":"wandb-client-artifact://fxk57xx3xqua9x0tdcviqt8k4eifurlcwgwmpizfq42m05qy7jkv69e9f2feszwiozkkbrazkpx0dtnz4tgktggfzkcu8yyhmb6qot06axyw1zeashslhlp5qd1zvpt0:latest/val_probs_labels.table.json"},"val_loss":0.1444650087505579,"test_accuracy":94.26310583580614,"specificity":0.9323076922981302,"auc":0.9903916024828571,"train_loss":0.036874822864774615,"test_sensitivity":0.9273927392586239,"test_specificity":0.9654320987415943,"sensitivity":0.9803548795882108,"test_total":1011,"_runtime":1335.077593694,"_timestamp":1.7493399191427665e+09,"val_accuracy":96.20054837446142}