{"train_loss":0.04094348112611394,"auc":0.9953920852287459,"_wandb":{"runtime":384},"tumor_train":1064,"test_total":1011,"test_sensitivity":0.9356435643409959,"train_samples_used":2340,"test_accuracy":94.55984174085064,"val_probs_labels":{"path":"media/table/val_probs_labels_28_b52876d94788583447e3.table.json","ncols":2,"nrows":851,"_type":"table-file","sha256":"b52876d94788583447e3ea1ae8164f62cf86a231817b4d501d106ab574cc99b8","size":21157,"artifact_path":"wandb-client-artifact://al5homg5dup6tnaik22grjy2nyvvzv3i9v2kzdxv529a2gaxsmxb631lfuhj7e802ppxu1lumo3t11vs5ukx7xml6wnpy997ii5g306uvy4lm1me7wi076dhsum2eyfb/val_probs_labels.table.json","_latest_artifact_path":"wandb-client-artifact://msqccb1ivito4ko0yr9yd372o919i2k3brjrmgtt8rrn6jminicx7r3vxpucorigitp5pmf6q7qmoag711h2l82z8c0zl12b0hsonnku1slvmquhqf65kbpuu48qs9u9:latest/val_probs_labels.table.json"},"test_auc":0.9845454915861958,"val_loss":0.07859383789556366,"val_accuracy":98.1198589894242,"test_incorrect":55,"_step":29,"_timestamp":1.7498534445485442e+09,"sensitivity":0.9812030075003533,"test_correct":956,"specificity":0.9811912225397745,"epoch":29,"no_tumor_train":1276,"_runtime":384.53434237,"test_specificity":0.9604938271367779}