{"test_accuracy":95.15331355093967,"auc":0.9930174181535343,"test_specificity":0.9851851851608596,"val_probs_labels":{"sha256":"4f2d17719748de35c3fcf256c66996facfc74840769031fac7b847c73615f525","size":22097,"artifact_path":"wandb-client-artifact://hkysnj5w04oty7lj7iyh2ik8xpc2y3k120buhsli1hwa71vtmnmahfhxvily5h4xvxz0i769y1zik2mtnv62ojokz56xsbdwfblwqodujbq2e8gie3azqlrmyimbrv4y/val_probs_labels.table.json","_latest_artifact_path":"wandb-client-artifact://iqb6z4lg1t5es0b1i3lcqhsnfv0r0ggdln2laqxaiwzt2pipv8p9lgm9tbp9avgglz4c4hzjf4n6qtjkw1zaeqfzl3xnhbev9ckmtzj8sr924erjfusfujppo4n5hgxk:latest/val_probs_labels.table.json","path":"media/table/val_probs_labels_37_4f2d17719748de35c3fc.table.json","ncols":2,"nrows":851,"_type":"table-file"},"_step":38,"specificity":0.9686520375871895,"test_sensitivity":0.9290429042750983,"val_loss":0.11233796205903802,"epoch":38,"train_samples_used":2552,"_wandb":{"runtime":562},"test_auc":0.9883429083649106,"_timestamp":1.749853056393563e+09,"sensitivity":0.9680451127637585,"train_loss":0.060554551985114814,"test_total":1011,"test_incorrect":49,"_runtime":562.435481113,"test_correct":962,"val_accuracy":96.82726204465335,"tumor_train":1276,"no_tumor_train":1276}