{"auc":0.9674965715174393,"val_probs_labels":{"_latest_artifact_path":"wandb-client-artifact://mo8aio0tkjbz13qt7myg8hu29tmg4c6y4dggs7j8u6oymw59qtjczuy1u9tatjwbhxt99wyoycy86bvxidwi03bapgmdc1fo8mee5tpxvfhhdro333xqp3s0yp10jut3:latest/val_probs_labels.table.json","path":"media/table/val_probs_labels_46_40b0f2cc70b7676510dd.table.json","ncols":2,"nrows":532,"_type":"table-file","sha256":"40b0f2cc70b7676510dd6e5ebb8904e20b72a74c6573d332cc8c1b82e1ea8a67","size":13786,"artifact_path":"wandb-client-artifact://bp8xlxbrydvha69ojalzm257c98nrf0xl6e5hwqpqdwg7e8myp1opoklts7hkzhykkzgvokpn9eh2ggbrrjm7e8k0i4pewmqomkcw0xjw9ba3w72cien2v6swisvjq01/val_probs_labels.table.json"},"val_accuracy":90.6015037593985,"specificity":0.944649446459607,"val_total":532,"_wandb":{"runtime":396},"checkpoint_path":"Checkpoints/Hyperparametersuch-Gli-Men/radiant-sweep-79/checkpoint_epoch_040.pt","val_loss":0.2969586282968521,"_runtime":396.450231391,"val_incorrect":50,"sensitivity":0.8659003831085862,"_timestamp":1.7481260192347627e+09,"train_loss":0.07337364543448477,"train_samples_used":2128,"_step":46,"epoch":43,"val_correct":482}