{"train_samples_used":681,"checkpoint_path":"Checkpoints/Messungen-noTu-Tu/trainsample_681/checkpoint_epoch_030.pt","sensitivity":0.9574861367660353,"val_probs_labels":{"size":22070,"artifact_path":"wandb-client-artifact://p6so7gdnmdyoqzj1chvwj9kqj3jpz8bn9iw5qw5oo4cisrjyq9pbqacbm6v5o280jpo26989ncbuv9vo42dvt39znrdkkywvqgbpxgwbouez7bowm6jelzavtld2o3ca/val_probs_labels.table.json","_latest_artifact_path":"wandb-client-artifact://ck22a2n6kogeedm5bl1j0wdwmmh51to9z1p6193lk69q6ehmqjpm76ijqfaym2jyuyw8rz4d1p5m7jh4jr0upzzfwkr08kb0jv22ecv9gn7qvnjzluqpagnaz433q37p:latest/val_probs_labels.table.json","path":"media/table/val_probs_labels_49_5562bde02740534fe856.table.json","ncols":2,"nrows":851,"_type":"table-file","sha256":"5562bde02740534fe856dbc857ce6e365b657e296672e410ad994a60a1984efd"},"epoch":33,"_step":49,"val_incorrect":53,"val_total":851,"train_loss":0.05140184176464876,"best_model_path":"Checkpoints/Messungen-noTu-Tu/trainsample_681/best_model.pt","_timestamp":1.7486535083272753e+09,"specificity":0.9032258064224765,"val_accuracy":93.77203290246769,"_runtime":165.002000324,"val_correct":798,"auc":0.985182755947767,"_wandb":{"runtime":165},"val_loss":0.2026399980698313}