{"auc":0.5,"sensitivity":0,"val_accuracy":37.485311398354874,"val_probs_labels":{"_latest_artifact_path":"wandb-client-artifact://7uqzgxevcgbof3uit7su3czi4ow8dx3cdcb932fybsacf414qxhf3epnwo1a34oo6tl1maj5h6rrt9lym3ww7umdqlclygpm0xmjl9si0k79b6hynkab0vzu16q996dv:latest/val_probs_labels.table.json","path":"media/table/val_probs_labels_11_62a10219d59da1cfcf89.table.json","ncols":2,"nrows":851,"_type":"table-file","sha256":"62a10219d59da1cfcf891c78be73da99f0d9cec2b3331f831de86f6ab08b3ae0","size":22166,"artifact_path":"wandb-client-artifact://cnin7pdy8jccryxju9m51dg3g46gwmpdxtrpifpf0lny18uch0n6tcsf70r1hsvv6sgb3zkidj76zcrh9lasn00cdba1dol95k6ijk8onp48mviglzy7mc9sybks8mwz/val_probs_labels.table.json"},"_step":12,"tumor_train":2128,"_timestamp":1.7498368028836188e+09,"test_specificity":0,"test_sensitivity":0.9999999999834983,"test_auc":0.5,"test_correct":606,"test_incorrect":405,"test_total":1011,"_wandb":{"runtime":247},"specificity":0.999999999968652,"train_loss":0.6932683763680635,"test_accuracy":59.940652818991104,"no_tumor_train":1276,"val_loss":0.693159818649292,"train_samples_used":3404,"_runtime":247.451590115,"epoch":12}