{"epoch":70,"_step":75,"_runtime":666.739076197,"val_incorrect":63,"val_total":532,"_timestamp":1.7481303278299487e+09,"train_samples_used":2128,"val_probs_labels":{"size":13510,"artifact_path":"wandb-client-artifact://ughjl8807gdk3j4jfwmx0hbx5ahzqdrucilfj0b8h53l66blkdf5hfeh0fjtpe9z3qh6wezjnlsbs08tggkt1eojyo126hz30xitsvot0oezozo5cw3vtmqgao073i6x/val_probs_labels.table.json","_latest_artifact_path":"wandb-client-artifact://6orzaum7c2jzvc4c0hg2mml2busqjiwp3n6kk0y9a85ae528qx3yjfpat4o71otw1x36baay4stnvldry5eh3oryrbnhr6ajeql4p4frv8uwxohjcmbb1t1qd60abhqb:latest/val_probs_labels.table.json","path":"media/table/val_probs_labels_75_2f792dae834cc3ac0053.table.json","ncols":2,"nrows":532,"_type":"table-file","sha256":"2f792dae834cc3ac0053171b3aa4336c38053d6711d94b0c355e2e1e04bc312c"},"_wandb":{"runtime":666},"sensitivity":0.8965517241035804,"auc":0.9507500247416267,"val_correct":469,"val_loss":0.33937609791755674,"checkpoint_path":"Checkpoints/Hyperparametersuch-Gli-Men/copper-sweep-86/checkpoint_epoch_060.pt","val_accuracy":88.1578947368421,"specificity":0.8671586715547174,"train_loss":0.1943319277728305}