{"_timestamp":1.7504488726133204e+09,"test_incorrect":85,"no_tumor_train":1276,"_runtime":377.90081224,"specificity":0.9937304074923595,"train_loss":0.04908996765666148,"train_samples_used":2127,"val_loss":0.12435893554772649,"tumor_train":851,"sensitivity":0.9530075187790787,"test_accuracy":91.59248269040555,"test_total":1011,"val_probs_labels":{"_type":"table-file","sha256":"f882d5f3b722acfe7accee9cc687e39237fa4d31fb7f1a9c3044562ccd37847c","size":22174,"artifact_path":"wandb-client-artifact://4u689irtwc9pamkis12gu7otpwfwr4487inyj6lj8a7ip4sd5yfbo0vzyg8kofthlezn2m8btvcpmc5di8p0h0n9vetm8zsb0o4iv5ovx3urpafjuxxef7mn3bqcnmvc/val_probs_labels.table.json","_latest_artifact_path":"wandb-client-artifact://ggstn5g4ph02qb4xmptprcjv9c02tfahsud8xmhzdhgacajqsej259mxb9ip4whmie231oldbz4jciqhj3jvj9ug6mia7psxxj2e2pn97hxvc61f3t0uzgbqjstzi72r:latest/val_probs_labels.table.json","path":"media/table/val_probs_labels_29_f882d5f3b722acfe7acc.table.json","ncols":2,"nrows":851},"_step":30,"test_sensitivity":0.9125412541103541,"test_correct":926,"test_specificity":0.9209876542982472,"auc":0.9952860206943691,"test_auc":0.9733447418815956,"val_accuracy":96.82726204465335,"_wandb":{"runtime":377},"epoch":30}