{"train_loss":0.02047933383922403,"_timestamp":1.7497756692246828e+09,"test_sensitivity":0.9570957095551634,"auc":0.9920279053127423,"test_correct":980,"test_accuracy":96.93372898120673,"specificity":0.9419354838405827,"epoch":34,"test_auc":0.9894022735606894,"val_probs_labels":{"size":21747,"artifact_path":"wandb-client-artifact://vjjehtca7bh701fs0szc13f76w2brhqkfsf51mzwpje1mmoeubk2y3k6nfggcg5qmdt75xfya6exz7u8y3ljn4dnauupwkiok3pozsc4o2uv0eis3cea0orqgw68uf0j/val_probs_labels.table.json","_latest_artifact_path":"wandb-client-artifact://ezsasnshk3hihxjed46ox1pnoy8n83cv2yws1lk1nka1em3lvr2o7r4vkwhyh91jv8l8z6qchvuvphqyjh7acckvt08lrhtpupfo86ck0hicrkn47hnifafh8u2i8cew:latest/val_probs_labels.table.json","path":"media/table/val_probs_labels_33_016062ce33d313507249.table.json","ncols":2,"nrows":851,"_type":"table-file","sha256":"016062ce33d313507249222b43085182b9ccdd4583fce1f8fd2cbeb478561204"},"test_specificity":0.9876543209632678,"val_loss":0.16200383326836995,"sensitivity":0.9741219962851364,"_step":34,"_runtime":600.23472525,"test_total":1011,"val_accuracy":96.23971797884842,"train_samples_used":3063,"train_percent_used":0.9,"_wandb":{"runtime":600},"test_incorrect":31}