{"train_loss":0.01652095976896817,"auc":0.9911096535686602,"test_specificity":0.9555555555319616,"epoch":32,"train_percent_used":0.6,"specificity":0.9677419354526534,"sensitivity":0.9759704251205921,"val_loss":0.17702858096786908,"_runtime":420.720805167,"test_total":1011,"_wandb":{"runtime":420},"val_accuracy":97.2972972972973,"test_auc":0.9883714297355661,"train_samples_used":2042,"val_probs_labels":{"_type":"table-file","sha256":"6bf3f4ef79fe052b30deeb9ebccad3b4fee50ae75ed42ebe94fff14597fe2bf9","size":21765,"artifact_path":"wandb-client-artifact://049xg6g0kniavpnxzhnbyx7j10tw21991pnngf65h7a6d6fgu50xcloiyumpin1lbk1m0sjlijuws0gkyo79ztfujzkm0ahfj5zl3p5mifwxl1iqrd4wd2p9y2tbkug4/val_probs_labels.table.json","_latest_artifact_path":"wandb-client-artifact://qyg57fv4iznofel4my8dz4x6xh5htp3xh5s3z0i0d9j7bngn236hpfg5l5u75p6atcbfejmj38dmyvv0las6i47szhc9ieoqfxbjjegasg9em0k1acjj9j3k714k66zd:latest/val_probs_labels.table.json","path":"media/table/val_probs_labels_31_6bf3f4ef79fe052b30de.table.json","ncols":2,"nrows":851},"test_incorrect":46,"test_sensitivity":0.9537953795222146,"test_correct":965,"_timestamp":1.7497850459961543e+09,"_step":32,"test_accuracy":95.45004945598417}