{"val_loss":0.30157678092227264,"_runtime":482.367578644,"auc":0.9669239795846235,"_timestamp":1.7481117265799687e+09,"checkpoint_path":"Checkpoints/Hyperparametersuch-Gli-Men/northern-sweep-41/checkpoint_epoch_050.pt","epoch":51,"train_samples_used":2128,"train_loss":0.06568801692172663,"val_correct":485,"sensitivity":0.9233716474742003,"_wandb":{"runtime":482},"val_probs_labels":{"ncols":2,"nrows":532,"_type":"table-file","sha256":"946f8d58817c206d825e307cc3f51e9a2678c174aefb528103ea2ca8cbbe4cb1","size":13573,"artifact_path":"wandb-client-artifact://csu6l5iz61c40918w5o65c5z9pjl7ccqd14xhs1nl072rv05pc4mwxw4ksjl9gmgbbaggdivijipng8qg4mdcujscndn244xnyqjqj9vw03i6jodvbepmkpmw7k5w7te/val_probs_labels.table.json","_latest_artifact_path":"wandb-client-artifact://rszb9lhfd8fosmev6ku8kx66u1sr1z5p7jx65we05rkl4jwodxaougsciueeve2eumow369qf0h6hlwbabhe52p5tyb7j0ft8e8uu59qrihkrl82sqfz23vz1zkxekdy:latest/val_probs_labels.table.json","path":"media/table/val_probs_labels_55_946f8d58817c206d825e.table.json"},"val_incorrect":47,"val_accuracy":91.16541353383458,"specificity":0.9003690036568129,"val_total":532,"_step":55}