{"sensitivity":0.9718045112599285,"val_probs_labels":{"nrows":851,"_type":"table-file","sha256":"d098ee7346eb8d31fffafffec4dd3bdf54254a80e0002f0b7fc364df20d30d5e","size":22163,"artifact_path":"wandb-client-artifact://aiib4o52ybfkhin1uep94z342fmgqlcuaogw4pyorxgefnq0y01wxy3r5befkltxfmp58c69hbo0phynmex4tf5ezdkyamvlykvwptbc2aiotzmaqff2bi6b7sqobnip/val_probs_labels.table.json","_latest_artifact_path":"wandb-client-artifact://vu0228mabwzr3w7b1abhd5ijoddijqc6y8jbu5miqnofcpoi3ca0ov7ooaiezwxeupfc4iw9d4rvta8u20paa2mngtsuz8tw15qqtglqq0hga4dgmbjt32k5czho72or:latest/val_probs_labels.table.json","path":"media/table/val_probs_labels_33_d098ee7346eb8d31fffa.table.json","ncols":2},"test_accuracy":93.76854599406528,"val_loss":0.11409918484943253,"auc":0.9930409880500625,"epoch":34,"test_correct":948,"test_specificity":0.9654320987415943,"test_auc":0.9797457523530132,"no_tumor_train":1276,"test_total":1011,"_wandb":{"runtime":462},"_timestamp":1.7504436204181998e+09,"specificity":0.9749216300634821,"val_accuracy":97.2972972972973,"train_samples_used":2340,"test_incorrect":63,"_runtime":462.078836261,"_step":34,"test_sensitivity":0.9191419141762518,"train_loss":0.05524082084823596,"tumor_train":1064}