{"_wandb":{"runtime":152},"epoch":15,"train_loss":0.14076357831557593,"_step":15,"test_incorrect":213,"tumor_train":212,"test_accuracy":78.93175074183976,"val_probs_labels":{"artifact_path":"wandb-client-artifact://cbej3bcsrt4umakiuhfvw1vsrd3ju70d31bngll861pbwqdxioeomdl9t68lvvnsdlu83bzr7h9zfspq331s70pq82xwmavhqq7k29pxvel9ydt8x6202iprk434e72r/val_probs_labels.table.json","_latest_artifact_path":"wandb-client-artifact://ymkaes8nornzaca0sb6kxea7gkak6otjdcex78i3uuy71bi5n0ky2pq82drgad9j6pr8czyxx99gihvi3rb3ei28w0tps8qsy6z7q6vnrhqn2tzvim1ynau2gq2gzyxp:latest/val_probs_labels.table.json","path":"media/table/val_probs_labels_14_d302586d25390d40271f.table.json","ncols":2,"nrows":851,"_type":"table-file","sha256":"d302586d25390d40271f90f402929fa57b6e43aaa9fe10c0f2290a401a765b3a","size":22159},"test_sensitivity":0.8927392739126611,"val_accuracy":95.29964747356053,"test_total":1011,"train_samples_used":1488,"_timestamp":1.7504158179976678e+09,"test_specificity":0.6345679012188995,"specificity":0.9749216300634821,"no_tumor_train":1276,"test_auc":0.9033044045145256,"_runtime":152.731823684,"test_correct":798,"sensitivity":0.9398496240424841,"auc":0.9841138897400241,"val_loss":0.2868880054780415}