{"test_auc":0.9229411764705884,"_wandb":{"runtime":296},"train_loss":0.09107371570388885,"test_correct":511,"test_total":606,"val_accuracy":83.9924670433145,"epoch":17,"train_samples_used":1494,"test_probs_labels":{"ncols":2,"nrows":606,"_type":"table-file","sha256":"325b74bf826dd26616b187fff557cb97b07b63d1527cafa8e29a25448b9df232","size":15303,"artifact_path":"wandb-client-artifact://ul1d8bot8ioxhf7l3i8a15kbn3ftupqyw8imrdru62xghmh212wpz25kh36en15ogjh9hqgg2hd2pdu0qnl2mcafr7vc99kh9mq0mcrywtke466nauhc78yupmz0b985/test_probs_labels.table.json","_latest_artifact_path":"wandb-client-artifact://5q3a5o7yok4vzvmdotazrcfiugi05grkoxu2hu3fuhcr7n6xgrs2ty27e5b128zbbnkls6fgiealpr6tyu1w7v4rdfzygyxih1stzogugvuodakff648mfmggxnaz9ea:latest/test_probs_labels.table.json","path":"media/table/test_probs_labels_17_325b74bf826dd26616b1.table.json"},"meningioma_train":1072,"auc":0.9415574282147317,"sensitivity":0.9775280898510289,"_timestamp":1.7494991894028976e+09,"test_accuracy":84.32343234323433,"val_loss":0.6325526568792103,"test_incorrect":95,"test_specificity":0.7799999999739999,"_runtime":296.596800384,"test_sensitivity":0.905228758140352,"_step":17,"specificity":0.7007575757310319,"glioma_train":422,"test_confusion_matrix_table":{"nrows":4,"_type":"table-file","sha256":"07425de46b0561d618879f945b64bfb161834dfa3bf0122ef564ee324033fb09","size":192,"artifact_path":"wandb-client-artifact://p3f997j6gcxg6uqhpgm8eoph2nphxr3pbcwen4if10r4y6bw90ydmmbuzy82p2vr61pk221i80op98siufe9dk28x0uyudowmbabyvbal9z8dqd21kmgo928bazqco22/test_confusion_matrix_table.table.json","_latest_artifact_path":"wandb-client-artifact://ewo1g7cnqp7as5e6g5gi3oefz4euwtyk656dtdr5t9xkcf941jbt17yanodc4agyvxedu138toe7lugtebngnzby5vmb4qrgdhy3lfbd5pn7bx63n55oqbm2p3y1lm9v:latest/test_confusion_matrix_table.table.json","path":"media/table/test_confusion_matrix_table_17_07425de46b0561d61887.table.json","ncols":3},"val_probs_labels":{"path":"media/table/val_probs_labels_16_106d3c65c3359fd4a207.table.json","ncols":2,"nrows":531,"_type":"table-file","sha256":"106d3c65c3359fd4a2075f740c4307bf3d693fc683eb9761724bf7d015636f35","size":13331,"artifact_path":"wandb-client-artifact://ejwkizsm622zakj4b0wsf4d9rgcf2s2ih6nim5lml82dmvtzrvwcbcomrrrovhu19zoxup7bvys5apyptaspn769f0s6lm0i63b64hgx3nth0wuoma35zmcfsjmyy4hp/val_probs_labels.table.json","_latest_artifact_path":"wandb-client-artifact://472v3qkfauqk3jj8mmtheqybk75oqsah6lgbf8bmywg45d6t5wrdwiwed9gaxkypzps7agljikyoqkzsmd3398qw76u600003m5a9b9o0qns4cdmwq619dra5g7dqhkp:latest/val_probs_labels.table.json"}}