{"val_probs_labels":{"size":13659,"artifact_path":"wandb-client-artifact://7lfr3go4wcj1d22dxckcklra3wzbuv1mwijkewga5hiyhw9ei65zps6r8ssuzclxx9vsft7sdzhrnw9upykil0cjyfwaykpdlr7zf4x2vx7v4x8wyaaz8vh0jbc797v5/val_probs_labels.table.json","_latest_artifact_path":"wandb-client-artifact://ffv5cz0ky77qnzi633e1lswg5qzlrife1y3lq5g721yf15dokmyec7yodobuzy21flb8wb9envfdqvaa281bmn4j0ignq3dzl0fnu7vcmqppnw7obkf0fi9goxnae074:latest/val_probs_labels.table.json","path":"media/table/val_probs_labels_32_95e297c7c1864fdc8faf.table.json","ncols":2,"nrows":532,"_type":"table-file","sha256":"95e297c7c1864fdc8faf9847406e6a8b285c623234d8cf7a53cf70b537151d49"},"epoch":22,"val_incorrect":59,"_timestamp":1.7484610489332633e+09,"_step":32,"checkpoint_path":"Checkpoints/Messung-Gli-Men/trainsample_1490/checkpoint_epoch_020.pt","_runtime":155.061204668,"auc":0.9635661873860119,"train_samples_used":1490,"best_model_path":"Checkpoints/Messung-Gli-Men/trainsample_1490/best_model.pt","_wandb":{"runtime":155},"val_total":532,"val_accuracy":88.90977443609023,"val_loss":0.3574069193084998,"specificity":0.8487084870535532,"val_correct":473,"sensitivity":0.9310344827229489,"train_loss":0.08532722673795008}