{"test_accuracy":92.97725024727993,"val_accuracy":95.61300430865649,"test_incorrect":71,"sensitivity":0.9664131812359543,"epoch":44,"_step":44,"train_samples_used":1021,"test_correct":940,"test_auc":0.974342989854541,"val_loss":0.19561067260801793,"specificity":0.9394871794775437,"val_probs_labels":{"ncols":2,"nrows":2553,"_type":"table-file","sha256":"07de2d0e20b1aa8ed72c2e6e6d5a397117d0bc05d440c68660f270667c92817e","size":65943,"artifact_path":"wandb-client-artifact://mjoimk1ion3nusy81674is9ff9t6k5891vjyuphljv3o733i9770wegsa1fjeboc9pt1euddkkbbr0z7ra24bo7l6u44px5nsxvlo3jpfermfth0c588cne4hhpeui9z/val_probs_labels.table.json","_latest_artifact_path":"wandb-client-artifact://5tayau87peddhssk62nls387u7jf5neojcd797w21w4z6dquvukiagjefpbkc0h6kee6518hty7lx6mlrqvr2rdc1zfksmqzc02g8vnvz3xuslabqfrrqr7kwlacmcyz:latest/val_probs_labels.table.json","path":"media/table/val_probs_labels_43_07de2d0e20b1aa8ed72c.table.json"},"auc":0.9866185694322577,"test_specificity":0.9209876542982472,"_wandb":{"runtime":1115},"_timestamp":1.7494879203130498e+09,"train_loss":0.055590963922441006,"train_percent_used":0.1,"test_total":1011,"_runtime":1115.710520362,"test_sensitivity":0.9356435643409959}