{"test_sensitivity":0.986798679851703,"_wandb":{"runtime":3634},"test_total":1011,"_timestamp":1.7493441413575206e+09,"train_percent_used":1,"test_accuracy":98.81305637982196,"test_correct":999,"specificity":0.980512820502764,"_step":45,"val_accuracy":98.1981981981982,"test_incorrect":12,"sensitivity":0.9828897338340755,"auc":0.9975626401481914,"train_samples_used":10212,"epoch":45,"val_probs_labels":{"path":"media/table/val_probs_labels_44_b3c3c53d8eb90e0cab9e.table.json","ncols":2,"nrows":2553,"_type":"table-file","sha256":"b3c3c53d8eb90e0cab9ec39f172236c5fc3e6e0bdcc63cbb5fc7e8faafba333e","size":59843,"artifact_path":"wandb-client-artifact://u7x8dchpbz672krda2cjtzw53wc14tb6693xko1ug3wx3d8unyrfq63zwu0agig83ewx1psruecrcjsvoe702j17gome9w89dx9raq0h435x0g5590wompix2hfb3xqf/val_probs_labels.table.json","_latest_artifact_path":"wandb-client-artifact://3yu7gcmd99jg0mkvixvgvqjeqnvj95e58f8q4nkefi2uctto3ldtexm861s3mtxhetx4kxzcv8ow2o6cfwv6jvkmrhta85jeo1bosbswxrva1q4sgomugxeiwn8siplo:latest/val_probs_labels.table.json"},"test_specificity":0.9901234567656759,"test_auc":0.9989773051379213,"val_loss":0.0890908057874185,"train_loss":0.028981416067836108,"_runtime":3634.748160101}