{"test_auc":0.9308193782341199,"test_sensitivity":0.8646864686325959,"_wandb":{"runtime":205},"epoch":37,"test_specificity":0.8740740740524919,"test_total":1011,"train_percent_used":0.1,"sensitivity":0.959334565601491,"val_loss":0.3070582151412964,"test_accuracy":86.84470820969338,"auc":0.9643014727803947,"test_correct":878,"_runtime":205.928537406,"train_loss":0.044439698259035744,"val_accuracy":91.53936545240893,"specificity":0.8387096773922996,"test_incorrect":133,"_step":37,"train_samples_used":340,"val_probs_labels":{"ncols":2,"nrows":851,"_type":"table-file","sha256":"3ac76530008d52b66c33fdb3bb570d0ee07e38d77d9edf1765b52a750fc443c2","size":22031,"artifact_path":"wandb-client-artifact://st62rn145rspsbce7yrcbgr9fyjjwvro5l41lhyhdz7jgbx3thmvfhvu6uq4u5psqct5ug8ulikp7r40ems5z7qrigl9bfxclysqlo4v8u2hsz75e3r1geu0o6gmpifu/val_probs_labels.table.json","_latest_artifact_path":"wandb-client-artifact://361olokz7mzeuib6giuszx7yzhmz3it6mhs3ot7730vfb9ie1gghrcc7v74j0prxsm7td73dluo89afy2c9y8x98bh5o11mdf52sft88rmw9sux97fi9ujlvvripbd2c:latest/val_probs_labels.table.json","path":"media/table/val_probs_labels_36_3ac76530008d52b66c33.table.json"},"_timestamp":1.7497782230410671e+09}