{"val_total":851,"_step":17,"val_probs_labels":{"sha256":"610123dc3fc73062c75eaf6d051a81aa8aef8e1fa3048ee7cd46d0c71813e109","size":18655,"artifact_path":"wandb-client-artifact://9epgxrim11mnjdrn57jrcg2xq60c7m7k2txaj5zsq8g3eozj3jnv7dj0kyrtnd8o2nrbs0zm9n14ptsxopyxtb5q40du38528qkozccgmuqsrk7ax8048lxk3f976y2f/val_probs_labels.table.json","_latest_artifact_path":"wandb-client-artifact://5z7ovtky3bialwyneweclynlt71u9xc70qk4wapp9vi8v5c7t07yr99oejfzcq2qvybqiexn07tpmar7phcd7601bbfh3nul0v4wki9k0cem7oechqer37hlx21itnhq:latest/val_probs_labels.table.json","path":"media/table/val_probs_labels_17_610123dc3fc73062c75e.table.json","ncols":2,"nrows":851,"_type":"table-file"},"epoch":17,"specificity":0.9677419354526534,"auc":0.9928328662572298,"_wandb":{"runtime":234},"val_accuracy":96.70975323149236,"checkpoint_path":"Checkpoints/Hyperparametersuch-noTu-T/sparkling-sweep-17/checkpoint_epoch_010.pt","_runtime":233.993636398,"val_loss":0.19634342863613538,"_timestamp":1.7480366973491628e+09,"val_incorrect":28,"sensitivity":0.9667282809433136,"train_loss":0.01230517122055538,"train_samples_used":3404,"val_correct":823}