{"test_sensitivity":0.9653465346375355,"test_incorrect":31,"val_probs_labels":{"artifact_path":"wandb-client-artifact://e7mb0u6i24ejnx6trvx95lcctfycl5cbaoa63f8evncvpn9jhiiq7cgv8sywpho9a2s38hcd7dma9lh1oczu8wpk1dnlaq2l7g2eez6kje6g9o9ato380ac1qjqlgbl3/val_probs_labels.table.json","_latest_artifact_path":"wandb-client-artifact://73j3pgjg2ysith0676skbvtyz5mo8bis9z45yplcfm6bff8tfjbczyw8vnbib7xn3yfv0pdp8nadpsy4lcfixx7vmrp6vknlfasb1up3a0gpoou25isu0452c1p1ab3h:latest/val_probs_labels.table.json","path":"media/table/val_probs_labels_36_9b631e8788f8ea5cbd4a.table.json","ncols":2,"nrows":2553,"_type":"table-file","sha256":"9b631e8788f8ea5cbd4ae3bad816394fe3770cda8ec9d7392acb47ec1a021077","size":58967},"auc":0.9950271359396835,"epoch":37,"specificity":0.97230769229772,"test_accuracy":96.93372898120673,"_wandb":{"runtime":1469},"test_correct":980,"_step":37,"test_total":1011,"val_accuracy":98.0415197806502,"test_specificity":0.9753086419512269,"val_loss":0.10539445672184229,"test_auc":0.9930631952084098,"_timestamp":1.7493163478992379e+09,"train_percent_used":0.5,"_runtime":1469.860293127,"sensitivity":0.9854245880799404,"train_samples_used":5106,"train_loss":0.024570090690394862}