{"specificity":0.9838709677101977,"train_samples_used":3404,"auc":0.9945262655774849,"_step":35,"_timestamp":1.7480566905980759e+09,"val_correct":824,"_runtime":444.630363999,"epoch":33,"val_accuracy":96.82726204465335,"val_total":851,"val_loss":0.1344681781982737,"train_loss":0.03391419566577059,"_wandb":{"runtime":444},"val_probs_labels":{"ncols":2,"nrows":851,"_type":"table-file","sha256":"92a9a3ff8610dea8b143865528ef94d777139f6c9b19a99de7626992aa608246","size":21985,"artifact_path":"wandb-client-artifact://nov76dybbyw0ywarslx0y2yrsh9sfxtjoafchofn31r6ljj6zc53amzzphxud46wedwji5w2tfwq30emnzy54z4mptkr7j5fo32mk5fsutrc2v9ru8k9g311x14mvs0l/val_probs_labels.table.json","_latest_artifact_path":"wandb-client-artifact://hdvhuvzn425uub9v2txb0qj99g6hqnhenilg6dhv6v1w8m2gkv5yvl67f6qlrovaghvyojryd88w66u92h5mt98n5r8hzj9sk38uxsyr7x4d0k3yf11eh1xh7sc9bqxv:latest/val_probs_labels.table.json","path":"media/table/val_probs_labels_35_92a9a3ff8610dea8b143.table.json"},"checkpoint_path":"Checkpoints/Hyperparametersuch-noTu-T/drawn-sweep-73/checkpoint_epoch_030.pt","val_incorrect":27,"sensitivity":0.959334565601491}