{"val_probs_labels":{"sha256":"f5cd380e89f35b0387c61948f44c08c240d8bf114789db59fa31d56b43ffdd85","size":22137,"artifact_path":"wandb-client-artifact://uqbbjzihbv4iythi4v5bw4llww1bwkjj6fl4iixt78g6xsg9s5rzy8chu32o37kedrfpkquv9cb7wl8jcrkc2hjuw78jok6ibh5lxacruv3qxoo1dnxlcmq9hpoh85rq/val_probs_labels.table.json","_latest_artifact_path":"wandb-client-artifact://qu5f54i9avcyorlt1g9s0m4t0jx1mdhyen4cyvw14rvmdo38su9lie06bk5b9ethqhusoo8j989c98geyiro5i2o02asam0sj3pz01n0e2hz72wxnio0ocvu01180bo5:latest/val_probs_labels.table.json","path":"media/table/val_probs_labels_17_f5cd380e89f35b0387c6.table.json","ncols":2,"nrows":851,"_type":"table-file"},"test_correct":868,"specificity":0.9780564263016283,"train_samples_used":1488,"test_total":1011,"tumor_train":212,"val_accuracy":94.94712103407755,"_wandb":{"runtime":181},"no_tumor_train":1276,"val_loss":0.2904322956289564,"_timestamp":1.7498496095519454e+09,"test_accuracy":85.85558852621166,"auc":0.9860584062035966,"test_auc":0.9261907672248707,"train_loss":0.13624102746446928,"test_specificity":0.8370370370163694,"sensitivity":0.9323308270501441,"test_sensitivity":0.872937293714968,"test_incorrect":143,"_runtime":181.188323617,"epoch":18,"_step":18}