{"sensitivity":0.987325728764339,"test_auc":0.9979138654606202,"test_incorrect":14,"_wandb":{"runtime":2025},"epoch":40,"test_accuracy":98.61523244312562,"test_correct":997,"test_total":1011,"test_sensitivity":0.9801980197858053,"_step":40,"test_specificity":0.9950617283704923,"train_percent_used":0.9,"train_loss":0.02553851596732986,"val_accuracy":98.58989424206815,"val_probs_labels":{"path":"media/table/val_probs_labels_39_e89b1d56f6b317a70a52.table.json","ncols":2,"nrows":2553,"_type":"table-file","sha256":"e89b1d56f6b317a70a52e16ecb0031b34bcd419fe66dc53e40554906d42a985a","size":66225,"artifact_path":"wandb-client-artifact://hw4bq9j191t5r7qkalr9ivvv8zih0nxnrvda03wmh79mv07gvyjjkpak9enmov3e1unda2b8h3sbeaieb6locmsftme1w8dyr6xl9mgvnm9j55pc0a68o1ndgvlkfmnk/val_probs_labels.table.json","_latest_artifact_path":"wandb-client-artifact://os4bi73cmxhdemstwjxi2uattgk08iwp8ukoqjpcjg0i4lq9oz4bzgh5uaadtjw7ur4gnfwplwpi6tpy7sohb4d3dd5sifz5c0e5pkropzahyz6f6ns1mm5aagvtu57e:latest/val_probs_labels.table.json"},"specificity":0.9835897435796555,"val_loss":0.05547102023265325,"auc":0.9972571577134315,"_runtime":2025.701350744,"_timestamp":1.749460808336217e+09,"train_samples_used":9190}