{"val_incorrect":33,"checkpoint_path":"Checkpoints/Hyperparametersuch-Gli-Men/fragrant-sweep-12/checkpoint_epoch_020.pt","auc":0.9789059959565113,"_timestamp":1.7481031914067888e+09,"_runtime":271.101709244,"val_accuracy":93.796992481203,"val_loss":0.2968766232100761,"_step":30,"sensitivity":0.9578544060935688,"epoch":29,"train_loss":0.040949526301010064,"val_total":532,"_wandb":{"runtime":271},"val_correct":499,"specificity":0.9188191881579771,"val_probs_labels":{"artifact_path":"wandb-client-artifact://oh6sipbw9dnvgvfn6tchgn2g3br59a15ypkxmgzkngfxjev506b16bnleqvxz089jna7e7yaav9og1ph5092elq991naa82ahvio35ft0c1pgqr9q3mw3kk85x2yd5bb/val_probs_labels.table.json","_latest_artifact_path":"wandb-client-artifact://t1sk24ttq4hl4wft3ua5vd5lsztfrh22pfjzp9yka7zhzxnb6ac1u5l8mgr7hgavqvpto6tip2dl3y0igotw9a00cnbrxqfpq9iqdhvuhyownkh72q446x0gyptjutgy:latest/val_probs_labels.table.json","path":"media/table/val_probs_labels_30_c5452e89b83eb7ffde8d.table.json","ncols":2,"nrows":532,"_type":"table-file","sha256":"c5452e89b83eb7ffde8d30c6642f1193664170a53ebdc5ba6f189a39b346a93d","size":13292},"train_samples_used":2128}