{"test_sensitivity":0.9405940593904192,"val_accuracy":97.53231492361927,"train_loss":0.06036085062660277,"test_accuracy":95.25222551928783,"sensitivity":0.9642857142675886,"epoch":39,"auc":0.9948794399792585,"val_loss":0.10494397687060493,"tumor_train":1276,"test_incorrect":48,"no_tumor_train":1276,"train_samples_used":2552,"_runtime":609.600120371,"test_total":1011,"_wandb":{"runtime":609},"_timestamp":1.7498348311283927e+09,"test_correct":963,"_step":39,"test_auc":0.9908487145010797,"test_specificity":0.9703703703464106,"val_probs_labels":{"sha256":"308968b56ace581dcf3c877bdd69bfbb7e8466b1e997e05cf110d5b836153b90","size":22174,"artifact_path":"wandb-client-artifact://3re0olkjewtmy0aqcbnu0tghvjjg8l6us1xmi896n0r1opraxhc5ztajfbb14n8izlk5hxe6luxlkl0nd09cfq6z3h4bnml1mwbkhpkhrovfb5enm9klftzwii8f58ss/val_probs_labels.table.json","_latest_artifact_path":"wandb-client-artifact://eotymnskpj7647pn2el0xeswb4vifgqh4xzsd03ayf2u9ai14m7j4oo8r1kwfsbu12fmg8t6omsn1wx3jxhgaocic4y2x7km03saqp4dvm8mtlndoymb7q8iv686j2at:latest/val_probs_labels.table.json","path":"media/table/val_probs_labels_38_308968b56ace581dcf3c.table.json","ncols":2,"nrows":851,"_type":"table-file"},"specificity":0.9937304074923595}