{"_timestamp":1.7498121838567975e+09,"val_probs_labels":{"ncols":2,"nrows":851,"_type":"table-file","sha256":"0f8cfaa73c607abdfb65e1adef113437ca2f75851426d200b89a1da517cf89b7","size":22066,"artifact_path":"wandb-client-artifact://omcazl6w4bsm4ye39g6heqpgvgz3r1zpcaf4z4jxcs3u0jjcfq9otdmheetkunv1145yyj786nkje39fdikq8uq9nm58xeu48saubu36b2kr86673l8a1vg8se4s45mx/val_probs_labels.table.json","_latest_artifact_path":"wandb-client-artifact://gl0qhrxakikxot0i6exkpspb8i5ivj7aqvetxm1q3u9i3pe7dwyyv4sfum98wjsvw8lru5vgg4x4c5sdwkzfdq9ak9qccp3sk9xil9egfp6ji3c4q26r0c1fw559sgcz:latest/val_probs_labels.table.json","path":"media/table/val_probs_labels_37_0f8cfaa73c607abdfb65.table.json"},"test_specificity":0.8419753086211857,"test_auc":0.9329544065517663,"_wandb":{"runtime":217},"auc":0.9673483990221216,"sensitivity":0.9463955637533014,"test_correct":862,"train_percent_used":0.1,"test_accuracy":85.26211671612265,"train_samples_used":340,"train_loss":0.06790006533265114,"test_sensitivity":0.8597359735831727,"val_accuracy":92.59694477085782,"test_total":1011,"_runtime":217.641993289,"_step":38,"specificity":0.8903225806164412,"epoch":38,"test_incorrect":149,"val_loss":0.3039862939289638}