{"epoch":55,"_timestamp":1.7480542736845233e+09,"val_loss":0.0949114877730608,"train_loss":0.01865433342323673,"_runtime":743.938132735,"val_correct":829,"val_probs_labels":{"artifact_path":"wandb-client-artifact://nqmg2vdyeh19j29j2mo1weo6qt5us5e1wpjw5li1gqlul1wzjam8jff7579fyvvf9vnxv3rp204erjcsgd8wddma1pd9t4ufllb7wnbab351i3ss0q0qslxh7n5yuvfd/val_probs_labels.table.json","_latest_artifact_path":"wandb-client-artifact://ifuxh18823nbnv4vranyg06xzm3xvg78qs118d40wolb02nhp28uj2hrqaabqyjyin9bfvymkrwnzkqyfogv773ujt0cqxt5050vrfqcn2yuwdzfhz61h7opgexp1ajb:latest/val_probs_labels.table.json","path":"media/table/val_probs_labels_59_68980312143985728b7b.table.json","ncols":2,"nrows":851,"_type":"table-file","sha256":"68980312143985728b7b137492339fe5ed513d974d32838fc0a9cf2dcdfb457f","size":21795},"auc":0.9953729652376125,"specificity":0.9516129031951093,"_wandb":{"runtime":743},"val_incorrect":22,"checkpoint_path":"Checkpoints/Hyperparametersuch-noTu-T/magic-sweep-66/checkpoint_epoch_050.pt","val_accuracy":97.41480611045829,"val_total":851,"train_samples_used":3404,"sensitivity":0.987060998133326,"_step":59}