{"val_accuracy":95.53466509988249,"test_auc":0.9053457197571608,"train_loss":0.13273895407716432,"test_specificity":0.6962962962791038,"val_probs_labels":{"nrows":851,"_type":"table-file","sha256":"b967281c9a44a39b3f52ec14b8001b3e67e01ec3571a7a09e8ef342ddc7df4f0","size":22006,"artifact_path":"wandb-client-artifact://jemxognfz8pg5nhk0wv48wo6y3l44fghor90h9637235c0yxle6eutfr1li5b02hh78xxl7oh7bicol79k7iyf4f6vh7g54fqr224ufkt7lmbclf9oziv61yxoq3xqot/val_probs_labels.table.json","_latest_artifact_path":"wandb-client-artifact://acmwn2dbuzkh41ubm9xs8s32njpmsajakmxa81co179lfnw1wl2eqgk6n9o28j6ipmj2xp8nthlb4wg0hcpbyl9totin92nl25poqsikiateh1zbemcq5dkk7smrya0v:latest/val_probs_labels.table.json","path":"media/table/val_probs_labels_13_b967281c9a44a39b3f52.table.json","ncols":2},"tumor_train":212,"val_loss":0.19178987933056696,"test_sensitivity":0.8861386138467634,"test_accuracy":81.00890207715133,"_wandb":{"runtime":131},"specificity":0.9623824451108971,"test_total":1011,"train_samples_used":1488,"test_incorrect":192,"test_correct":819,"auc":0.9866476536168007,"_step":14,"_runtime":131.486960821,"sensitivity":0.9511278195309938,"no_tumor_train":1276,"_timestamp":1.7498312910827608e+09,"epoch":14}