{"train_loss":0.030782045244618698,"val_probs_labels":{"artifact_path":"wandb-client-artifact://y72wyq7rh3pca0bau9shgshkcism4k28wn27hzvvwc2g3fnu09ucdds0z3bc0xsbdgm4rhfmlagm0kxl34hhpycegy7om0vrzdtllzbmxiju79e6aw15a8rdz6gdrup9/val_probs_labels.table.json","_latest_artifact_path":"wandb-client-artifact://7gw6vwj05hx0nf91iddk16f7ou68tuksecv23e2lpwchmk6mv5ji1hfcuxamu5nrg0ub3fwvy98cuitjtej2jtf3qug7gkzfehecrzwf2dgt4d6hdcrtere4mrsxstxk:latest/val_probs_labels.table.json","path":"media/table/val_probs_labels_69_0f0793e0d8ce5f91af69.table.json","ncols":2,"nrows":851,"_type":"table-file","sha256":"0f0793e0d8ce5f91af695a98e9b44e452635deba19df831d88789c4d94fc7714","size":20624},"test_accuracy":97.72502472799208,"train_samples_used":3404,"val_accuracy":96.94477085781433,"test_specificity":0.9950617283704923,"test_auc":0.9975267897160086,"train_percent_used":1,"_runtime":1390.987090493,"_step":70,"test_sensitivity":0.9653465346375355,"_wandb":{"runtime":1390},"epoch":70,"sensitivity":0.9889094269687817,"_timestamp":1.749771247196439e+09,"test_incorrect":23,"test_correct":988,"auc":0.997972690954624,"val_loss":0.07639001442917756,"specificity":0.935483870937565,"test_total":1011}