{"val_probs_labels":{"_latest_artifact_path":"wandb-client-artifact://0gteouadl37200oxxhnch38f73vgj06o6286vlghrs1y1ge6qh3yhii51v97r8is7p63wdqe6w5pjahq29uov7elhwmtrjjqjrchby1alyq212cfeer7tqppael36agn:latest/val_probs_labels.table.json","path":"media/table/val_probs_labels_25_2598dd01cd28d0c15dfb.table.json","ncols":2,"nrows":851,"_type":"table-file","sha256":"2598dd01cd28d0c15dfbd5fe6986fd956d7bebf003f7e0727feea2cd1c268e45","size":22032,"artifact_path":"wandb-client-artifact://7bpyavwg7ytqslwlkrj3sm0u30a8vg89oyiw3awcsq3697frjsz2ve1xaxyflye7io5tz3rggnlrm2wdqx89gauspk5erll6pjghf9bg350iwnvittp00yfknndax172/val_probs_labels.table.json"},"specificity":0.9905956112542132,"test_accuracy":95.54896142433235,"test_sensitivity":0.9537953795222146,"test_total":1011,"val_accuracy":98.2373678025852,"no_tumor_train":1276,"sensitivity":0.9774436090041834,"epoch":26,"test_specificity":0.9580246913343697,"_wandb":{"runtime":384},"test_incorrect":45,"_step":26,"train_loss":0.03287475774995983,"test_auc":0.9872794686876093,"test_correct":966,"tumor_train":1276,"val_loss":0.11836292993809495,"auc":0.9950562142032197,"_runtime":384.342713952,"train_samples_used":2552,"_timestamp":1.749843550747888e+09}