{"val_accuracy":93.23308270676691,"_wandb":{"runtime":434},"val_incorrect":36,"specificity":0.9298892988586757,"val_loss":0.238690385222435,"sensitivity":0.9348659003473231,"train_samples_used":2128,"_timestamp":1.7481335879908097e+09,"auc":0.9719359262558143,"_runtime":434.660816843,"train_loss":0.13843978809959748,"val_correct":496,"_step":49,"val_probs_labels":{"size":13580,"artifact_path":"wandb-client-artifact://su1mfflzclvvvgv4j52gl2xwfb2ff0lji33m9ko63u4xlr9zhw1bvu4z7tmhjnbvgsepbhqa49mahzixb78jeazo96fy002azyw5ws3ji62a4locyfxirhm2l4n6fn22/val_probs_labels.table.json","_latest_artifact_path":"wandb-client-artifact://bizph7xoffcpyw44d40sma8bhsf1m3zjjcnkwh8pulaejy5mk17fz2894ytg424ui9ddl412y25xnnhuucsbrfvn21je9bl21x1aec413jd7ryxq4ylav0r3fhnl3f0k:latest/val_probs_labels.table.json","path":"media/table/val_probs_labels_49_126c798aee00b39931a3.table.json","ncols":2,"nrows":532,"_type":"table-file","sha256":"126c798aee00b39931a300526d51b3179b296ab775ad74f49fbc2b9c90682219"},"checkpoint_path":"Checkpoints/Hyperparametersuch-Gli-Men/confused-sweep-93/checkpoint_epoch_040.pt","epoch":46,"val_total":532}