{"val_accuracy":98.2373678025852,"_runtime":464.905106622,"val_probs_labels":{"_latest_artifact_path":"wandb-client-artifact://2vonx8zjl1vuqc4pnanypip3nq99rwgnhsoat9f1xpoxqquwxmnzhpgwdirojdvrlobb69dpyiyutfwwcmz3ul3hhwniul5n9wcv75bps5sail61dicq30e05c24zv1w:latest/val_probs_labels.table.json","path":"media/table/val_probs_labels_24_61aa9c3e37f1abab46f2.table.json","ncols":2,"nrows":851,"_type":"table-file","sha256":"61aa9c3e37f1abab46f26c459357913593f8f6c55c0027f5e7a44cf603d69588","size":22265,"artifact_path":"wandb-client-artifact://nd31zj684l6sw0hqrcgawhgimn5p2dsinh1w282eh88l38umqk8xoh1gxgeznuhuf5o7a2zpgnr3mm3fco0cc6urhi1ztrcgx5d0lw49j8qrcd3h2hesn81soold6b75/val_probs_labels.table.json"},"epoch":25,"auc":0.9966766445895303,"tumor_train":1702,"test_correct":981,"test_incorrect":30,"test_sensitivity":0.9537953795222146,"_timestamp":1.7498469988203075e+09,"train_samples_used":2978,"test_specificity":0.9950617283704923,"val_loss":0.08941539230623416,"no_tumor_train":1276,"specificity":0.9968652037305058,"sensitivity":0.9736842105080135,"test_accuracy":97.03264094955489,"train_loss":0.054620152921415865,"test_total":1011,"_wandb":{"runtime":464},"test_auc":0.9936723301959826,"_step":25}