{"_wandb":{"runtime":502},"_step":28,"test_auc":0.9908609379456466,"_timestamp":1.7497801196664016e+09,"test_specificity":0.9604938271367779,"train_percent_used":0.9,"auc":0.9946991831137082,"train_loss":0.031307304627262056,"specificity":0.9645161290011446,"sensitivity":0.9778188539560477,"test_accuracy":95.74678536102869,"val_probs_labels":{"artifact_path":"wandb-client-artifact://ewrrvmcgjac6u9iediq1dfi8zbms2eebj6hl6w8lhm9iz41ewu38hvyqty9i4gaonponadz4yd12r3cbxb5npgj2mfqrwy4sr8f07a2n43bksuji7wcuak1jsw2f45fg/val_probs_labels.table.json","_latest_artifact_path":"wandb-client-artifact://uryttoed6dgql3kbaf4hfan1ueheyl7jselxmp4gt128s2s663sa33h888b6sssvf1fu9g1lxprvq0idojbvik0kb64ddwmhecyx0rd45m72oz4fv7f8v4hck6h6w9nq:latest/val_probs_labels.table.json","path":"media/table/val_probs_labels_27_a7719b22374b788ff9eb.table.json","ncols":2,"nrows":851,"_type":"table-file","sha256":"a7719b22374b788ff9eb7d98e1cea0abae9233f01ee4b5901833ca9fb8ca8475","size":21912},"test_total":1011,"test_correct":968,"test_sensitivity":0.955445544538689,"train_samples_used":3063,"epoch":28,"_runtime":502.098663126,"test_incorrect":43,"val_loss":0.10977248794266156,"val_accuracy":97.2972972972973}