{"val_correct":489,"checkpoint_path":"Checkpoints/Hyperparametersuch-Gli-Men/misunderstood-sweep-100/checkpoint_epoch_030.pt","train_samples_used":2128,"_wandb":{"runtime":351},"_runtime":351.192974471,"train_loss":0.1012828652473057,"val_accuracy":91.9172932330827,"_step":39,"_timestamp":1.7481366277975097e+09,"val_incorrect":43,"specificity":0.9114391143575115,"sensitivity":0.9272030650985745,"epoch":37,"val_probs_labels":{"sha256":"31e11d513c8885327e247e8f169c3e25b481be33c8766b136f45ad0ee1d515c6","size":13466,"artifact_path":"wandb-client-artifact://25w6f6f3mnbbulio7pqtflv59a7sf9rtzcdt3kwhckevld802q9pu53lji6iszrm6sgj32ecpce1s7053q3uslfi6r7vmj4niwrggcgcniii0zadashsgaav0xvg6nu9/val_probs_labels.table.json","_latest_artifact_path":"wandb-client-artifact://2z22gj7txnkgxk76txuhgts435w2lr8195g4m0rimw53mlrizh8syahcqtma9z9ke5bg8n2d94ztl20gw02vuytmy6msh9r9tdtavg22uhu51rxt6txf0odtooun2h6y:latest/val_probs_labels.table.json","path":"media/table/val_probs_labels_39_31e11d513c8885327e24.table.json","ncols":2,"nrows":532,"_type":"table-file"},"auc":0.9660615571672958,"val_total":532,"val_loss":0.30627952218055726}