{"val_correct":782,"test_correct":955,"val_loss":0.31160201893986333,"_timestamp":1.747913781508481e+09,"test_incorrect":56,"val_incorrect":69,"_runtime":1347.755915751,"_wandb":{"runtime":1347},"epoch":100,"val_accuracy":91.8918918918919,"test_total":1011,"_step":105,"val_total":851,"train_samples_used":3404,"checkpoint_path":"Checkpoints/Classifier-4/divine-sweep-1/checkpoint_epoch_100.pt","train_loss":0.03925677050870878,"test_accuracy":94.46092977250248}