{"val_correct":494,"epoch":24,"checkpoint_path":"Checkpoints/Hyperparametersuch-Gli-Men/copper-sweep-22/checkpoint_epoch_020.pt","auc":0.975095785440613,"specificity":0.9003690036568129,"train_samples_used":2128,"val_loss":0.3382964130274452,"val_probs_labels":{"nrows":532,"_type":"table-file","sha256":"31d56a1e2e9313c75b755d4ba261238c45878e9ad5cc7f6b455c67e7b44ce70e","size":13144,"artifact_path":"wandb-client-artifact://9nqqvji9gwiln6fyfae9cn6bzgpzkoa3fjmfvxqugqeyaiwtj3n4rcq7k91ak8ind8sbaubsibv60pcjmddpuk2b7zk96p7kcze1f9s08besdd004n6he2agony8jzul/val_probs_labels.table.json","_latest_artifact_path":"wandb-client-artifact://o23mxzzgdqbom9schiu5g8n8w18q53b3vb03su9r3em2vuipbu53ymv7soun98qh9gzd4jr154ihkcck3atryregk9cqfotpj321any5l7yiy1g5htgv0dxrp7ljfjrv:latest/val_probs_labels.table.json","path":"media/table/val_probs_labels_25_31d56a1e2e9313c75b75.table.json","ncols":2},"val_accuracy":92.85714285714286,"_step":25,"_timestamp":1.7481055171491652e+09,"_wandb":{"runtime":227},"sensitivity":0.9578544060935688,"train_loss":0.030856580300753837,"val_total":532,"_runtime":227.138189449,"val_incorrect":38}