{"specificity":0.9968652037305058,"val_loss":0.11238888883963227,"epoch":40,"_step":40,"no_tumor_train":1276,"val_probs_labels":{"artifact_path":"wandb-client-artifact://0omzmit3m6o9imht06ijug0kmky3u6k100of8ql3aklba0kpb8z24grhzif6xf0smjzfoyj5sk9vfeps55lvs72yl3a7ze2tffm4qvb3yiw5os31w4f56uovx2rxwndc/val_probs_labels.table.json","_latest_artifact_path":"wandb-client-artifact://36fcsk64xqwelsref79hczdhfyhh5h6in08omr3bbmb1v3d6r9wlvtftzjs7n1ist10tnei7nub3wvbvb2a2wmfuk9rns5jt1gorlbgm090r22h4opcrxwwlvklwc40k:latest/val_probs_labels.table.json","path":"media/table/val_probs_labels_39_5abfc8f70b3eb377c7ab.table.json","ncols":2,"nrows":851,"_type":"table-file","sha256":"5abfc8f70b3eb377c7ab52c32b6c0079c67d0b0df91b0317fbb4eda0d63eda5b","size":21708},"test_incorrect":32,"_timestamp":1.7498392706212633e+09,"train_loss":0.02257965367170982,"test_specificity":0.9851851851608596,"auc":0.9961050745987226,"_runtime":605.524632975,"val_accuracy":98.47238542890717,"test_accuracy":96.83481701285855,"test_sensitivity":0.9570957095551634,"sensitivity":0.9774436090041834,"test_auc":0.9927555718534816,"test_total":1011,"train_samples_used":2552,"tumor_train":1276,"test_correct":979,"_wandb":{"runtime":605}}