{"val_loss":0.2245397761343392,"_timestamp":1.7473109658156714e+09,"_wandb":{"runtime":615},"_runtime":611.056371687,"_step":44,"epoch":45,"train_loss":0.021625398179940785}