{"_wandb":{"runtime":543},"val_loss":0.08039931819907256,"specificity":0.97741935480718,"_step":42,"checkpoint_path":"Checkpoints/Hyperparametersuch-noTu-T/proud-sweep-92/checkpoint_epoch_030.pt","val_correct":832,"val_incorrect":19,"sensitivity":0.9778188539560477,"val_accuracy":97.76733254994124,"epoch":40,"train_samples_used":3404,"_timestamp":1.748093881503145e+09,"val_total":851,"train_loss":0.008063806690862057,"auc":0.9975791544928746,"val_probs_labels":{"ncols":2,"nrows":851,"_type":"table-file","sha256":"5077cfae6ad67ad318fa769d2601937bffd0977f43c9f28d50b75a1f30cfbf3e","size":19936,"artifact_path":"wandb-client-artifact://jqn4xahec4ajbtvui70u3e9uei1cm24gzdk8h94dvpe7lv1uve2x1so5y0ntgot78dzcdu75i2b246p8e1breqx5fjucnkfga5dfdxd591wnno56ch6dp38rs412lg9c/val_probs_labels.table.json","_latest_artifact_path":"wandb-client-artifact://froulep9vaw9ywr5dhka1sia06lpn8ng3780hb4i3a1b3rr0bpfzy8zhlb0ftstqcovosbllxygdvaxmw37dgwrhuzwras6o2eivk37jeb7mvs6pj12qndx0d1ucntan:latest/val_probs_labels.table.json","path":"media/table/val_probs_labels_42_5077cfae6ad67ad318fa.table.json"},"_runtime":543.871901483}