{"epoch":30,"test_total":1011,"_runtime":372.344270344,"_timestamp":1.750434690397063e+09,"val_probs_labels":{"path":"media/table/val_probs_labels_29_3e231e3666ed54d6bfac.table.json","ncols":2,"nrows":851,"_type":"table-file","sha256":"3e231e3666ed54d6bface783ba5241cdc26f0a538da68217d872edfeb8cf37f7","size":22251,"artifact_path":"wandb-client-artifact://wes3yuewycy7ganrql5un5u5roq8lqpq2c4q13ipmqmuz60ja3twteah7ppc3dflud5x1rlrzxa77871dmzfjq26gmw18v56ec5lqz0rnh0rot8pawc7vozh112k9pp5/val_probs_labels.table.json","_latest_artifact_path":"wandb-client-artifact://sk4ochfodiey4sj1xfkh9g8djldsa5uamj557j18ctaer6oo3p6pisww6easn2uf79ork6q7t0we1or798l1tkphb7wjq6cw5j4linrdy7s6r115yft730zcvip2dhv4:latest/val_probs_labels.table.json"},"val_accuracy":97.76733254994124,"_wandb":{"runtime":372},"_step":30,"test_incorrect":61,"sensitivity":0.9661654135156735,"auc":0.9950562142032197,"train_samples_used":2127,"specificity":0.9968652037305058,"no_tumor_train":1276,"test_accuracy":93.96636993076162,"test_auc":0.9849692376645073,"test_specificity":0.9679012345440025,"train_loss":0.04416447549181826,"tumor_train":851,"val_loss":0.11540158691682986,"test_sensitivity":0.9207920791927262,"test_correct":950}