{"_runtime":349.746309506,"auc":0.9747352645940253,"_step":39,"val_probs_labels":{"path":"media/table/val_probs_labels_39_a923c0d9bcc11f95174a.table.json","ncols":2,"nrows":532,"_type":"table-file","sha256":"a923c0d9bcc11f95174a9bf2b939a564532beafd47e127e4b8e6e16a094b4342","size":13645,"artifact_path":"wandb-client-artifact://702lxrqs6nfyug01vvkectz648poleksmbb0tw0zjfd50hfqx0jwli7l3ckn0ukrie9p01l4egvkq9gtm3zhvcnz32xlplimfg99b9kgi6grd97owchc4qdb8te4ns7v/val_probs_labels.table.json","_latest_artifact_path":"wandb-client-artifact://augl61y5trkm35pxet77on6ap7wf4x9hxjyq685mlrddzartzon5hxg9283wuc3so4robjiijk3vv7c1ygmr60d0pa03c6uotdy6gjumpfd3vg6mjxjzbdv7k6p6hyhh:latest/val_probs_labels.table.json"},"val_accuracy":92.4812030075188,"_wandb":{"runtime":349},"val_total":532,"sensitivity":0.8965517241035804,"specificity":0.9520295202600727,"train_loss":0.03396307571571978,"checkpoint_path":"Checkpoints/Hyperparametersuch-Gli-Men/dry-sweep-54/checkpoint_epoch_030.pt","val_correct":492,"train_samples_used":2128,"epoch":37,"val_loss":0.3033795948657725,"_timestamp":1.7481156490529864e+09,"val_incorrect":40}