{"sensitivity":0.9793233082522683,"train_samples_used":2978,"test_correct":985,"train_loss":0.01640501106157899,"_wandb":{"runtime":1008},"val_loss":0.07893552045736994,"test_sensitivity":0.9620462046045867,"val_accuracy":98.35487661574618,"specificity":0.9905956112542132,"tumor_train":1702,"val_probs_labels":{"ncols":2,"nrows":851,"_type":"table-file","sha256":"f7dc40b918ca795d493e53d75f2d06d8e3275bbf963232cdbf2f919d72536df5","size":20484,"artifact_path":"wandb-client-artifact://te2xeq518q14g2m7a85kbc4hy1crc0vlxwxjuygsvvywnwon0emsvwsri7ql29ufyti4cqj8aact0pjuluf21h1bvagrmspdfqcazef0h213skswmpr6bijrb12mlggz/val_probs_labels.table.json","_latest_artifact_path":"wandb-client-artifact://2uosuqsk2wsgqpn6lnqaltnyazsyvqrnxoi5y05n370kx1khiwums4l5cn56tfbskof9h3hu82wotu9y8c0x03mqllqdxnn0t6sjezzw3ckvvdhcy2xltoi73lg04htl:latest/val_probs_labels.table.json","path":"media/table/val_probs_labels_60_f7dc40b918ca795d493e.table.json"},"test_incorrect":26,"_runtime":1008.339169586,"test_total":1011,"no_tumor_train":1276,"auc":0.9962936337709478,"epoch":61,"_step":61,"test_specificity":0.9925925925680841,"_timestamp":1.7504466886330287e+09,"test_auc":0.9924092409240923,"test_accuracy":97.42828882294758}