{"test_accuracy":91.49357072205737,"test_correct":925,"sensitivity":0.953789279095124,"specificity":0.9387096773890738,"val_accuracy":94.82961222091657,"_runtime":291.333897491,"train_samples_used":1021,"test_sensitivity":0.9075907590609308,"test_total":1011,"_timestamp":1.7497653786365242e+09,"auc":0.9832866257229741,"test_specificity":0.9259259259030636,"train_loss":0.03525834740139544,"val_probs_labels":{"path":"media/table/val_probs_labels_34_ad5bb1d1ee321c0956df.table.json","ncols":2,"nrows":851,"_type":"table-file","sha256":"ad5bb1d1ee321c0956dfd40e0ca84fb920872e9033709f04b1f37a65c1166bc6","size":22079,"artifact_path":"wandb-client-artifact://ito0r81oexsw5gg5ivsv7f40shhqcy5qyanso9j6836o0p4lwn1ugs00hi9g0t7gbbauczl1m2kk46vtf9yexm07lmi1bo9a1a7x54fixa4j85k64gfsb3ah0ghjjg1z/val_probs_labels.table.json","_latest_artifact_path":"wandb-client-artifact://ep3ryv5r5i9qrq5leqnkepoaoo4nd83fn5br1cg4komuyu91hyt56ofepvxtk92mg5kq7lgovqfx4v4uajtyrewpt0li7faj1zohmkkffe0iygcsmg2dvaxoogrnku5a:latest/val_probs_labels.table.json"},"train_percent_used":0.3,"test_auc":0.9659862282524548,"_wandb":{"runtime":291},"val_loss":0.21272656747273036,"epoch":35,"test_incorrect":86,"_step":35}