{"train_percent_used":0.6,"_step":29,"val_accuracy":97.53231492361927,"auc":0.992683799415658,"train_samples_used":2042,"test_accuracy":94.95548961424333,"test_correct":960,"specificity":0.9612903225496358,"val_probs_labels":{"ncols":2,"nrows":851,"_type":"table-file","sha256":"7d2c7df6ca7474038f5b2ee213e90d8a12a76af1ff5b4962cacd8320d31fab76","size":21828,"artifact_path":"wandb-client-artifact://cru1cetroeaesw0gnscx7q2njkjjnut8s009bwwoflrb2qug4uikkd53k41f3ra3mhtw2o19we7sprpzy6v2ukdwom46883a3b76qb9uraounmttkbcss8sgpifpjr0v/val_probs_labels.table.json","_latest_artifact_path":"wandb-client-artifact://jbny235w1d0klpidx1uhkqmo010ldirpv8tep9lxdnc15acnltbhq032vw0n0mh51eng1cfy1k7o9pmv391m2kypw9rfplsjuphpwwub073jmir467xvafdkm16p1wwb:latest/val_probs_labels.table.json","path":"media/table/val_probs_labels_28_7d2c7df6ca7474038f5b.table.json"},"_wandb":{"runtime":360},"_runtime":360.242208372,"test_total":1011,"test_specificity":0.9555555555319616,"val_loss":0.12556179080690658,"train_loss":0.021309856267180294,"test_incorrect":51,"test_auc":0.987413926577843,"test_sensitivity":0.9455445544398425,"_timestamp":1.7497686019996676e+09,"epoch":29,"sensitivity":0.9833641404624147}