{"_runtime":349.507721071,"val_loss":0.38478896021842957,"val_accuracy":87.78195488721805,"val_probs_labels":{"path":"media/table/val_probs_labels_39_b34a802a13c4dbf9cdad.table.json","ncols":2,"nrows":532,"_type":"table-file","sha256":"b34a802a13c4dbf9cdadb45317b2997d969bc623cd6302e8dd690d0edbb50390","size":13295,"artifact_path":"wandb-client-artifact://oatz60f4bx62j9oggegnzbojmpj8p1pegkzrd1d9jz0om0og4ryijw6te044bnuqmvzl6rgg59jo1k5as08warac7tpi7hl7j2nj5bhqwn0mwn6pr1isionid061uaq8/val_probs_labels.table.json","_latest_artifact_path":"wandb-client-artifact://cqg6iufticp77u3kjax5mo0hm4bkiqq8565su75be4jf54hpuiw23lmynl79q6kuuo0pspv8m4c1t6e7u472eqyttc6di1sq7jo7mp3gp0nenxyjlre00iq6aj94svv8:latest/val_probs_labels.table.json"},"val_correct":467,"specificity":0.8376383763528547,"_timestamp":1.748135951692569e+09,"val_total":532,"val_incorrect":65,"auc":0.9429670158770553,"train_samples_used":2128,"checkpoint_path":"Checkpoints/Hyperparametersuch-Gli-Men/firm-sweep-98/checkpoint_epoch_030.pt","epoch":37,"_wandb":{"runtime":349},"train_loss":0.25357602887293873,"_step":39,"sensitivity":0.919540229849826}