{"train_loss":0.05514649252750372,"test_accuracy":93.96636993076162,"test_specificity":0.9580246913343697,"specificity":0.9968652037305058,"_runtime":419.025494376,"tumor_train":1064,"auc":0.9961816767624391,"sensitivity":0.9624060150195036,"test_auc":0.9845577150307623,"train_samples_used":2340,"val_probs_labels":{"ncols":2,"nrows":851,"_type":"table-file","sha256":"e609df224dced42e8a7f08f29b5314eed5b9a34279e9aaa3d009cd62058f2812","size":22222,"artifact_path":"wandb-client-artifact://ygdk911q4ofbov0jte9tjbku90wmgpmqdu9tehn2nzguq0mnr88voyiinfr659ph90j1i3wnotadal3j4tpukze8sy8gobiuagpg53n9vldfo0ksckzwx2oq8gmwkbmh/val_probs_labels.table.json","_latest_artifact_path":"wandb-client-artifact://unuu0pghmzoc0mqg2hh2ip9tg8mojtsj5syw62xde0rtgtal2iukfrr91noa1cndw2zwgkd46nxoyu0cqvn8b7emwb4oqmczr0exi7rc5dwq6xj7jjv59zutkn1db5w8:latest/val_probs_labels.table.json","path":"media/table/val_probs_labels_28_e609df224dced42e8a7f.table.json"},"test_incorrect":61,"test_correct":950,"_timestamp":1.7498257947777352e+09,"no_tumor_train":1276,"val_accuracy":97.53231492361927,"epoch":29,"test_total":1011,"_wandb":{"runtime":419},"_step":29,"test_sensitivity":0.9273927392586239,"val_loss":0.10779910002435956}