{"auc":0.9668108750053017,"val_accuracy":90.78947368421053,"_runtime":546.498380782,"_timestamp":1.7481101182128117e+09,"val_total":532,"epoch":57,"specificity":0.9335793357589085,"val_correct":483,"val_probs_labels":{"_type":"table-file","sha256":"6ff916a62356b5dab758bbb0872d1b3dc936f34ebabeb7aa9e1deec08301b1a5","size":13684,"artifact_path":"wandb-client-artifact://5r2q48h73bgpuf5z3xfcqtp0przcbomof3ztjxlyz0sxigjzh6l4avvox83ho3iadnf9u6o25nnnwsahfmsoyzvu6jnbi8vnh0ejo8jmx9rjc1d1eyz1yyma2yu33ooc/val_probs_labels.table.json","_latest_artifact_path":"wandb-client-artifact://ijmkaraeeo2wdf6nihvylqm1qaoron5rulu3rr9xnp7ybxorlvrt28i40anfjhip36oa0y0j0q3tvnifei3jgk1x8nh1igmwza2f14jkjr8k6zn1tqf59uuqvqllq349:latest/val_probs_labels.table.json","path":"media/table/val_probs_labels_61_6ff916a62356b5dab758.table.json","ncols":2,"nrows":532},"train_samples_used":2128,"_wandb":{"runtime":546},"train_loss":0.0760168468913258,"_step":61,"checkpoint_path":"Checkpoints/Hyperparametersuch-Gli-Men/fragrant-sweep-36/checkpoint_epoch_050.pt","val_incorrect":49,"val_loss":0.2791433809872936,"sensitivity":0.8812260536060833}