{"epoch":33,"_runtime":464.030793181,"val_accuracy":97.53231492361927,"train_samples_used":3404,"val_probs_labels":{"sha256":"b3137f6458fc1a1c96f1defd59bbae2b1fee7e3b6b716b011a3520bbea837e38","size":21460,"artifact_path":"wandb-client-artifact://yvjbgxfq2yt03i0iutyn9vtx80lwesq4t192vi0359nrwuawdamhchwvzsm3a1q5jv16lrdv5pb2hqr41omjqc477pbigduhafhggvol3262nyatinkp23iebdx6a1jg/val_probs_labels.table.json","_latest_artifact_path":"wandb-client-artifact://knra32edydc5r8ohp054npbo08i6bar9bud9o1ildb44jkojxykld0n7whrn8i79td7nue1uterbdteqjduur1f324qqugyg6r5bi5xaawm3wzvl28dde1ve78au3xm6:latest/val_probs_labels.table.json","path":"media/table/val_probs_labels_35_b3137f6458fc1a1c96f1.table.json","ncols":2,"nrows":851,"_type":"table-file"},"specificity":0.9870967741617065,"val_incorrect":21,"_step":35,"train_loss":0.006674125864739041,"_timestamp":1.748035045308871e+09,"sensitivity":0.9685767097787694,"val_correct":830,"val_loss":0.11043958150727391,"checkpoint_path":"Checkpoints/Hyperparametersuch-noTu-T/snowy-sweep-11/checkpoint_epoch_030.pt","val_total":851,"_wandb":{"runtime":464},"auc":0.9954802933635443}