{"val_probs_labels":{"sha256":"7d35dcf26748fbe25db2ddfc665a3aa85aa6fc7e9e89fae70816b10379072a8f","size":19871,"artifact_path":"wandb-client-artifact://2umzt3s4lpa15fx4yac962o7acutrbezterxj2n4gqsz5wqt411tjmwb8mn8sfozl50bi4er4sqn8bsksckwqa9rz0omsut5mf0dn0xlsq6nfwqrgc84egrj2w0m3u00/val_probs_labels.table.json","_latest_artifact_path":"wandb-client-artifact://p510aikgwujit0q6mfwlv097aecmwj2fsvtvssobgwcyv6l8puo17nh7ryw0fcqhm0tdw30fpylqs9twis48qetb829awigjv8ooctkiutpqw0t7xraenu5vy0zjuuk3:latest/val_probs_labels.table.json","path":"media/table/val_probs_labels_23_7d35dcf26748fbe25db2.table.json","ncols":2,"nrows":851,"_type":"table-file"},"epoch":22,"val_accuracy":97.17978848413631,"_wandb":{"runtime":304},"val_loss":0.13696675056659538,"checkpoint_path":"Checkpoints/Hyperparametersuch-noTu-T/logical-sweep-29/checkpoint_epoch_020.pt","val_correct":827,"_step":23,"auc":0.9938137260747719,"train_loss":0.012785687448868144,"sensitivity":0.9741219962851364,"_timestamp":1.7480404323915112e+09,"train_samples_used":3404,"_runtime":304.256364702,"specificity":0.9677419354526534,"val_incorrect":24,"val_total":851}