{"test_accuracy":92.58160237388724,"val_probs_labels":{"size":20915,"artifact_path":"wandb-client-artifact://kjxl163ikvc15fyramuz07h5mcc7cnzl3p0aeikpn5ezo9vk4r8pczx4uxnyfzeyxzre4dq2ly85z7kngs3s61idcqg66p95o6fsvxmh3rcbryjn28qfuzgvqdap408z/val_probs_labels.table.json","_latest_artifact_path":"wandb-client-artifact://dpdrz9l3m7btb8wnybswnpzs0hhghc9cj5y6prxn4j8fx3r538si94hai8niz88fk8vej0u3diyyhydd48vq2e73j2x5en2ck9t10gwz79e6p9xeeofszzbcdiqvejaf:latest/val_probs_labels.table.json","path":"media/table/val_probs_labels_31_15dddfd3ffe7d72e8c46.table.json","ncols":2,"nrows":851,"_type":"table-file","sha256":"15dddfd3ffe7d72e8c46fa35a652da0855a7109a7aeeba62e68308149211f2d3"},"test_total":1011,"specificity":0.9096774193254943,"test_specificity":0.9506172839271453,"test_sensitivity":0.9092409240774052,"_step":32,"sensitivity":0.9741219962851364,"train_loss":0.027964361604641785,"val_accuracy":95.06462984723855,"_wandb":{"runtime":324},"test_correct":936,"train_samples_used":1361,"_timestamp":1.74980749332343e+09,"train_percent_used":0.4,"test_auc":0.9776351709244999,"epoch":32,"val_loss":0.23152586817741394,"test_incorrect":75,"auc":0.9829407906505276,"_runtime":324.028427922}