{"tumor_train":425,"no_tumor_train":1276,"train_samples_used":1701,"test_incorrect":89,"val_probs_labels":{"sha256":"5d9b026224c0c286cb1433716512faf9c182b686891660d55e1d46e94bfab645","size":21540,"artifact_path":"wandb-client-artifact://qkw669jsgerc018oplcrapnv24t2y2mq6tq1isn21joohfkp4c3cjyfrmom6h453kc0d6jdvji01ijfc3dsl0idx7stqjw87swiq1he6ru9f6y1g3yrozh4zvo4izds4/val_probs_labels.table.json","_latest_artifact_path":"wandb-client-artifact://3l6tycp4modzwaxd80ff6zemgywrmuocyrhnw16m0jzk8rpbtc1b3uphcad8dct7jphv7b4hmg4hfeu2knegdik0nsvrtgpnnixihc771yuipdyozdabgyfzmbfz5887:latest/val_probs_labels.table.json","path":"media/table/val_probs_labels_28_5d9b026224c0c286cb14.table.json","ncols":2,"nrows":851,"_type":"table-file"},"val_loss":0.241052868110793,"val_accuracy":96.82726204465335,"test_specificity":0.9308641975078799,"test_auc":0.9705048282606039,"_step":29,"test_sensitivity":0.8993399339785587,"train_loss":0.020617407181167176,"_wandb":{"runtime":308},"_runtime":308.804373201,"test_correct":922,"_timestamp":1.7498363454441173e+09,"test_accuracy":91.19683481701286,"auc":0.991915525490843,"sensitivity":0.9586466165233337,"specificity":0.9843260187779208,"epoch":29,"test_total":1011}