{"train_samples_used":2128,"val_incorrect":78,"checkpoint_path":"Checkpoints/Messungen-Gli-Men/trainsample_2128/checkpoint_epoch_040.pt","best_model_path":"Checkpoints/Messungen-Gli-Men/trainsample_2128/best_model.pt","specificity":0.9815498154619354,"epoch":44,"_step":63,"val_accuracy":85.33834586466166,"sensitivity":0.7203065133823637,"val_probs_labels":{"ncols":2,"nrows":532,"_type":"table-file","sha256":"1dc19891d33c0afda9d83c637d378a79e0eb1d2d35da8c44345dcc4ea77a493d","size":13870,"artifact_path":"wandb-client-artifact://bfq9m0u6quagwhvwjjlkzx8z582mm7yghp05suqo6ks1rt9338xt788rui5gdviim5knmo92x1wtxjq2aroo9q9f7n2btxn43dc0ezurzr78m9q59lothtj2plldsebn/val_probs_labels.table.json","_latest_artifact_path":"wandb-client-artifact://h2jghrr3fby9eajiaj07d0zbz6w9ktahpccdr5a6kwfo4kp3bwg0eabs62bfndnwav4r753o7mn30h3oik4ks2a022bjqrjtjt7vdt5bz56ryngsf8gm3dp19cpy22t1:latest/val_probs_labels.table.json","path":"media/table/val_probs_labels_63_1dc19891d33c0afda9d8.table.json"},"_timestamp":1.7486765562925074e+09,"auc":0.9625270390634941,"val_correct":454,"_runtime":422.521694529,"train_loss":0.14970049525008483,"val_loss":0.4539113759994507,"_wandb":{"runtime":422},"val_total":532}