{"val_accuracy":97.88484136310224,"test_specificity":0.9851851851608596,"no_tumor_train":1276,"_step":28,"test_sensitivity":0.9504950494892658,"test_incorrect":36,"test_total":1011,"_runtime":477.770317871,"test_auc":0.9890681660758668,"auc":0.9959106229523652,"_timestamp":1.7498431600639718e+09,"train_samples_used":2765,"test_correct":975,"test_accuracy":96.43916913946587,"epoch":28,"sensitivity":0.9699248120118436,"train_loss":0.03861008592965928,"specificity":0.9937304074923595,"val_loss":0.089196044419493,"tumor_train":1489,"val_probs_labels":{"_type":"table-file","sha256":"df0be967147e36616323c0d5ed3643ee995a870e8ca4dd609d754cd4f3a8fb13","size":22131,"artifact_path":"wandb-client-artifact://wc4vp8npvj9hypjp7zieur7hytatjoixxloxh5foh3l8l99klaa4gjupfjstjdaghxo0g11rwy0htmi4mzh5mkfaydf0s3hn9td8jaj3oe41hknxmbwugujg9nxlebt4/val_probs_labels.table.json","_latest_artifact_path":"wandb-client-artifact://4jczr7232cy34cyh5p43enr19gglw2qecmuuwfp32oj6ec0dbn995gg2jb55pkg03emat9zhsvy8bo1p9ihf4qjpqbrzo2ckfz7nl4i96ztizqmuvs0h8fa77q2nurv7:latest/val_probs_labels.table.json","path":"media/table/val_probs_labels_27_df0be967147e36616323.table.json","ncols":2,"nrows":851},"_wandb":{"runtime":477}}