{"_timestamp":1.7480466070598462e+09,"val_incorrect":25,"train_loss":0.010426878673731672,"train_samples_used":3404,"_step":45,"_wandb":{"runtime":580},"specificity":0.9645161290011446,"sensitivity":0.9741219962851364,"val_total":851,"checkpoint_path":"Checkpoints/Hyperparametersuch-noTu-T/bright-sweep-46/checkpoint_epoch_040.pt","auc":0.9946037803351022,"epoch":42,"val_probs_labels":{"path":"media/table/val_probs_labels_45_e7b9220790c56660a9cc.table.json","ncols":2,"nrows":851,"_type":"table-file","sha256":"e7b9220790c56660a9ccb05f654cb7ac85abf3e67a2f6023169d278867c44e69","size":21579,"artifact_path":"wandb-client-artifact://ri6ijyl6n9qyt00ao9bzlnr8nbj89pciz9krpl9cu60ps5e69j2krfvceh5pcnpizi8ua15qjk15s23kueb43owr1d6t1dudmgf6bwxm3ehhxpsb9tjmhyab8alionwi/val_probs_labels.table.json","_latest_artifact_path":"wandb-client-artifact://ke0zhioye7gl670bxabcwrc4w8obmufzhxethdp7xespfkufmxf4f798lwp8etchrnslc2u39t1x3bz9k637ajpodzw029cy71ji37dumdyjoui2js6sgpvf518midug:latest/val_probs_labels.table.json"},"val_loss":0.11951806647509026,"val_accuracy":97.06227967097533,"val_correct":826,"_runtime":580.876043848}