{"_wandb":{"runtime":92},"val_correct":436,"train_loss":0.378946915268898,"val_loss":0.4253649115562439,"val_probs_labels":{"_type":"table-file","sha256":"ee146bf0b1956303bbf4f59f3eca77f58df23558ad3a3c8fb3ae1cbf2bb46ef3","size":13451,"artifact_path":"wandb-client-artifact://r4pv843fgpz2jkw21anqdf0d6h12n7vmhrzay4iheaglyxuas2wal1qt9de49khw562r9cwpjnxyfnemv7l6v4bgk9047ano686ft2plrj6c7th8723mbc0rr6ys32i5/val_probs_labels.table.json","_latest_artifact_path":"wandb-client-artifact://enf2yis2yjf26ah1wy5qojkprbukga4wx887u7cgr4elogxspiscst0gmnmlank9g5t69fc10d4v1weqvg27aaak23qd8x977ondjzvwfz2tzdt4ua2glw0rsuue6i79:latest/val_probs_labels.table.json","path":"media/table/val_probs_labels_40_ee146bf0b1956303bbf4.table.json","ncols":2,"nrows":532},"_step":40,"best_model_path":"Checkpoints/Messungen-Gli-Men/trainsample_426/best_model.pt","val_accuracy":81.95488721804512,"auc":0.8913206373443044,"_timestamp":1.7486876404086795e+09,"sensitivity":0.8314176244892177,"epoch":27,"val_incorrect":96,"specificity":0.8081180811509919,"train_samples_used":426,"checkpoint_path":"Checkpoints/Messungen-Gli-Men/trainsample_426/checkpoint_epoch_020.pt","_runtime":92.360960959,"val_total":532}