{"auc":0.9254270230393825,"specificity":0.5151515151320019,"test_correct":483,"meningioma_train":1072,"epoch":20,"val_accuracy":75.51789077212806,"test_sensitivity":0.960784313694092,"train_samples_used":1283,"test_total":606,"_timestamp":1.7494739761240427e+09,"test_incorrect":123,"glioma_train":211,"_step":20,"sensitivity":0.9925093632587075,"test_confusion_matrix_table":{"path":"media/table/test_confusion_matrix_table_20_9e9fa8e73bbe2778d5d9.table.json","ncols":3,"nrows":4,"_type":"table-file","sha256":"9e9fa8e73bbe2778d5d940952c98797018045047da9e6502199aae7a32ffece1","size":193,"artifact_path":"wandb-client-artifact://1z9wf2t7a7ewe50l86o6zf2r4eef9y99a5z8hmpairdz00ybi7jn0fdjfam8oy8evw34zka5t6m951u9lmets92awihpkc7a4fp5xtand5ubq2dw7d0bw7g93beiyiee/test_confusion_matrix_table.table.json","_latest_artifact_path":"wandb-client-artifact://9485wa3c3i9f4irgc19u3h53ja4fwrzytn0euxow2g1o3a1aao8gjs59w0ybt79hi0516za8qrkrugd71xuo2x2vs3rlyp5z4wr2x492nj5hke2dlpngevgc8nt95dx7:latest/test_confusion_matrix_table.table.json"},"test_accuracy":79.70297029702971,"test_specificity":0.629999999979,"_wandb":{"runtime":200},"val_probs_labels":{"sha256":"f88d30ef211f1f4171b8b1d05c73e0f9a15189f883d59cf2a121a10f5fed62ab","size":12987,"artifact_path":"wandb-client-artifact://iv06psplotdsx35idg0btv53dxvup3edzlq3opm1qiqcb358dg762ie0k8t4mquuwho7v2u3d7gax8tjb1uemd9b2y81binddf0uugt20jx5o6vbu3osh07raaq91e4t/val_probs_labels.table.json","_latest_artifact_path":"wandb-client-artifact://qqpplhdzic80zvtsbn6k03eelnq8qf5v787n5sst604jgzpr88dohbtm1dcljey7teqeiksrl0htkxp8gkjccxiokhc4nrhi6xm4ogp3x9h0svonv29cr7g3vizp9l33:latest/val_probs_labels.table.json","path":"media/table/val_probs_labels_19_f88d30ef211f1f4171b8.table.json","ncols":2,"nrows":531,"_type":"table-file"},"val_loss":1.0321254319599522,"_runtime":200.38802174,"test_auc":0.9150108932461875,"test_probs_labels":{"_type":"table-file","sha256":"f8de7561b96483645924452feed3594f0bd90ed7da7b6a62ad5f643e3d5362fa","size":15201,"artifact_path":"wandb-client-artifact://jr2lctl3xzdh4a1fl1sqdecjjvr9aa7ntudt62th4tpn6ylg5yctgq9xw8poml0r15xlnedgaoch7i892q323f143fmc7s7rr842gmmosji2qf453akbeqlpgxw83ohu/test_probs_labels.table.json","_latest_artifact_path":"wandb-client-artifact://uw5tuuo5ovrzs1pcwimrqt8l8mvuteaotnm5c41zkm7837k8rhddkkbxbfv2cmoepv19s1xto5rhyds6qdpknuvclea85o41aw6cixvpwcvand1d08ea56rjocmz09qt:latest/test_probs_labels.table.json","path":"media/table/test_probs_labels_20_f8de7561b96483645924.table.json","ncols":2,"nrows":606},"train_loss":0.07093824966189761}