{"train_loss":0.02702092207982787,"test_accuracy":98.51632047477746,"val_probs_labels":{"_type":"table-file","sha256":"4b086ee9293f9b01cce369f8f57e99560b6c18469614f7252e3286d25ea90c6c","size":53140,"artifact_path":"wandb-client-artifact://4m5m6zd7sswf7mq9btm6srcqyrciwltw2kvy9h2kq3tspapsu0ze4jx34327grazstm8mzx8dkl028xx590lictt0ylog24bk4mpasjdbpndbn34zxhzv4o62t1yk4ir/val_probs_labels.table.json","_latest_artifact_path":"wandb-client-artifact://wrkc4ftku5xrk1zxtwinys648dnml0aiupmixmqmsk3szpd6nib2lihsvkk6jl0jgjanbyx44q1cglpu61ve3906bhgxq3os43wjfl500zlsq8w7y0y06f3xr12oggfh:latest/val_probs_labels.table.json","path":"media/table/val_probs_labels_30_4b086ee9293f9b01cce3.table.json","ncols":2,"nrows":2553},"_timestamp":1.7494774392149644e+09,"_wandb":{"runtime":2060},"val_accuracy":97.84567175871524,"auc":0.996221117285756,"test_incorrect":15,"test_correct":996,"test_sensitivity":0.9768976897528565,"epoch":31,"_runtime":2060.153140693,"test_specificity":0.9975308641729005,"train_percent_used":0.8,"_step":31,"specificity":0.9610256410157844,"test_auc":0.9989895285824879,"val_loss":0.1068424370023422,"train_samples_used":8169,"sensitivity":0.9892268694487375,"test_total":1011}