{"val_total":851,"_runtime":595.759951555,"train_loss":0.008425232799828191,"checkpoint_path":"Checkpoints/Hyperparametersuch-noTu-T/hopeful-sweep-41/checkpoint_epoch_040.pt","_timestamp":1.7480449437099845e+09,"train_samples_used":3404,"auc":0.9958619044779679,"sensitivity":0.9704251386142251,"_wandb":{"runtime":595},"val_loss":0.10909719745029213,"val_correct":829,"specificity":0.9806451612586888,"val_probs_labels":{"path":"media/table/val_probs_labels_46_f4609717c3dbc3b5ac26.table.json","ncols":2,"nrows":851,"_type":"table-file","sha256":"f4609717c3dbc3b5ac26ab0baee6f97fa6677c960357b735f17ceacefb237a29","size":21434,"artifact_path":"wandb-client-artifact://gdlq3oh9m990vfeqw3qy0r0ge118llznh6gps2qnl0mh6prgq1vq53wlszsqv5ydnna63h1eiwi1cohg1gab416piugp7o1f06gc8xfvg9g6pkgixabrjo7vmj9aaut7/val_probs_labels.table.json","_latest_artifact_path":"wandb-client-artifact://nc9awz3ym53scdsi25kfbwep089j9p3hsg7nwsj901fhanziraxfxpbf1pc8zlu874d5d16uol3reunm0pp6c3pakd70l2p9etzojm9udhyuqk0jb7252350rumyd0el:latest/val_probs_labels.table.json"},"val_incorrect":22,"epoch":43,"_step":46,"val_accuracy":97.41480611045829}