{"checkpoint_path":"Checkpoints/Hyperparametersuch-Gli-Men/legendary-sweep-89/checkpoint_epoch_030.pt","specificity":0.8634686346544845,"val_incorrect":50,"train_loss":0.06865429856321391,"_timestamp":1.7481314891835313e+09,"_step":40,"val_correct":482,"_wandb":{"runtime":362},"sensitivity":0.9501915708448202,"val_loss":0.4137660592794418,"val_accuracy":90.6015037593985,"train_samples_used":2128,"val_probs_labels":{"ncols":2,"nrows":532,"_type":"table-file","sha256":"3b272b65dce35ebe75c5e38476490a5749a32360338c5118ced55be3b343203b","size":13435,"artifact_path":"wandb-client-artifact://1rnmirvqfgyo4pzd2hs3gt5puhpekjft38nl7qvqutznox7dm8xe038fv7y4votdb8d2c085f4t19rkmvam6vrsbrtfnkgo5kwvgc4qlq8b1ehw5tqhjrohs0cih4tlk/val_probs_labels.table.json","_latest_artifact_path":"wandb-client-artifact://4hwhi1sjxr62oyt49y40pdrtrxy8mfxj27cjup1l8ow7ux9cw91ovk4h4pe8jiywn6njwdzjogwe3ljd8ok4jub19cpxkafnxi2a35p9415jiisrtegc0y6701iu8oci:latest/val_probs_labels.table.json","path":"media/table/val_probs_labels_40_3b272b65dce35ebe75c5.table.json"},"auc":0.9645487834188687,"val_total":532,"_runtime":362.396654373,"epoch":38}