{"specificity":0.9905956112542132,"val_probs_labels":{"nrows":851,"_type":"table-file","sha256":"cf701a69bc564af0876a41f3d38dba3f6e164bcd77e043db57ad05e33b198dce","size":22053,"artifact_path":"wandb-client-artifact://g7z6ex4qbw7w627mwembkgkhxh5k3y9p6bzklvd0tcbgt58cqu651vehsdgrbjyghc54i9qq4ojv5jdrkoi8wukjg6mt4umewxr3tv078x0b0sg4qht53dzx732vkwjj/val_probs_labels.table.json","_latest_artifact_path":"wandb-client-artifact://dsvc22fq4a860kg7jxx7eaatqgzrwmi0ibjevm2hozwabpvvmo9jc1u0t373nl4k8cliiviv85opmvbdcjmq162xuswd96o2voxi4bcozkcc2imif1ylhcg6crmzgqfz:latest/val_probs_labels.table.json","path":"media/table/val_probs_labels_31_cf701a69bc564af0876a.table.json","ncols":2},"test_accuracy":96.3402571711177,"auc":0.9959047304782331,"val_accuracy":98.2373678025852,"test_auc":0.9906205435358351,"_timestamp":1.7504471970715685e+09,"sensitivity":0.9774436090041834,"val_loss":0.09634360458169665,"train_loss":0.03850157438269393,"test_total":1011,"test_specificity":0.9703703703464106,"test_sensitivity":0.9587458745716378,"test_incorrect":37,"epoch":32,"no_tumor_train":1276,"_step":32,"tumor_train":1489,"train_samples_used":2765,"_wandb":{"runtime":503},"test_correct":974,"_runtime":503.0117583}