{"val_loss":0.2008519457142231,"val_probs_labels":{"nrows":851,"_type":"table-file","sha256":"605cc4be4767abc9b0d69bbcc24643ac1b66ba27cbbe6321323f67ac763feecb","size":20543,"artifact_path":"wandb-client-artifact://0u5jjik4mnwbecf5n1tqppvguh74mxoae78rc99x2rogr96gbojybbp8zwabgtzvkanzqexiikjkk7y8oex4amwbg3st3k5zoawemev3ji9amn0cv90m0ahwe148yi1h/val_probs_labels.table.json","_latest_artifact_path":"wandb-client-artifact://gex135mxqzogme9u28ytupnocstj7zr4s3xovqj3fqcxc24pi4fjb76dnrjqex01fryhx18zl5ulz5cbtbn1xtyrbhlxwx4r71cb5h2xr2seqpiinnrpnjivp2m5vxuh:latest/val_probs_labels.table.json","path":"media/table/val_probs_labels_24_605cc4be4767abc9b0d6.table.json","ncols":2},"val_correct":823,"specificity":0.9645161290011446,"train_loss":0.023102808154236813,"_timestamp":1.7480477063424945e+09,"sensitivity":0.9685767097787694,"train_samples_used":3404,"val_total":851,"val_accuracy":96.70975323149236,"auc":0.9932264027189792,"val_incorrect":28,"epoch":23,"_wandb":{"runtime":317},"_step":24,"_runtime":317.552724218,"checkpoint_path":"Checkpoints/Hyperparametersuch-noTu-T/whole-sweep-50/checkpoint_epoch_020.pt"}