{"test_auc":0.9943242472395387,"test_incorrect":31,"test_correct":980,"_step":33,"_wandb":{"runtime":1907},"auc":0.9971804621234279,"specificity":0.9733333333233504,"train_percent_used":0.7,"val_loss":0.07527147931978106,"val_accuracy":97.96318057187622,"test_sensitivity":0.9587458745716378,"epoch":33,"_timestamp":1.749350370596946e+09,"val_probs_labels":{"ncols":2,"nrows":2553,"_type":"table-file","sha256":"7dc66a75bd15e1b56f8c98b54ad07bef3b195a828c78d02b77fa720dbaff1ca1","size":66223,"artifact_path":"wandb-client-artifact://pe8e1oppbwln3zsxksxxedytgccp5svnx9a7f5x7ak5k7bhquh4pwcttzu7zigxq8srfjhger7dok4wq3hbdi67ho60rehlcaai7oje6wqmf5p05o8nc2d61fajhkl0b/val_probs_labels.table.json","_latest_artifact_path":"wandb-client-artifact://4gxcoaodtrnc8kp7g5vk3t0a1qbk04agkqe25h348eaq1yw7q3q9j4k770a27inv19d2vi2vfwzzchnqyqn1jkv3qqjmkdxqv31i86fuqskl5vi5x57au7776ranrz5r:latest/val_probs_labels.table.json","path":"media/table/val_probs_labels_32_7dc66a75bd15e1b56f8c.table.json"},"sensitivity":0.9835234473955418,"_runtime":1907.780463829,"train_loss":0.038847890707464625,"test_specificity":0.9851851851608596,"test_total":1011,"test_accuracy":96.93372898120673,"train_samples_used":7148}