{"specificity":0.8999999999709677,"_runtime":431.529515259,"_step":32,"test_total":1011,"val_probs_labels":{"nrows":851,"_type":"table-file","sha256":"d96ac8d216a66eaae610a44ce2d7d65aa69bd777c47d0a1c08d3f87eec9c36ab","size":21999,"artifact_path":"wandb-client-artifact://w8817vu1h8w9is9sn0j6tlotuucdh3ijrtfzqcsyiwshyv7bu2yeo4e3vzlkduwayp32g6xsrbbemhn19jm7vci2yawi4b7q71comujeq6wz1p78htnyts2mpuwnz91a/val_probs_labels.table.json","_latest_artifact_path":"wandb-client-artifact://927pupjpz9ekip5z8wms7avgrycnmkj5obf43vmyv9s6ewoby8tgb26jz6q97794la942gftjst8p041dv0il4stfi4eudvl5qd4wzued83kpy086m79huvu00km2ij1:latest/val_probs_labels.table.json","path":"media/table/val_probs_labels_31_d96ac8d216a66eaae610.table.json","ncols":2},"test_auc":0.9870675956484537,"epoch":32,"test_specificity":0.9728395061488188,"_wandb":{"runtime":431},"_timestamp":1.749773120361141e+09,"test_correct":965,"train_percent_used":0.6,"train_loss":0.04988456696446519,"test_sensitivity":0.9422442244068936,"train_samples_used":2042,"test_accuracy":95.45004945598417,"test_incorrect":46,"val_loss":0.17156933567353658,"val_accuracy":94.71210340775558,"auc":0.9888020988611292,"sensitivity":0.9741219962851364}