{"val_probs_labels":{"sha256":"7e47ec13e4548dd9e45e24cac5b07d5df254e22e4e8d2bd0993be40ab0ccf1f4","size":22187,"artifact_path":"wandb-client-artifact://ebkumpapsc1wtw6u9okigytz5trs7ho1cl80wytp7d5y9jjow72k2g2svaysg8leiml2ocibje1piup2zjz2h6u443qlqer9snkwx8im8nf62mhdmzrhmyfay1fvrmhm/val_probs_labels.table.json","_latest_artifact_path":"wandb-client-artifact://5syixwvozje7nmcatnf7eu35hptljpyl6nnd38zdf5527lxqbgzhv675fzy04u1r5nl3k46clt8fvrja27lrkjxcizulyapkhiz02ils1rhoicldvknrznm778o21ea0:latest/val_probs_labels.table.json","path":"media/table/val_probs_labels_32_7e47ec13e4548dd9e45e.table.json","ncols":2,"nrows":851,"_type":"table-file"},"test_auc":0.9926088905186815,"no_tumor_train":1276,"_timestamp":1.7498607932263293e+09,"specificity":0.9968652037305058,"train_loss":0.03311279885470867,"test_specificity":0.9975308641729005,"tumor_train":1915,"_step":33,"sensitivity":0.9793233082522683,"epoch":33,"test_incorrect":30,"train_samples_used":3191,"test_total":1011,"val_loss":0.07383198610373906,"test_accuracy":97.03264094955489,"_wandb":{"runtime":614},"_runtime":614.930100949,"test_sensitivity":0.9521452145057402,"auc":0.9965882574775496,"test_correct":981,"val_accuracy":98.58989424206815}