{"_step":34,"sensitivity":0.8812260536060833,"train_loss":0.318423589070638,"_runtime":98.964884971,"val_loss":0.4484859645366669,"_timestamp":1.748678553157457e+09,"val_accuracy":82.70676691729322,"train_samples_used":683,"specificity":0.7749077490488964,"auc":0.9027017856385461,"val_correct":440,"_wandb":{"runtime":98},"val_incorrect":92,"val_probs_labels":{"_type":"table-file","sha256":"a122d8d180d3e85fcbab783961d9af1f054c7e364873e22d72c841cd96fbc361","size":13458,"artifact_path":"wandb-client-artifact://i8a3c1huiyscp5oh6s18duaxkcfyvxlc79ecpi4b3fodlqo553crjfp8pcud22geot6dj3cdve8ghg2sitbm52o3rg4j66g4shs19bq86fp4ppjdx8exc3mxjkrzsypd/val_probs_labels.table.json","_latest_artifact_path":"wandb-client-artifact://017risukgjhu8xhauiqnwqj33gfxez5r2208yjl975wj7e5rxjlv1b1sxz9k667pmo535f7kwii7rp0ldh2tki5rvzwak0a9a7hfw3mfa7uqvsqcpdu08z7c91015pmg:latest/val_probs_labels.table.json","path":"media/table/val_probs_labels_34_a122d8d180d3e85fcbab.table.json","ncols":2,"nrows":532},"val_total":532,"best_model_path":"Checkpoints/Messungen-Gli-Men/trainsample_683/best_model.pt","epoch":23,"checkpoint_path":"Checkpoints/Messungen-Gli-Men/trainsample_683/checkpoint_epoch_020.pt"}