{"train_loss":0.0185400942142156,"sensitivity":0.9741219962851364,"val_accuracy":97.41480611045829,"val_correct":829,"train_samples_used":3404,"val_incorrect":22,"specificity":0.9741935483556712,"_timestamp":1.7480506333528707e+09,"val_loss":0.08772629625829202,"auc":0.9963925824339633,"_step":72,"val_total":851,"val_probs_labels":{"ncols":2,"nrows":851,"_type":"table-file","sha256":"38ca06b6a9c9d048b1eb6e44a478826baad279a3b4d3d0ab0cd31b85e11b60ac","size":22168,"artifact_path":"wandb-client-artifact://xzcavuqwv52f0bwhgfj1ktiamh3g7wq1aq2z6uo7l7919yo88iqil7g1ezkwclogq0ztg53hix6mio0v8wtaq1h3gfizcd3t4fosv3ulogjt6wzz4b1k2lvn943lynui/val_probs_labels.table.json","_latest_artifact_path":"wandb-client-artifact://qgddy2ykc66qogxrioik0zhdncakzgv3jgb1ga50n5kiddcv7tmpr6938qmoa87kqcfvmxe9jlo5siaaqcy2jf7supfazexp20y56t5tb33lite5p5b6nfq2bmbexv1b:latest/val_probs_labels.table.json","path":"media/table/val_probs_labels_72_38ca06b6a9c9d048b1eb.table.json"},"checkpoint_path":"Checkpoints/Hyperparametersuch-noTu-T/fresh-sweep-56/checkpoint_epoch_060.pt","_runtime":933.296992267,"epoch":67,"_wandb":{"runtime":933}}