{"auc":0.976167193369507,"test_total":1011,"train_percent_used":0.2,"test_correct":889,"val_probs_labels":{"artifact_path":"wandb-client-artifact://2us9lsnawymj6ttbp97edmof7xsnrivbgfw2duyffy3n5pqciqcxw7711h4p30uuhox5lglatnnnmsf1livxhhuihs5hsayjcs4uewp4lb64atbw98unakaq7x38xhvy/val_probs_labels.table.json","_latest_artifact_path":"wandb-client-artifact://yisfqfm6estgger2j1vz1n0rpo5rowkonehn2k6te6g5mcksp5k1jb3n0qwfoxnt0hi1jui4d3oxbuw6d6wvkl3h1ye9ajtk01zqp6s6yv9zqoewxzgrqzbfrz9f6zkm:latest/val_probs_labels.table.json","path":"media/table/val_probs_labels_25_caf1b9cd41830929f941.table.json","ncols":2,"nrows":851,"_type":"table-file","sha256":"caf1b9cd41830929f941c902bee3c6859b43883e2a4e20a75a77f956f4414e15","size":21772},"_step":26,"test_incorrect":122,"_wandb":{"runtime":176},"_runtime":176.482043246,"train_samples_used":680,"epoch":26,"val_loss":0.23635679376976831,"test_sensitivity":0.8613861385996471,"_timestamp":1.7497826188322093e+09,"test_specificity":0.9061728394837982,"test_auc":0.9434421219899768,"sensitivity":0.9759704251205921,"val_accuracy":91.7743830787309,"specificity":0.8161290322317377,"test_accuracy":87.93273986152325,"train_loss":0.062074393344422184}