{"_wandb":{"runtime":445},"test_total":1011,"_step":33,"test_sensitivity":0.8943894389291355,"test_accuracy":92.08704253214638,"val_probs_labels":{"ncols":2,"nrows":851,"_type":"table-file","sha256":"513e13175953ffac617b99a9cc41f742106ef2d7c729b07663bf297ee957d824","size":22199,"artifact_path":"wandb-client-artifact://nk5uti7r5yvhizhf3t4say83bl8jdc8npets7xclmzc04f2uav8mwfbnlasp0y1v46qss67pk0k303pc6m4g5ptd80h59vu1aw9vn4jbarap3v1vqhto2p7i91xp039f/val_probs_labels.table.json","_latest_artifact_path":"wandb-client-artifact://a6iwndqgufdz6pd7mhzz959a0zvkzrocx96pjot1wrakwn5293x73ayw80flsdhjo3kuhi5bh6s4va4zdcs507c5a1esl0asp4j4jgfieb3nth57aatc4udrlvkug535:latest/val_probs_labels.table.json","path":"media/table/val_probs_labels_32_513e13175953ffac617b.table.json"},"no_tumor_train":1276,"test_correct":931,"tumor_train":851,"test_specificity":0.9604938271367779,"val_loss":0.16737385679568564,"test_auc":0.978466365155034,"sensitivity":0.9548872180271638,"_timestamp":1.749863296827753e+09,"val_accuracy":97.06227967097533,"auc":0.9921158696113324,"train_loss":0.07153290071908165,"_runtime":445.597400768,"test_incorrect":80,"epoch":33,"specificity":0.9968652037305058,"train_samples_used":2127}