{"checkpoint_path":"Checkpoints/Hyperparametersuch-Gli-Men/sweepy-sweep-47/checkpoint_epoch_030.pt","specificity":0.9520295202600727,"train_loss":0.019690122808948326,"auc":0.9762339002700371,"_wandb":{"runtime":294},"val_correct":488,"_runtime":294.051791914,"val_loss":0.3194340127794182,"_timestamp":1.7481134522824297e+09,"val_incorrect":44,"val_probs_labels":{"ncols":2,"nrows":532,"_type":"table-file","sha256":"606a7de1caeddaace21077ae32cda4356a0abcf0049426c7ffa6235abc2778c8","size":13463,"artifact_path":"wandb-client-artifact://b6bp2grhq9jxppqornudbj7yqp89sut79znfvlz9tnbnupib5160edqrcpim9z9ljzourhlzwhd1ou7e5q0aeo63laj7e6shpb5qjxktbbo2il97h418bnyb4c49f1lf/val_probs_labels.table.json","_latest_artifact_path":"wandb-client-artifact://2ila6cpaooh190ss1kwmh0ily8y7pdp17djhg4lbxa8ewm3s23tsxivpj9dwp4nii8akpgkov1tapky7faz8esli83nyzhzyo8l29fqx4p9qfuuurff7h0wd71xcrh1f:latest/val_probs_labels.table.json","path":"media/table/val_probs_labels_33_606a7de1caeddaace210.table.json"},"sensitivity":0.8812260536060833,"epoch":31,"train_samples_used":2128,"_step":33,"val_accuracy":91.72932330827066,"val_total":532}