{"_timestamp":1.7480327517321315e+09,"checkpoint_path":"Checkpoints/Hyperparametersuch-noTu-T/splendid-sweep-4/checkpoint_epoch_010.pt","_runtime":228.389225878,"sensitivity":0.9685767097787694,"val_loss":0.13548164278772337,"val_probs_labels":{"_latest_artifact_path":"wandb-client-artifact://e8xaizfmlpxn8waz6nsug1pfvvtpc0060vebhtibkxzoidwvv284i0si7w6tnwt5z04ypebovs9oufg0s5iwf3gmzafvpvi2g80l0up77rv0e8a6etdatgxkam35hrj1:latest/val_probs_labels.table.json","path":"media/table/val_probs_labels_17_52b2f5e8b04f3b4d9f12.table.json","ncols":2,"nrows":851,"_type":"table-file","sha256":"52b2f5e8b04f3b4d9f12e0eb0ba974e8a05eef1415547f5a89b1a05f01982049","size":20321,"artifact_path":"wandb-client-artifact://h87kqbvd24puzkng4z169k9rutkh6b81r7dmawmtgfm4ltn3rhewmvdi54mewxy9pk15504uumh6dsujd026dupvhfpxw0ngfugan3shd8vcwasi6cukelwp6jjh4nwi/val_probs_labels.table.json"},"epoch":17,"val_total":851,"_wandb":{"runtime":228},"train_samples_used":3404,"val_accuracy":97.17978848413631,"val_incorrect":24,"val_correct":827,"specificity":0.97741935480718,"auc":0.9945858923141137,"train_loss":0.01760430984774582,"_step":17}