{"test_incorrect":43,"_wandb":{"runtime":531},"train_samples_used":2765,"val_loss":0.09954289958945342,"no_tumor_train":1276,"test_accuracy":95.74678536102869,"train_loss":0.03852962533181364,"_runtime":531.317454404,"_timestamp":1.7498619428569531e+09,"test_sensitivity":0.9405940593904192,"auc":0.9953390529615577,"sensitivity":0.9868421052446082,"tumor_train":1489,"test_correct":968,"val_probs_labels":{"path":"media/table/val_probs_labels_31_1fbff5c569605f23d799.table.json","ncols":2,"nrows":851,"_type":"table-file","sha256":"1fbff5c569605f23d79916115d37effa8dcf79a494b8c0e1a09b6227c5d076c1","size":21759,"artifact_path":"wandb-client-artifact://aj8fuspqavhvlyaucgaphok3jpniyz3vz9pyk842w81l1tw8jatu3vetxjobj40npyt4r7u0urm4g72xpxv1dwvve9sbbghyh1xrm1p7ye2k7i1eotyvmuxis4rdj6r8/val_probs_labels.table.json","_latest_artifact_path":"wandb-client-artifact://wu79hz6z78p93za3oorn9wnehxz4hujib6gcfqnwh93w7bqkq0pqdafe4gcgkkmp0nya57cz12uelkf1b0v0mzthsf5i3mpwpeido1slmu7amii686lj67shjwd9hfny:latest/val_probs_labels.table.json"},"epoch":32,"val_accuracy":98.47238542890717,"specificity":0.9811912225397745,"_step":32,"test_specificity":0.9827160493584515,"test_auc":0.9890681660758669,"test_total":1011}