{"val_probs_labels":{"_type":"table-file","sha256":"33685dc8effaad25c0363c9c4a9b24b949702ef22e1c51f55747987b79aa8227","size":13479,"artifact_path":"wandb-client-artifact://5e7sdn4h3yirark35c3zoqei4fbq6spjmjoewhsbvrhmlv5kuprlifg2tbk78dww8puqigo6mmblyncv0ojkclzo79loksuizo5jps4b0wwchkjmldbupehv30ehikon/val_probs_labels.table.json","_latest_artifact_path":"wandb-client-artifact://bmaj2fxl63hu6ba74b28u1w2aj50qnpeuj6eelzikd71idk3kac39t74hd7w8exjysa9j1pn5pnzt3cqz44a3mn0fvfvy177oe5zfp8ohrmzxkte49fu3wwe2cuforuk:latest/val_probs_labels.table.json","path":"media/table/val_probs_labels_24_33685dc8effaad25c036.table.json","ncols":2,"nrows":532},"_timestamp":1.7481234637585552e+09,"checkpoint_path":"Checkpoints/Hyperparametersuch-Gli-Men/stilted-sweep-74/checkpoint_epoch_020.pt","_wandb":{"runtime":218},"val_correct":485,"val_total":532,"train_samples_used":2128,"_runtime":218.627320455,"epoch":23,"specificity":0.8745387453551831,"sensitivity":0.9501915708448202,"val_accuracy":91.16541353383458,"auc":0.9686558934554863,"_step":24,"val_incorrect":47,"train_loss":0.06617744525154944,"val_loss":0.31544095691707397}