{"glioma_train":528,"test_confusion_matrix_table":{"ncols":3,"nrows":4,"_type":"table-file","sha256":"bff68a8d81059051ad4e8dcccc71a5cae756837f8677c7a07a6efc6969934929","size":192,"artifact_path":"wandb-client-artifact://7c53kz8yw2mk13v4t9tzce1quyjl0645dcw464cyypwwyk8dcbdlk3hi3d5ar9eciryooquhi2w8855k4zwj8s5qy1cw56jwo5q2ld3e8vk3pfupn8ira47oeuh8frpx/test_confusion_matrix_table.table.json","_latest_artifact_path":"wandb-client-artifact://m9lq74eoabnukrd59e90pz45wyn33gg7dmca8kml511rlcmxsl28xmqviulkb41nazh1dbee5t9n8v29n805dzsa2h8ttb5uob9l0bzocdczhu5ek8u3q5yydzstv41p:latest/test_confusion_matrix_table.table.json","path":"media/table/test_confusion_matrix_table_21_bff68a8d81059051ad4e.table.json"},"_runtime":212.963027557,"_step":21,"test_total":606,"train_loss":0.06721302222809754,"specificity":0.8446969696649735,"val_loss":0.4470464502416743,"train_samples_used":1600,"test_sensitivity":0.8888888888598402,"test_auc":0.9377777777777778,"_timestamp":1.74976545812934e+09,"meningioma_train":1072,"epoch":21,"test_correct":522,"test_specificity":0.8333333333055555,"test_incorrect":84,"test_accuracy":86.13861386138613,"test_probs_labels":{"_type":"table-file","sha256":"e4288561ae90aaebca45d8e7fed3a8946f7b02ad2dc4f13648c846144d7e4b48","size":15365,"artifact_path":"wandb-client-artifact://58mhd2uddltk450dsn0i6muqcywewvavzlltpm0bz7h9546hvexedwk27mqduyx49jwylmxv9ne9chujxcwo3fr4ar3ijxfvs1aupvl5lcldjm3ug7j95fvxlz15jl25/test_probs_labels.table.json","_latest_artifact_path":"wandb-client-artifact://60qmtdhk74k1qqsosz8cujf0vu5sm5lkg32babnk3txlr3iq647hkt74wddhb3qfp5reese64tvux5urjm6gzm42h7s1gq506tyc7xk28eweeui55czqkosyf0zbh084:latest/test_probs_labels.table.json","path":"media/table/test_probs_labels_21_e4288561ae90aaebca45.table.json","ncols":2,"nrows":606},"_wandb":{"runtime":212},"sensitivity":0.9325842696279931,"val_accuracy":88.88888888888889,"auc":0.9440330268981955,"val_probs_labels":{"size":13425,"artifact_path":"wandb-client-artifact://whf1qg3r5nzj5l1eu6c47a5pn7yl4fykjc7jgqstea1u4abexiwtvvoi9yf96w4xk6az4wtgpwb6yfpmdens0lxs5wb3m6p7hykluv9j1mnmil6afkn8o1jfl6dhtwr6/val_probs_labels.table.json","_latest_artifact_path":"wandb-client-artifact://ub1jdkhv2muexadhmupefpn97lnkhjpzmhd1gy1mnq1c4reyv048at9xzmjsuk5vgjxco30o4pm47xl984ux78sp67qnbgxd05uje8xyorlbs6rhe6lp21tpma7okvap:latest/val_probs_labels.table.json","path":"media/table/val_probs_labels_20_90bbf6763f388c4f0bdd.table.json","ncols":2,"nrows":531,"_type":"table-file","sha256":"90bbf6763f388c4f0bdd6fe74a028888f0487ebde8345414abdf251b16480023"}}