{"test_correct":907,"val_probs_labels":{"_latest_artifact_path":"wandb-client-artifact://73f5l64ojmrozfjrwz34w4yw3xipoizb60g5qrdchy0hcui6p7hqhtuzb1eaz559mrr48phc2zthqhgeqyvr843kv6861vpb6b4ojrp20y83p1zcq9rulgnezu86ko9n:latest/val_probs_labels.table.json","path":"media/table/val_probs_labels_27_0d13a22d1547c3bbba76.table.json","ncols":2,"nrows":851,"_type":"table-file","sha256":"0d13a22d1547c3bbba762ac18eab532c8aa97120fc40ebfc2f3418aeb8e9a6a7","size":22125,"artifact_path":"wandb-client-artifact://ciobrbsjzjl35bckayzns7wfv0z22y1ulzqnk0q9vvvn1cnnx24ib9ciqeuaeep2meyhgug634hrz67xx2dthws9k09h2xf0srxdjxj0zkrsax0zkdc4r6fkxu3vyvy3/val_probs_labels.table.json"},"val_accuracy":94.82961222091657,"test_auc":0.9561748767469339,"test_total":1011,"_wandb":{"runtime":246},"train_loss":0.0432705576531589,"_step":28,"test_specificity":0.9111111110886145,"specificity":0.9387096773890738,"epoch":28,"train_percent_used":0.3,"_runtime":246.03049033,"test_sensitivity":0.8877887788632378,"sensitivity":0.953789279095124,"train_samples_used":1021,"_timestamp":1.7498117694020543e+09,"val_loss":0.20097895711660385,"test_incorrect":104,"test_accuracy":89.7131552917903,"auc":0.982553216862441}