{"train_samples_used":340,"test_correct":874,"train_loss":0.04993665839234988,"epoch":36,"sensitivity":0.9445471349178457,"test_accuracy":86.44906033630069,"test_auc":0.9278653791305057,"_wandb":{"runtime":203},"train_percent_used":0.1,"val_loss":0.34684552252292633,"auc":0.9585206606642418,"test_specificity":0.8765432098549002,"test_sensitivity":0.8564356435502238,"test_incorrect":137,"_runtime":203.355690102,"val_probs_labels":{"sha256":"6fed3899beaef0d520cacb970564bf315f3f0f28cd73cc43c907cd3815a4a8b5","size":22049,"artifact_path":"wandb-client-artifact://0ueqqiwb9hfet0uwlu6vinjlymwqrtycims19ekcdr0x18ysew55evg6k1xyqksuq1hmmujwyrgpzh5tuulri6azsvadu1imyqtfel1vj3xepnoployk1pt0fid9usfp/val_probs_labels.table.json","_latest_artifact_path":"wandb-client-artifact://t5wulc10uv4fv1dyo6tjqmc5uowq9ugkhkb4l0xa33h2w9vgi8d9mt76aowk4wcbnmaiyc2s9h5f87uybtsslszcr2hnsbmfo4ea8cn0nyk9izb4owdxzahdjlk4t3fa:latest/val_probs_labels.table.json","path":"media/table/val_probs_labels_35_6fed3899beaef0d520ca.table.json","ncols":2,"nrows":851,"_type":"table-file"},"test_total":1011,"_timestamp":1.7498081752671933e+09,"val_accuracy":91.7743830787309,"specificity":0.8709677419073881,"_step":36}