{"epoch":30,"auc":0.9954038701770098,"_runtime":547.843399132,"test_auc":0.9928044656317484,"train_samples_used":3191,"test_correct":985,"no_tumor_train":1276,"tumor_train":1915,"_step":30,"val_probs_labels":{"sha256":"fdb2998126e8206e516a8a681da26266ac7843dc8d750b2c62c24a14e2f2710f","size":22141,"artifact_path":"wandb-client-artifact://qvy0yvdshffpdq15qq7tsk52p8vrx8bvlivqwhh02pj8z5cipa9mlhmyqxc538xch87zep3kd13ymkyo5xpiwbiup1ho9rou88ceox5m23kr4lkqrtxyciuzy41no79o/val_probs_labels.table.json","_latest_artifact_path":"wandb-client-artifact://ottgtsrib66zslk8w3lkmpizmjk65zju5ux0bfa2xv40t0yudkbkp8wl8r5hntdlxar23d7x03vcv1z33k2owbe0tpokasr0c9j93vo18ts0exy6sn9uqt02upxzv5fk:latest/val_probs_labels.table.json","path":"media/table/val_probs_labels_29_fdb2998126e8206e516a.table.json","ncols":2,"nrows":851,"_type":"table-file"},"test_sensitivity":0.9653465346375355,"test_incorrect":26,"train_loss":0.030027696555480363,"val_loss":0.11053756784115519,"specificity":0.9968652037305058,"test_specificity":0.9876543209632678,"sensitivity":0.9793233082522683,"test_total":1011,"_wandb":{"runtime":547},"_timestamp":1.7498280801705992e+09,"test_accuracy":97.42828882294758,"val_accuracy":98.58989424206815}