{"specificity":0.9538461538363708,"val_probs_labels":{"_type":"table-file","sha256":"c3ee797c59ea3f7a8f05af14ba22b1637ae1e23b70e6ab0d7c48f2a70167e502","size":66518,"artifact_path":"wandb-client-artifact://1tnh2dds7df7mrzirnwigg7kh7syd7s6qtx4cncj9c0uw2g44esc5jsq5gndshkdq9fu5ns2ln87idq2bcs1p866ord58lxm1rrzm1ovr1itf5qhs1i7pw3cvjo4b2bw/val_probs_labels.table.json","_latest_artifact_path":"wandb-client-artifact://1miazwn9rul22ictc2m0lhqs4y2ndaosnxmd39yy1vig1omyfs01h4mi1er9hmi5j5rgc66mix90ghu5f5z9hgxjzmxjhvawgy0p7vmjj00txdbjsnu8sf4sfox8mz63:latest/val_probs_labels.table.json","path":"media/table/val_probs_labels_33_c3ee797c59ea3f7a8f05.table.json","ncols":2,"nrows":2553},"test_total":1011,"train_percent_used":0.1,"val_loss":0.26251739747822284,"test_sensitivity":0.9257425742421495,"_runtime":554.924023209,"val_accuracy":93.85037211124168,"test_correct":917,"_wandb":{"runtime":554},"test_specificity":0.8790123456573083,"auc":0.9816418055961782,"sensitivity":0.9290240811094486,"_step":34,"test_auc":0.9684594385364462,"epoch":34,"test_accuracy":90.70227497527202,"test_incorrect":94,"_timestamp":1.7493404802531533e+09,"train_samples_used":1021,"train_loss":0.10600638948380947}