{"val_loss":0.1618408230798585,"train_samples_used":2723,"_wandb":{"runtime":393},"auc":0.9881998688211794,"val_probs_labels":{"nrows":851,"_type":"table-file","sha256":"b0810f6e906cab4f4ed962f80e74883a685164de978b8822538afbdfc9cd2e87","size":21907,"artifact_path":"wandb-client-artifact://td4wk0i767s0vo9u2zz0inpafddb76k15mwje2cqg4owfc8t5g6x7h2mn5ww7l35luumixy8iefxft8c92kide59ktnfzgpklrdm8wqkcnubkzra1jygbbw4q8vnf9nr/val_probs_labels.table.json","_latest_artifact_path":"wandb-client-artifact://sv2cxnv8vfet9bh40sht7nacqx0g5kraq2cvjmuyh8h8hbf2c7qeu1h12myms0p0rawzw835xupbud4f7a27y3dns535cvtu1c4qsmhx3cfxzaiibe3hz11c98398r7z:latest/val_probs_labels.table.json","path":"media/table/val_probs_labels_22_b0810f6e906cab4f4ed9.table.json","ncols":2},"_step":23,"_timestamp":1.7497721829531507e+09,"val_accuracy":96.00470035252644,"_runtime":393.078066249,"test_incorrect":58,"test_accuracy":94.26310583580614,"test_correct":953,"specificity":0.9387096773890738,"test_sensitivity":0.9174917491597774,"sensitivity":0.9722735674496807,"epoch":23,"test_total":1011,"test_specificity":0.9802469135560433,"train_loss":0.03905632392376323,"train_percent_used":0.8,"test_auc":0.9828831031251274}