{"val_accuracy":95.53466509988249,"_timestamp":1.7497650799464777e+09,"test_sensitivity":0.9026402640115075,"auc":0.9844761791187169,"test_correct":937,"_step":39,"train_loss":0.030741612003608185,"val_probs_labels":{"ncols":2,"nrows":851,"_type":"table-file","sha256":"bfc0c77bc352268da0348fb47c838c333bca31517e758ea04fabe3c7fdd47f36","size":21843,"artifact_path":"wandb-client-artifact://022s18aknnyflgggdjvgzb6fl598b42hf0i6bde5eq09y1h5d93istiad6bmdz6k3sm29zbgcguysalda9vd80xu5wqk395b6y5iocunx1dw06of9q7jn5kygt5zwpm1/val_probs_labels.table.json","_latest_artifact_path":"wandb-client-artifact://e0cpautgxr5gfjbga4h8sqck27ngdhyowr71uhfql0k2vic3qh4bt4wkzcgoxzei38rzgqzkegw87h5sv2g248ox0qs5c4vqw6fn2k72x2e454sfcbs8j50hi30xgmrp:latest/val_probs_labels.table.json","path":"media/table/val_probs_labels_38_bfc0c77bc352268da034.table.json"},"_runtime":388.284013514,"test_accuracy":92.68051434223541,"test_specificity":0.962962962939186,"test_total":1011,"sensitivity":0.9556377079305797,"train_samples_used":1361,"epoch":39,"test_incorrect":74,"_wandb":{"runtime":388},"train_percent_used":0.4,"val_loss":0.23856885305472783,"test_auc":0.9839098724687285,"specificity":0.9548387096466181}