{"test_correct":961,"_timestamp":1.7493196252125309e+09,"_runtime":1194.60397276,"val_probs_labels":{"artifact_path":"wandb-client-artifact://bpwicrcvw08fa2hu0vux8gf3zr4cspvhfw191hbc5hrpdfa4qeszestkjnkjzozf7usak4v3i1a9dcwtwmjtweqof7m6kr737gdbqtbdn2ddag45z4ks8duj0188vs4r/val_probs_labels.table.json","_latest_artifact_path":"wandb-client-artifact://7i76s1zw4ocs905i2xcspnsn9e36q4dq9eyyixjnf90ruboyky3foejaub3po4cu7am7307kai99gyeeozxha7as06v0g21vtfxda2d8dcxeybotz05r4h6j6mtcssgn:latest/val_probs_labels.table.json","path":"media/table/val_probs_labels_44_9458edb99da9c1175038.table.json","ncols":2,"nrows":2553,"_type":"table-file","sha256":"9458edb99da9c11750389ce04c1d8ca79e4b1fe0cdd41f5048f9750015209093","size":65914},"_step":45,"test_sensitivity":0.9504950494892658,"train_loss":0.0307743928860873,"test_auc":0.9853114941123743,"val_accuracy":96.20054837446142,"test_total":1011,"sensitivity":0.9657794676744882,"_wandb":{"runtime":1194},"specificity":0.9558974358876318,"train_percent_used":0.2,"test_accuracy":95.0544015825915,"auc":0.9901816645542881,"train_samples_used":2042,"epoch":45,"test_specificity":0.9506172839271453,"test_incorrect":50,"val_loss":0.13832963490858674}