{"_wandb":{"runtime":251},"no_tumor_train":1276,"auc":0.9895821057345559,"_runtime":251.140658254,"_timestamp":1.7498311541614077e+09,"train_samples_used":1701,"val_loss":0.14572752054248536,"test_specificity":0.9234567901006554,"sensitivity":0.9548872180271638,"test_sensitivity":0.8646864686325959,"test_correct":898,"test_auc":0.9446929878173003,"specificity":0.9623824451108971,"val_accuracy":95.76968272620446,"test_total":1011,"val_probs_labels":{"size":22014,"artifact_path":"wandb-client-artifact://1f5zv9s75lktllr3af7vnvpozu9mbx94nmdchp6alzj9z764j9tne8oykxmxwou0o6270hfa21pc8y3fiippqs49g6u2upsmht0tyqzhn7t0tcchiy2g6oygy5jqxwl1/val_probs_labels.table.json","_latest_artifact_path":"wandb-client-artifact://l8h4v97y85cki35j7b01cfa8gx0y1smaw7n2tie7pgkl0tmxb7vu89ieltmqkzg8wf7wchhpshq6552ichhmk2ouqyivgujb5dmim9zrt4kvdkg2gjrqh8lb5apcnsou:latest/val_probs_labels.table.json","path":"media/table/val_probs_labels_22_abb77f02dac8ef9432e4.table.json","ncols":2,"nrows":851,"_type":"table-file","sha256":"abb77f02dac8ef9432e4c22fb2532cdf5470f5ad345fb36971e18a75a60bd36b"},"_step":23,"epoch":23,"train_loss":0.12350474883403097,"tumor_train":425,"test_accuracy":88.82294757665677,"test_incorrect":113}