{"test_sensitivity":0.8597359735831727,"auc":0.9869894171164589,"_runtime":154.900181794,"sensitivity":0.937969924794399,"test_total":1011,"val_loss":0.27646290617329733,"test_correct":872,"train_samples_used":1488,"test_incorrect":139,"train_loss":0.08945163836081822,"test_specificity":0.8666666666452675,"test_accuracy":86.25123639960435,"test_auc":0.9291529152915292,"val_probs_labels":{"nrows":851,"_type":"table-file","sha256":"440ad771b48b8e2a742b3362b5c30f63e63e17ef3abe6369dd6f85b0dc30fb14","size":22176,"artifact_path":"wandb-client-artifact://vy26bsf5s4ax9g7uz4l0thrmq8e9yspr9h182994kcycgck5bmwsl9bq4ftcs20ylpl2jj0z9gcrzehcycac8h9f8bc7lz2pe59pfglaevi3dz28lv8aypowflaan5u8/val_probs_labels.table.json","_latest_artifact_path":"wandb-client-artifact://8fbh41930xgeaf50wi3qv93qpl30shuau8yo3c68flqfhif35ewp6zn7xbk07w7xs30sluov1psac3xd5qlrp0c1ywjooj1cn4kk2ffcpuvpax5ol1yxwl0dkihgrl3h:latest/val_probs_labels.table.json","path":"media/table/val_probs_labels_15_440ad771b48b8e2a742b.table.json","ncols":2},"_wandb":{"runtime":154},"_step":16,"epoch":16,"no_tumor_train":1276,"specificity":0.9843260187779208,"val_accuracy":95.53466509988249,"_timestamp":1.749836506703432e+09,"tumor_train":212}