{"val_probs_labels":{"nrows":851,"_type":"table-file","sha256":"ec6a501bca21ffcc85dd9a90336df27fa773ddd69ad0dde39c285241cb4c0244","size":22180,"artifact_path":"wandb-client-artifact://3xxd8261is7puqgqajw9ir83zcil08oz6tfcs6h9dkestzxw9gzhcajgoe3r2yqya9vocem0xc2scovktvdsc968qytdk33ezmlr7yenggk06all8td8qaqor6g2eg88/val_probs_labels.table.json","_latest_artifact_path":"wandb-client-artifact://g0h8v3u28x6vtd0gnb4wios9byi0pajgckb74xn22csk82y9344xby10mujpf0p9io8o2z3pzddphddollh4r88nbvlmc0vy051zhhs6h68szuxjfr4y0ph71bs7o4l9:latest/val_probs_labels.table.json","path":"media/table/val_probs_labels_23_ec6a501bca21ffcc85dd.table.json","ncols":2},"test_specificity":0.9753086419512269,"_timestamp":1.7504178207139962e+09,"sensitivity":0.9680451127637585,"test_correct":958,"test_incorrect":53,"_runtime":417.380157618,"train_samples_used":2978,"no_tumor_train":1276,"test_total":1011,"test_accuracy":94.75766567754698,"test_sensitivity":0.9290429042750983,"tumor_train":1702,"val_accuracy":97.88484136310224,"_wandb":{"runtime":417},"val_loss":0.08434490646634783,"specificity":0.9968652037305058,"epoch":24,"auc":0.9951563862634643,"train_loss":0.07203483294385175,"test_auc":0.9828382838283828,"_step":24}