{"sensitivity":0.9408502772469344,"specificity":0.9258064515830384,"_timestamp":1.7485600131205816e+09,"train_loss":0.028073689725715667,"train_samples_used":1021,"val_loss":0.29905514419078827,"best_model_path":"Checkpoints/Messungen-noTu-Tu/trainsample_1021/best_model.pt","_wandb":{"runtime":212},"val_correct":796,"checkpoint_path":"Checkpoints/Messungen-noTu-Tu/trainsample_1021/checkpoint_epoch_030.pt","_runtime":212.952686566,"_step":52,"val_probs_labels":{"_type":"table-file","sha256":"901cf2152a644952facbe3da755f8866b2b0c1ab4d46c12ad0719115b7897428","size":21475,"artifact_path":"wandb-client-artifact://9ibzun3ef32kaj81vqsdji66aezpjujfgvc5q4m9zaojzg2nasbrh7gfp6f7b1z1mgczwf98dbse7glzuvvcjeix8fkbg6lstfc4x9ryk68tsro2y0xsr2t8hf9jlk13/val_probs_labels.table.json","_latest_artifact_path":"wandb-client-artifact://q45w14cj96oh7f0h8oc2uohbwjpcprhdwmnrnsfb0m9k672ydzz24ndbfulut542uqhaywsrp0h0etz7rrg4es7mfb1aozyqly5cr11nqh7y87dx4jx043xq4vq67kx9:latest/val_probs_labels.table.json","path":"media/table/val_probs_labels_52_901cf2152a644952facb.table.json","ncols":2,"nrows":851},"val_accuracy":93.53701527614571,"auc":0.9801860354182816,"val_total":851,"val_incorrect":55,"epoch":35}