{"test_total":1011,"epoch":25,"_wandb":{"runtime":929},"sensitivity":0.9727503168506163,"val_probs_labels":{"_type":"table-file","sha256":"b88bdb13cfc439b5c5ab22b4beb1ea4b5188687a810ffef2de9bc44132cad9b0","size":66347,"artifact_path":"wandb-client-artifact://o8x33jc45pko4klwtxyr1nrmcver36s2bsmpw8ddm1mycn54kp9wntcl79acdi1xzmhwneyu28tocs14hpof4uzj3lxr2g63g51g1tg7bo9ptcxe9aserrbz9jrful46/val_probs_labels.table.json","_latest_artifact_path":"wandb-client-artifact://mz8q7f6lf7ho9lrj28tj9h9ngpr524gwypvurbeq4vw7fykzu24ijzlg1l28anp6savjhhgu1r2tmuop9qo6yd77h5pxjn5il869mmhdobmnv8nuc23mmir17ngj9w8k:latest/val_probs_labels.table.json","path":"media/table/val_probs_labels_24_b88bdb13cfc439b5c5ab.table.json","ncols":2,"nrows":2553},"test_specificity":0.962962962939186,"train_loss":0.028628707717871293,"test_auc":0.9918510369555474,"train_samples_used":4084,"_step":25,"test_accuracy":95.84569732937686,"specificity":0.978461538451503,"test_correct":969,"_runtime":929.053910464,"auc":0.9944753176692339,"train_percent_used":0.4,"val_loss":0.09550972925499082,"_timestamp":1.749507469218019e+09,"val_accuracy":97.49314531923228,"test_incorrect":42,"test_sensitivity":0.955445544538689}