{"test_correct":955,"auc":0.992361815037863,"train_percent_used":0.9,"_runtime":502.018287371,"_wandb":{"runtime":502},"test_total":1011,"test_incorrect":56,"epoch":27,"test_accuracy":94.46092977250248,"sensitivity":0.9741219962851364,"_timestamp":1.7498052745322316e+09,"test_sensitivity":0.9290429042750983,"train_loss":0.0381814013235271,"val_probs_labels":{"size":22082,"artifact_path":"wandb-client-artifact://m61pp4elacdmkrq8wavq3evjzucug5elt7tan27rnn3btqbwivl8zzvokd4msg39mq0th51bq9ledca1wffi49ts71ve2xwoyjh1cuoz9vnm06clq7jau69syus4il89/val_probs_labels.table.json","_latest_artifact_path":"wandb-client-artifact://iuvyiwiobi4diehgay9be286t5pyn3kgqiwsputs36vvnsk85v8nxq97ixi2f2sc06wc074vb65lfy6sbrwofzf2mk4s5o3142epj94c9azpmxfhnj8nn6pvtinoubxb:latest/val_probs_labels.table.json","path":"media/table/val_probs_labels_26_20ef26a2a8a842df3a5d.table.json","ncols":2,"nrows":851,"_type":"table-file","sha256":"20ef26a2a8a842df3a5d1c2b559101118216593afc5b143e63f3c677c17864a1"},"val_loss":0.1376193410583905,"test_auc":0.9854541009656521,"test_specificity":0.9679012345440025,"train_samples_used":3063,"_step":27,"val_accuracy":95.88719153936546,"specificity":0.9322580644860562}