{"val_correct":541,"_wandb":{"runtime":192},"checkpoint_path":"Checkpoints/Hyperparametersuch-noTu-T/rose-sweep-28/checkpoint_epoch_010.pt","specificity":0,"val_probs_labels":{"nrows":851,"_type":"table-file","sha256":"08a2e9b682852acd95be171f6912147b0fa6e0daca3ad84af24c902d11fb0680","size":21315,"artifact_path":"wandb-client-artifact://hwq79s6zgggjwt55u7baufqikxprml7un4rc2uisbkcwr1iqe3kctsaw04x8u7qduvnrpy0k3mkmtr04kf6l3sqj1ezi1y62j87494wro1f6zyvyliiic4o6993nqkiq/val_probs_labels.table.json","_latest_artifact_path":"wandb-client-artifact://f9d3hpagili1rkks61rbun123x6v3h8ioibtysnfp43bvt7uz6lx7ev10c4137mob1ud77zenpyex0cm1ar7py2bcmy08u464926rw7q3nj2nix0b772i3zpu3cxuw1e:latest/val_probs_labels.table.json","path":"media/table/val_probs_labels_14_08a2e9b682852acd95be.table.json","ncols":2},"train_samples_used":3404,"val_loss":0.6563914087083604,"val_total":851,"sensitivity":0.9999999999815157,"val_accuracy":63.572267920094006,"_runtime":192.94918992,"epoch":14,"auc":0.5,"val_incorrect":310,"_step":14,"_timestamp":1.7480401195001774e+09,"train_loss":0.6638651506923069}