{"auc":0.9961619706866855,"test_sensitivity":0.9702970296869587,"train_percent_used":0.6,"test_specificity":0.9851851851608596,"val_probs_labels":{"nrows":2553,"_type":"table-file","sha256":"e053248269ea0587c25762a0c8fed2c02056fc4184f4ac8955167f5df502e962","size":61798,"artifact_path":"wandb-client-artifact://va4fdje3ailw9lbaryht9aqu2qq72066p1kclwwydn39or2q1okhwvpuejkj6wpuaec0xs66igba1imdi8aczrho9ca816limhc3y2zxl27q6mi63gj67nf82q5qdksg/val_probs_labels.table.json","_latest_artifact_path":"wandb-client-artifact://rh0v5kzkah665ft1f2kz55p2a0itc4h1jwfr5j0u40kxp2f87qvajmdg6q30ne9pr75qp4n4m8wkyaaoxwt41eow9fmk4w6xs8rjqwf1emz3uhc5ps7x456m0axm4pa2:latest/val_probs_labels.table.json","path":"media/table/val_probs_labels_30_e053248269ea0587c257.table.json","ncols":2},"test_auc":0.9950739518396283,"_runtime":1149.558680739,"sensitivity":0.9911280101331361,"test_incorrect":24,"test_correct":987,"val_loss":0.10023749703541399,"train_loss":0.036099463080366455,"val_accuracy":97.45397571484527,"_wandb":{"runtime":1149},"test_accuracy":97.62611275964392,"_timestamp":1.7494645559251037e+09,"specificity":0.9476923076825877,"test_total":1011,"_step":31,"train_samples_used":6127,"epoch":31}