{"checkpoint_path":"Checkpoints/Messungen-noTu-Tu/trainsample_681/checkpoint_epoch_020.pt","val_accuracy":91.53936545240893,"val_total":851,"val_incorrect":72,"_step":37,"auc":0.9719038817005545,"_runtime":128.394689985,"best_model_path":"Checkpoints/Messungen-noTu-Tu/trainsample_681/best_model.pt","_wandb":{"runtime":128},"specificity":0.8064516128772112,"train_loss":0.09578208563228448,"val_probs_labels":{"ncols":2,"nrows":851,"_type":"table-file","sha256":"77988a505d076d82503fc761ba8e381ceb9f816ff96eeb86c04d471a85ca49b9","size":21845,"artifact_path":"wandb-client-artifact://77ohhdjz0346dp28wh6fdor5vki6v1db4cr1i1t88e6n8rkh38uklwyrx5o565kriasoshv32o9h8eibihfwx6ga2qp6uo4r6vcxe88rrimeqiisi4aj72x2axelh1zw/val_probs_labels.table.json","_latest_artifact_path":"wandb-client-artifact://af06ks3axqk5wxt0rfswv5ibd77zu4d1s5ousfttfntb6duoc3seyis1hji4t65465idc27fh7we0azfou4qbqpzzurgjdv18w6frdi439bwp8rkzsn3wzlf4pdqgeor:latest/val_probs_labels.table.json","path":"media/table/val_probs_labels_37_77988a505d076d82503f.table.json"},"_timestamp":1.7485566308866518e+09,"epoch":26,"train_samples_used":681,"val_loss":0.24020288565329143,"sensitivity":0.9778188539560477,"val_correct":779}