{"test_correct":944,"test_incorrect":67,"train_loss":0.03234382908392165,"specificity":0.9580645160981269,"val_loss":0.19709069547908648,"val_accuracy":96.12220916568742,"sensitivity":0.9630314232724023,"_timestamp":1.7498112105099463e+09,"_step":31,"test_total":1011,"test_auc":0.9740618506295073,"_wandb":{"runtime":355},"test_specificity":0.9654320987415943,"test_sensitivity":0.9125412541103541,"test_accuracy":93.3728981206726,"train_percent_used":0.5,"_runtime":355.249346214,"val_probs_labels":{"path":"media/table/val_probs_labels_30_c333667157a7324e8e0a.table.json","ncols":2,"nrows":851,"_type":"table-file","sha256":"c333667157a7324e8e0a691b811c3eae95416cb7e3e20e6f35f0e2bb50bd6b1f","size":22006,"artifact_path":"wandb-client-artifact://rav0uxwrq85dsp50rw5ujiwg394se8601kaoiw6xiq1j4vqkmrv2xdwysyun2px2bmpg6epg35e8jsaz6p5wm3ch2tud2a3uoe9s6kz64hon1bqdbu3gd6t7ucns04pb/val_probs_labels.table.json","_latest_artifact_path":"wandb-client-artifact://nej5ln0rvs5vz698vw59dj2v222lqwdc0h8evo929dhtsyk7xkvgtxmo9m3nocxiaaqixvhjuf9e1jew08k47pn7aq0ytmp6titc2lf0i3cpvtzvs0zw8f8eym4s8wnk:latest/val_probs_labels.table.json"},"train_samples_used":1702,"auc":0.9863156639437123,"epoch":31}