{"val_incorrect":66,"auc":0.9752250909307734,"_step":37,"train_samples_used":681,"epoch":26,"specificity":0.832258064489282,"val_probs_labels":{"ncols":2,"nrows":851,"_type":"table-file","sha256":"2477666360a6c475841304174b15c96c9df4f583052755b275cb7690adbd5053","size":21917,"artifact_path":"wandb-client-artifact://beho5kj2c1305bl9gkg64mdb5y6qo8c9s8oicmy5q8qjzbonn2fvupsafyz674yifabr3vyy2uk04mix2vg9u37bk4gcydojvvbt9tth7ir7gzez1gv8xl650pvof975/val_probs_labels.table.json","_latest_artifact_path":"wandb-client-artifact://czeytuoj00bbl1nrjka5284qu182yqgv94yb7ali0wb12ug0o0fc8ix7mayzal4faxbcspc0dzfxjf5jk946p9bojjvlpyh18hsc4jrbuip78eh9cgv9qu8lit84cirj:latest/val_probs_labels.table.json","path":"media/table/val_probs_labels_37_2477666360a6c4758413.table.json"},"val_correct":785,"best_model_path":"Checkpoints/Messungen-noTu-Tu/trainsample_681/best_model.pt","sensitivity":0.9741219962851364,"checkpoint_path":"Checkpoints/Messungen-noTu-Tu/trainsample_681/checkpoint_epoch_020.pt","val_total":851,"val_loss":0.24036715073244913,"val_accuracy":92.24441833137486,"_runtime":129.100472702,"_wandb":{"runtime":129},"train_loss":0.08733484831949075,"_timestamp":1.748650004735834e+09}