{"best_model_path":"Checkpoints/Messungen-Gli-Men/trainsample_426/best_model.pt","val_probs_labels":{"artifact_path":"wandb-client-artifact://zx22b1jf9ccx04242o3egnlhfphf394ymagk284a10i9ny6ge0kly54yxxc1qcvco5r0no8rybq6oz7igu0tfr3e0x770mya4s3ig0ozegys6c8h20v9cjdpnfdh5cw2/val_probs_labels.table.json","_latest_artifact_path":"wandb-client-artifact://0mwuubijlth8yegcncnz682dhknpxce14q1mfvv1ljy6zt2p9lrxqjy2jsdn7ddxi7x3l9bs849ff60i6mn17xbtdfyzclum8u9tdlhdvddkun05bid9y4amluweb5v9:latest/val_probs_labels.table.json","path":"media/table/val_probs_labels_41_e571a99c69ab9496ab29.table.json","ncols":2,"nrows":532,"_type":"table-file","sha256":"e571a99c69ab9496ab29f2d3ca19873281032a1c6c65c873e5f79d8f40aa19c3","size":13678},"_wandb":{"runtime":94},"val_incorrect":139,"val_accuracy":73.87218045112782,"_runtime":94.776972924,"val_total":532,"auc":0.8871499059818185,"train_loss":0.380899153649807,"val_correct":393,"_timestamp":1.748678661925607e+09,"val_loss":0.521143102645874,"epoch":28,"specificity":0.9630996309607712,"train_samples_used":426,"checkpoint_path":"Checkpoints/Messungen-Gli-Men/trainsample_426/checkpoint_epoch_020.pt","_step":41,"sensitivity":0.5057471264174043}