{"auc":0.9029480195210532,"train_loss":0.05575923245192531,"_timestamp":1.7495003153139207e+09,"specificity":0.5719696969480315,"_step":21,"train_samples_used":1177,"glioma_train":105,"epoch":21,"sensitivity":0.9925093632587075,"test_total":606,"val_probs_labels":{"nrows":531,"_type":"table-file","sha256":"8ad23a182f038d5f4f8d13a8bdcbdaee12a8467249e164dbb114fb8e0f1528ea","size":12902,"artifact_path":"wandb-client-artifact://qdp56m8tj33ut9zvqrlqrhmwb902w9yonu7jobpkv8lm306tg7q1s8g562fecajafnhf09frhlyq01bxecenjwzneeiiq43u8v4p6efm8syzieuq6h6hldhf0g41jcfk/val_probs_labels.table.json","_latest_artifact_path":"wandb-client-artifact://lqvz24pjqsplfqtvz08ljtnvjtt39acx1a4a96m8fm60hdi0kvrs27f61jui9o2nu6h0ckebzlcc1waib20olig8qq20nkd9mowzqnzxorqlzn492smx4e3in77q631s:latest/val_probs_labels.table.json","path":"media/table/val_probs_labels_20_8ad23a182f038d5f4f8d.table.json","ncols":2},"meningioma_train":1072,"val_loss":1.0201993078431661,"test_accuracy":77.88778877887789,"test_correct":472,"test_sensitivity":0.9640522875501943,"test_auc":0.9000544662309369,"test_specificity":0.5899999999803334,"_runtime":300.503079067,"test_incorrect":134,"_wandb":{"runtime":300},"test_probs_labels":{"_latest_artifact_path":"wandb-client-artifact://8zzovwjhov5ol9edg5gfcrutc0aa92r1vm626nj5vejj183w42cuf8rbyfm5gxvleirdpbsmm0ig0chdsi83q4g68sb7joz2n30apt0u69pcgolsbbiqg8rnwkl82jn7:latest/test_probs_labels.table.json","path":"media/table/test_probs_labels_21_bdabe9c5098436b3f42d.table.json","ncols":2,"nrows":606,"_type":"table-file","sha256":"bdabe9c5098436b3f42ded11217f421953e3c68ab6c001fefc66575996364431","size":14615,"artifact_path":"wandb-client-artifact://jq214j6lv3zomkbhyc1rbxti7mtnrprh6eag8iu4ofvk49io6h0mvyh8h6mflw23fydok8g4ovek5uqwjdvt4sm3mxo4iomzcsyk2vxki6ar1b9e944s12q6zfztuzmw/test_probs_labels.table.json"},"val_accuracy":78.3427495291902,"test_confusion_matrix_table":{"sha256":"113c8aed1c1fe5b048c22648bb62e016b2242ded4595f22b44d3c1ebcd49d9cd","size":193,"artifact_path":"wandb-client-artifact://sb2dd5tud2nlxjht1vu7nyb3fab7zke7ouw3awr4bjwnkd9wpt12s3tons3m2r5mhrw5cn3e03aos0yjd8qpna8l5reh6n53vue5n8c5ozjqs2wr9c2tadnq9enlhmk7/test_confusion_matrix_table.table.json","_latest_artifact_path":"wandb-client-artifact://7ngzvt8acm2fjy1fnfb4ce3lml61e44xvlesh1jr0573smdgfs11oz83nxwd22x8znvuikj2387135lxrxraml9u9v0wn3bllpl6m4gd7d7yfy3t3bgn5anwtop8uglk:latest/test_confusion_matrix_table.table.json","path":"media/table/test_confusion_matrix_table_21_113c8aed1c1fe5b048c2.table.json","ncols":3,"nrows":4,"_type":"table-file"}}