{"train_loss":0.011613252141547424,"_timestamp":1.7480874424572184e+09,"val_total":851,"train_samples_used":3404,"val_probs_labels":{"path":"media/table/val_probs_labels_39_edf07d79353ea180e06f.table.json","ncols":2,"nrows":851,"_type":"table-file","sha256":"edf07d79353ea180e06f1fc34adc2cf4846a74f54cc671acb0a606c1618cac00","size":20594,"artifact_path":"wandb-client-artifact://8c8iqa89l8l7jfjbdz10ukkhfyqo2m2tgkd0q4lncyq3be1b5p3l49adhi521rcaz5hlx5ott5wtj4u44gkvwudn94g95667aahi1rddgf3wy14tb1ackhp51owftwko/val_probs_labels.table.json","_latest_artifact_path":"wandb-client-artifact://p2ey6zpf7vxtjstfkv5b2278t1wjn586q053khltq656vk494p2gdb1t0eu2uebjrln2bw0o2yzn1wu871x0yfbbh1ilygdig0zpnjcx0o0bilxbu1oc7uybifthxsma:latest/val_probs_labels.table.json"},"_step":39,"epoch":37,"val_accuracy":98.00235017626322,"val_correct":834,"auc":0.9975672291455489,"sensitivity":0.987060998133326,"specificity":0.9677419354526534,"_wandb":{"runtime":501},"_runtime":501.863962294,"checkpoint_path":"Checkpoints/Hyperparametersuch-noTu-T/lunar-sweep-81/checkpoint_epoch_030.pt","val_incorrect":17,"val_loss":0.0736718074019466}