{"val_probs_labels":{"size":65755,"artifact_path":"wandb-client-artifact://ej7dlgrw44baxm2i77da2kd0yqp0sbqnd0tihsm9cocbx4zakbdeatn4htaty4ec12xze5jvczch20z853fbf5s8x2yylqufug9hqkc929olf7nzx20pl5r8z3vjz43e/val_probs_labels.table.json","_latest_artifact_path":"wandb-client-artifact://pk134145lk6uj3nkdqhcyw6w5x7x43jmo8t20bd9pzojfpxj8m4do3fxayi4snp5mymqrg9tj5xs22pz676tpkvr10o2i6eegw1qzotik8959852tkf56bsp88uvj8ws:latest/val_probs_labels.table.json","path":"media/table/val_probs_labels_22_7d7268b7563740a7d1b3.table.json","ncols":2,"nrows":2553,"_type":"table-file","sha256":"7d7268b7563740a7d1b3f63f62ed99324b0b896572dc99d38450982a8f306f3b"},"_step":23,"_wandb":{"runtime":884},"test_auc":0.9883347594018661,"_timestamp":1.7493385783692377e+09,"test_specificity":0.9679012345440025,"val_loss":0.12565469108521937,"epoch":23,"auc":0.9925293295635501,"test_sensitivity":0.9405940593904192,"train_percent_used":0.3,"test_accuracy":95.15331355093967,"train_loss":0.053389917903890215,"train_samples_used":3063,"specificity":0.9630769230670454,"test_correct":962,"_runtime":884.149038989,"sensitivity":0.9714828897276839,"test_incorrect":49,"test_total":1011,"val_accuracy":96.82726204465335}