{"test_total":1011,"test_specificity":0.9827160493584515,"test_sensitivity":0.8960396039456099,"train_samples_used":1914,"val_accuracy":95.76968272620446,"auc":0.9943078699884508,"_step":39,"sensitivity":0.937969924794399,"no_tumor_train":1276,"test_accuracy":93.07616221562809,"val_probs_labels":{"_type":"table-file","sha256":"49f5d0d5cb4bd4da6be681335415e260413772a0d5d07b42647e70b30f2da44d","size":22275,"artifact_path":"wandb-client-artifact://j41ofsbzxdphfzg2lu3xxz1c3mv8pw80000cenyqe8xf6h71j92tzktlo2ymzl3zsbpa5o6yepnsymyzfdz3uq9ph073e0yqcks7p7ho6aowzli7rrvr3wfa8nt8fnsq/val_probs_labels.table.json","_latest_artifact_path":"wandb-client-artifact://yxmv159glorhwcqgg21rlule2aquo2aej6114ge2sjgbwcukxx329ow8yur4qvwhfrq8n8y1zziz78wcytguxp3gql7jaqtdmg469qg170wczotbn7qgplkf1s5il5ky:latest/val_probs_labels.table.json","path":"media/table/val_probs_labels_38_49f5d0d5cb4bd4da6be6.table.json","ncols":2,"nrows":851},"tumor_train":638,"test_incorrect":70,"val_loss":0.2649307687367712,"_runtime":439.32706707,"test_correct":941,"_wandb":{"runtime":439},"_timestamp":1.7504631565190609e+09,"train_loss":0.027149585774168372,"epoch":39,"specificity":0.9905956112542132,"test_auc":0.970635211669315}