{"val_loss":0.13708135272775376,"test_correct":984,"test_accuracy":97.3293768545994,"specificity":0.9677419354526534,"_wandb":{"runtime":883},"auc":0.9936259018543916,"val_accuracy":97.06227967097533,"train_samples_used":3404,"test_auc":0.9956851240679623,"test_total":1011,"_runtime":883.323467733,"sensitivity":0.9722735674496807,"val_probs_labels":{"size":21509,"artifact_path":"wandb-client-artifact://bcsd2bkepxw2elss3zndvuh6qm99cp6rggmy87vx0b3wletj9s115mukr7pnujgsr57o017s3noulvdu5rpqwlyoy97vfhdvliutmamjcayq0uexou22578ziao6f1pd/val_probs_labels.table.json","_latest_artifact_path":"wandb-client-artifact://t87eqlccq7rwqr3sek6ylqn6grfi44cajf1dathe8dvsxun6levne04ixkhda7hhlzq8tr27q5e6addzvewb6192kpqb8mwxifdx0200rhdhhu5hyzbqcc92hpiy1dbk:latest/val_probs_labels.table.json","path":"media/table/val_probs_labels_44_530949f2091935e9e441.table.json","ncols":2,"nrows":851,"_type":"table-file","sha256":"530949f2091935e9e4415bcfc5365f909867d5d519ac21947772637f4eeb9968"},"train_percent_used":1,"test_specificity":0.9925925925680841,"train_loss":0.024432906980143377,"epoch":45,"_timestamp":1.7497669078895407e+09,"_step":45,"test_incorrect":27,"test_sensitivity":0.9603960395881123}