{"specificity":0.944649446459607,"val_total":532,"sensitivity":0.7011494252604923,"_runtime":427.593067267,"_timestamp":1.7481311220348608e+09,"epoch":45,"val_loss":0.3933712005615234,"_wandb":{"runtime":427},"val_incorrect":93,"train_loss":0.3562392837861005,"auc":0.928729976954942,"val_accuracy":82.5187969924812,"val_probs_labels":{"_type":"table-file","sha256":"b1429328df61814aebcf79790a4c811da460de011e2e9f471c50b246e00cd492","size":13543,"artifact_path":"wandb-client-artifact://llgnnp7o0elwj4p7aju9baf9mqn6w0hacwi5qg46impwn7jyn9v6djuxpsvzhm37so687xia98nk1r58n6fjl4ka5kivxghsm7e91d6ib4miw4j6733y6ysj067r4go6/val_probs_labels.table.json","_latest_artifact_path":"wandb-client-artifact://po3xk6k24qywk9fbsikjru0ssscp0wazcbh8nkcfoan61an4mi58kjbahk582fct611ejmldp9icaklzquxxozphzlyn0vwn9mfyu4ldtfo3ayvhalq9zkvcl7iinpiz:latest/val_probs_labels.table.json","path":"media/table/val_probs_labels_48_b1429328df61814aebcf.table.json","ncols":2,"nrows":532},"_step":48,"train_samples_used":2128,"checkpoint_path":"Checkpoints/Hyperparametersuch-Gli-Men/royal-sweep-88/checkpoint_epoch_040.pt","val_correct":439}