{"_timestamp":1.7480981662194805e+09,"val_correct":828,"_runtime":1078.95959968,"_step":85,"train_loss":0.02051144303684985,"_wandb":{"runtime":1078},"val_accuracy":97.2972972972973,"auc":0.9949138393655714,"val_probs_labels":{"sha256":"d9b3b19a3b626240236e82cd7b1418ebc220b05b7174c9332681fe9c1fd17fa5","size":22162,"artifact_path":"wandb-client-artifact://h59bzlvra4sryl30w7fl7gqs9ol3h25ca4ejyrnir6y72onr4lh4iw6mfzu83q7a4vx3edlyensv6ewjo1a0m0imd7r3nms8gwy12766f31gx26o4nh9vbf0faerirn2/val_probs_labels.table.json","_latest_artifact_path":"wandb-client-artifact://5b57ymwplwhs8zdi8eiuexfivh39h784x7t7uy0h3t0h5ftcvtgcyfg37iwfl09ecr5xiw02n2yjit9sfttb5u1k9xkdrke30ivw68nmdrakvuthecgy14jvp55li5u7:latest/val_probs_labels.table.json","path":"media/table/val_probs_labels_85_d9b3b19a3b626240236e.table.json","ncols":2,"nrows":851,"_type":"table-file"},"specificity":0.9838709677101977,"val_incorrect":23,"sensitivity":0.9667282809433136,"epoch":79,"train_samples_used":3404,"val_total":851,"val_loss":0.10214780643582344,"checkpoint_path":"Checkpoints/Hyperparametersuch-noTu-T/hopeful-sweep-99/checkpoint_epoch_070.pt"}