{"specificity":0.9096774193254943,"train_samples_used":1702,"_timestamp":1.7485530957858987e+09,"_runtime":307.206217603,"_step":43,"best_model_path":"Checkpoints/Messungen-noTu-Tu/trainsample_1702/best_model.pt","val_total":851,"epoch":31,"train_loss":0.03279997039187167,"val_probs_labels":{"nrows":851,"_type":"table-file","sha256":"b284ae5074ab4573c4a65ff395999244af27210ff2c6c3cbef99fe2667e8582d","size":21924,"artifact_path":"wandb-client-artifact://6lci4iv3fqbg145ksj29iqukhol996zn0wf7kow6uw5vkqm1sfgxpysrb2uitd142gtx06v5itv6g0zl4fy8akfvcrmo7jgw81peru7z46s101d8uheefz0hrb66ajbt/val_probs_labels.table.json","_latest_artifact_path":"wandb-client-artifact://5iuzbu61d95ixobkrbrpshwny4m50rbxkbnas8dzwrji7nn9mo5vzwv6ky3t31i4ryvvvksgjfhbga48dcvma5vnl97z7465yren3kq6ic2ym5a5cbspigbq3n5cyjde:latest/val_probs_labels.table.json","path":"media/table/val_probs_labels_43_b284ae5074ab4573c4a6.table.json","ncols":2},"checkpoint_path":"Checkpoints/Messungen-noTu-Tu/trainsample_1702/checkpoint_epoch_030.pt","auc":0.9867747898157534,"_wandb":{"runtime":307},"val_correct":809,"sensitivity":0.9741219962851364,"val_incorrect":42,"val_loss":0.20324366007532393,"val_accuracy":95.06462984723855}