{"val_probs_labels":{"ncols":2,"nrows":532,"_type":"table-file","sha256":"029ab3b89df977cc84129d704385acf4e5a49ff9f262d52dceea90da02456656","size":13511,"artifact_path":"wandb-client-artifact://u6z5aj21tkj0mkcmftzqyj51gf2yhnc82nizh7jbx229qs3e0kzdb27mcz3mmcfo97a1c0hlbmrb8be9yheyuifztc8y1pfv9z051nr2tc8758h7lcbcftqsutm8yv1d/val_probs_labels.table.json","_latest_artifact_path":"wandb-client-artifact://e7w7l72wk96uqyo2ot898z7nvpp50jjou7tkeb1jvihwzl2fllp51vw6z85lh4p4ynslfo8yw5m5i8a4yo56nurlbvkwa3vpdvqof8uvzcnqsufbo023uu35ju6hxfsf:latest/val_probs_labels.table.json","path":"media/table/val_probs_labels_43_029ab3b89df977cc8412.table.json"},"sensitivity":0.9348659003473231,"val_total":532,"checkpoint_path":"Checkpoints/Messung-Gli-Men/trainsample_2128/checkpoint_epoch_030.pt","_step":43,"epoch":32,"val_accuracy":92.29323308270678,"specificity":0.9114391143575115,"best_model_path":"Checkpoints/Messung-Gli-Men/trainsample_2128/best_model.pt","train_samples_used":2128,"_wandb":{"runtime":311},"val_correct":491,"auc":0.9748625072457621,"_runtime":311.346567713,"train_loss":0.046584388684950545,"_timestamp":1.7484604321981742e+09,"val_incorrect":41,"val_loss":0.27363597105175036}