{"val_accuracy":93.06698002350177,"_wandb":{"runtime":181},"val_incorrect":59,"train_loss":0.08696838631294668,"specificity":0.8903225806164412,"sensitivity":0.953789279095124,"_timestamp":1.7486461642532713e+09,"auc":0.9776280484169102,"best_model_path":"Checkpoints/Messungen-noTu-Tu/trainsample_1021/best_model.pt","_runtime":181.834853613,"val_correct":792,"val_total":851,"val_probs_labels":{"_latest_artifact_path":"wandb-client-artifact://km3k3yzn4lpf2eh3zke5z5ugq57aax0r0qbl8gpoy36qb8vwwni3l3ke1sogh4tfeux52a55uc0cus4xtmp28cj25ecwqynx9jp9rw7jsd3r130nsnpjfuieprhf4voo:latest/val_probs_labels.table.json","path":"media/table/val_probs_labels_44_434448364743e882738e.table.json","ncols":2,"nrows":851,"_type":"table-file","sha256":"434448364743e882738e758d202e812f47326395e6dc2b05dd2455675c3f20af","size":22007,"artifact_path":"wandb-client-artifact://kphfjk5mqawru3vk77rv5vp4ai0hxaojrrj0myxvytzgc28hso0e3s63wg3y3iemiwkfb7j808ip8es3cmwfyxlq8nr6ofj22erccq9nr8gcprbnuw8a1jtpgohca5nv/val_probs_labels.table.json"},"train_samples_used":1021,"epoch":30,"checkpoint_path":"Checkpoints/Messungen-noTu-Tu/trainsample_1021/checkpoint_epoch_020.pt","_step":44,"val_loss":0.20818406769207545}