{"val_total":851,"_runtime":271.615578351,"best_model_path":"Checkpoints/Messungen-noTu-Tu/trainsample_1702/best_model.pt","val_correct":814,"val_accuracy":95.65217391304348,"train_loss":0.06169914860012276,"specificity":0.9516129031951093,"auc":0.9867151630791247,"epoch":33,"checkpoint_path":"Checkpoints/Messungen-noTu-Tu/trainsample_1702/checkpoint_epoch_030.pt","_step":47,"_timestamp":1.7485595924976635e+09,"val_incorrect":37,"val_loss":0.1713178168450083,"_wandb":{"runtime":271},"train_samples_used":1702,"val_probs_labels":{"_latest_artifact_path":"wandb-client-artifact://huar8towye31krt34co0nat9t5f7608vcrw78f5o796v0m07csmspait2q1439ome2py246gu0j23zaxeywpf6qqtyx0k37tssrbvfhbc5aivr845ox1sfisjlh09lqn:latest/val_probs_labels.table.json","path":"media/table/val_probs_labels_47_b06ac84dcb5922cbd5b3.table.json","ncols":2,"nrows":851,"_type":"table-file","sha256":"b06ac84dcb5922cbd5b3845353dff24bd07a52b92b2cfa8ffc995d2063cd1036","size":22114,"artifact_path":"wandb-client-artifact://ewms0wlxffvy7czdu2bd246306rfp2v25xj8fprww3eou3o35jrtqsqkko4t1mql71i0cf1s41vyrjmvacij47p14v81i5nmilndt4udz3lsb0266r5d7lc7ts4vqezt/val_probs_labels.table.json"},"sensitivity":0.959334565601491}