{"sensitivity":0.9833641404624147,"epoch":69,"train_samples_used":3404,"specificity":0.9451612902920915,"test_auc":0.9950698773581063,"auc":0.9970127004949019,"test_accuracy":97.52720079129574,"val_loss":0.07438605810914721,"test_total":1011,"test_specificity":0.9925925925680841,"train_percent_used":1,"_timestamp":1.7497796110052297e+09,"val_accuracy":96.94477085781433,"test_sensitivity":0.9636963696210611,"_step":69,"test_incorrect":25,"_wandb":{"runtime":1358},"train_loss":0.04517516614524303,"_runtime":1358.242087447,"val_probs_labels":{"size":21228,"artifact_path":"wandb-client-artifact://3snjhs50ooq1ks4mgi3gzulo2cg46uzjw27114w7mrnasmbpm2wlsnmgximwvw1pom4f5x4t4i50hdm9wbkb9jb8ylq8ntlss7lxnlkicezc4fcxnfuaiaj3204h2k65/val_probs_labels.table.json","_latest_artifact_path":"wandb-client-artifact://zrqz3r593qi4t4c3dr2nksrgsw6xf23wa0au7ds0a2momd5pcy6yen2iveindx83xeqgkxpufqmghouxmrb06e5co7kgfp0j767c662jipq9cmly1i4av6kyfnzsjh9r:latest/val_probs_labels.table.json","path":"media/table/val_probs_labels_68_32b3c5e58c88c211d61e.table.json","ncols":2,"nrows":851,"_type":"table-file","sha256":"32b3c5e58c88c211d61ee8eedb47b17995e1127483078eee8ca1b018b01ae306"},"test_correct":986}