{"val_accuracy":96.94477085781433,"sensitivity":0.9741219962851364,"val_total":851,"epoch":19,"train_loss":0.013204962605700124,"_step":19,"checkpoint_path":"Checkpoints/Hyperparametersuch-noTu-T/toasty-sweep-9/checkpoint_epoch_010.pt","val_loss":0.14298766643959324,"_wandb":{"runtime":257},"val_incorrect":26,"val_correct":825,"specificity":0.9612903225496358,"_runtime":257.500213497,"val_probs_labels":{"path":"media/table/val_probs_labels_19_cf3a24b56843696af8dc.table.json","ncols":2,"nrows":851,"_type":"table-file","sha256":"cf3a24b56843696af8dc952a94e949be153c5e49528d5e6ba3214a531a354913","size":20456,"artifact_path":"wandb-client-artifact://kx3x33lzabj48i6eel9u5bsf7frtj0atpoyyjpbnbntw9bocpyvnzexmsszsfdqjft3b8pv83ss4b9ljgckvveyyvgi5j7aaoq0lg1juk82kjgfjkhyy80dia5xnah6v/val_probs_labels.table.json","_latest_artifact_path":"wandb-client-artifact://505f3vljcuk92jc81wtm8qknvetam3nydn78dhgx3s1k6w4dlw5b0hng868saedhg04p6t4ooin9g103aqitzxg8w1wmh2vubffgtjvqmjfi6zkzu1sttccbx4irpp4u:latest/val_probs_labels.table.json"},"_timestamp":1.748034232020701e+09,"train_samples_used":3404,"auc":0.9940671397054439}