{"_timestamp":1.7504399631989083e+09,"test_specificity":0.9086419752862064,"epoch":27,"test_total":1011,"sensitivity":0.9548872180271638,"val_probs_labels":{"size":22175,"artifact_path":"wandb-client-artifact://acca1w7804sd6xjezr8clzdudpzrz0cw9314lxoqc6xygw5z5ggzxz2ph6eqyoax49t31sd0efohok24icyxhgaagcrqk96loxal70nt6suujie20f5cqd4kjk9ztd4y/val_probs_labels.table.json","_latest_artifact_path":"wandb-client-artifact://0d1e2dzcfxfstejhu8dornnw3fyul1bac19bii1l6aumx2xdgadqqp1gng63foy5md69krnmn07bz9oevvv4znqsnccmarnjd0pp6asgcnwsw0twl3lvbodot3pdah50:latest/val_probs_labels.table.json","path":"media/table/val_probs_labels_26_6c865d1518123587cfb1.table.json","ncols":2,"nrows":851,"_type":"table-file","sha256":"6c865d1518123587cfb1a573e89b837e77a8df9438067956f54097a0a83bdb2e"},"tumor_train":425,"test_auc":0.9481522226296704,"_wandb":{"runtime":287},"auc":0.9920274824993518,"test_accuracy":88.52621167161226,"train_samples_used":1701,"val_loss":0.17010286397167615,"no_tumor_train":1276,"test_sensitivity":0.8696369636820191,"test_correct":895,"_step":27,"_runtime":287.38214909,"specificity":0.9874608150160671,"train_loss":0.05029088704447661,"test_incorrect":116,"val_accuracy":96.70975323149236}