{"specificity":0.8709677419073881,"epoch":35,"_timestamp":1.7486395369026027e+09,"best_model_path":"Checkpoints/Messungen-noTu-Tu/trainsample_681/best_model.pt","val_probs_labels":{"artifact_path":"wandb-client-artifact://3n8ee67zoyegcj37c0g453pg89jxiexxlno7y2apgt383clh843t3jrygifswey3o1y9mqz47u9u4o6o5vjbkiyyjyr3b548gysd350u0yfonbob6yxkjo6rcaqaddov/val_probs_labels.table.json","_latest_artifact_path":"wandb-client-artifact://ayn73gtwxeoo5r5qji0j3b0mke7cow7xtqcltdjvb2mkmhnl0twoyzw54d3as175fr3fpwhjff8fkrkc8dvl1guwl71mo4f35u7wdnzjtdhd7a8g0o9rc39i7wunh1gz:latest/val_probs_labels.table.json","path":"media/table/val_probs_labels_50_6ee15c343729bd057773.table.json","ncols":2,"nrows":851,"_type":"table-file","sha256":"6ee15c343729bd057773bdf8063173d03bd7cff9527da5eceed44918efb95d01","size":21861},"_wandb":{"runtime":174},"checkpoint_path":"Checkpoints/Messungen-noTu-Tu/trainsample_681/checkpoint_epoch_030.pt","auc":0.981825770675571,"_step":50,"val_incorrect":56,"val_accuracy":93.41950646298473,"val_total":851,"_runtime":174.278825482,"train_samples_used":681,"val_correct":795,"sensitivity":0.9704251386142251,"train_loss":0.03138749456653992,"val_loss":0.2529712239546435}