{"test_confusion_matrix_table":{"ncols":3,"nrows":4,"_type":"table-file","sha256":"b027f14ddf110c94bf8c0642cb4440d1d775f4091939d3d7bf1f9b0f0ed87a2d","size":192,"artifact_path":"wandb-client-artifact://dn4nnsd85jqmvz8684e9v7rxwyy3tc8n13wiksmoagg9ax4sbxksz2ubgn69rhwy5vd41vjcvzp4l60u3pkl1zvuv319pxfmujxipwdaxz8hfbyje14f614f1grggomm/test_confusion_matrix_table.table.json","_latest_artifact_path":"wandb-client-artifact://guhy9veliz2fog4c15cemura6s0xf1mo30chxtzg0eg9g79qupbyu554j1sxs9x643f4k5toea77j6xlsjo0o2y4ecjz4d7mi6ujln1r457i2d3hjn92inphu83skdl7:latest/test_confusion_matrix_table.table.json","path":"media/table/test_confusion_matrix_table_18_b027f14ddf110c94bf8c.table.json"},"test_total":606,"test_sensitivity":0.9477124182696826,"test_auc":0.923954248366013,"test_correct":504,"test_accuracy":83.16831683168317,"val_accuracy":87.00564971751412,"glioma_train":317,"val_probs_labels":{"sha256":"21a759e682879ae5fdedbd3006e91746f2865211e4b4bda3d30196dcb2ee93d3","size":13348,"artifact_path":"wandb-client-artifact://5whsrmr65nwvq4by4zmwcaie70n823o4q31hyu36p3wyz6lealjj971wn2tllqo3uwm4bh9654i62wtbgqby5sg2z4kjz5ttucyqyfmmfobz949vv40dsoekv2dt87cq/val_probs_labels.table.json","_latest_artifact_path":"wandb-client-artifact://pob1o5buhkomqdxs4uthhyv5718zt7br8obqiq8830yrqntjy474frls57hyv6x07ntwx1jigkd3cvfcs8c8ttffttj5nd77bcn6mkpmb6n7ee1pppewzpctrwb8vthg:latest/val_probs_labels.table.json","path":"media/table/val_probs_labels_17_21a759e682879ae5fded.table.json","ncols":2,"nrows":531,"_type":"table-file"},"auc":0.9381596867551923,"train_loss":0.08008566546393023,"epoch":18,"meningioma_train":1072,"_timestamp":1.7494737677511733e+09,"train_samples_used":1389,"_wandb":{"runtime":176},"_step":18,"specificity":0.7727272726980027,"_runtime":176.600979531,"sensitivity":0.9662921347952699,"val_loss":0.5199320694596014,"test_specificity":0.7133333333095555,"test_incorrect":102,"test_probs_labels":{"path":"media/table/test_probs_labels_18_b5720af1483f331648cd.table.json","ncols":2,"nrows":606,"_type":"table-file","sha256":"b5720af1483f331648cdc09549e533906c64053fbd28de5191564fe72c9a4ef4","size":15248,"artifact_path":"wandb-client-artifact://gmkydaail12nhavrgzjtnmcorb7ynw2nkwdhkcrnjajvjyhjxblc0zxafbpgweol3u113fs98u0iqv3ozrlrd2bva7k9q5386sv1m8yj4ud0dz1v6l551631tylc5570/test_probs_labels.table.json","_latest_artifact_path":"wandb-client-artifact://fvkknjdets2jq8wb842q6q4rzjjr7pnkaus7oh0rso8qt4j3bqb7xriixsids9i0q9gx5t8ok7l1bik82cmkolcxa6idmoz09lgtzfjaq062g08dbb9zkkgwuf7n6uod:latest/test_probs_labels.table.json"}}