{"val_accuracy":95.18213866039953,"best_model_path":"Checkpoints/Messung-noTu-Tu/trainsample_1021/best_model.pt","sensitivity":0.9704251386142251,"train_samples_used":1021,"val_loss":0.20095152407884598,"_timestamp":1.7484664694426122e+09,"specificity":0.9193548386800208,"checkpoint_path":"Checkpoints/Messung-noTu-Tu/trainsample_1021/checkpoint_epoch_020.pt","val_total":851,"_wandb":{"runtime":153},"val_incorrect":41,"auc":0.981414346192833,"train_loss":0.06144512887112796,"_runtime":153.397983343,"val_correct":810,"_step":39,"epoch":25,"val_probs_labels":{"nrows":851,"_type":"table-file","sha256":"eb94cb4440e0b66bf7e0c3414947ffb95c6d870f7e38528165ca41ab8bb17de5","size":21971,"artifact_path":"wandb-client-artifact://dui1ugguw6buq68wwlb36xkjqr7lr5d4o06pqvjzn63u3o57608wkk9lb9e0t7avoscyyhyeqfhvdn8znci8w93nol619j31vr4t0rchjjyxxh8wqb8ksgotoppqaxgr/val_probs_labels.table.json","_latest_artifact_path":"wandb-client-artifact://avanks1cxqfgbaqxdc2ez60vc59em4prmx3fqetbp2clbmhc3mbxs63mb444m3lzj0ijvl4sg3ejy1otqoecybsy1dpztz63bazg8d0sau441pa38d6gpao9g4jco9y8:latest/val_probs_labels.table.json","path":"media/table/val_probs_labels_39_eb94cb4440e0b66bf7e0.table.json","ncols":2}}