{"train_samples_used":6127,"_wandb":{"runtime":3006},"test_auc":0.995876624699507,"sensitivity":0.9727503168506163,"test_specificity":0.9851851851608596,"val_probs_labels":{"sha256":"5215b6559886f1d7414ecea0780d9b5525fbe3586ceb7812ff0e331b9702c282","size":66433,"artifact_path":"wandb-client-artifact://0ouwyuir6oy2bow8pge6aawso1yp8ms9k2nkb8rtccmpkz28x94jix0t9gt6z3qza3kh1xicgvgbq8j94wgn32i2esvhvxm3aent21dcw2r97xum3ec9794j1o0iufp7/val_probs_labels.table.json","_latest_artifact_path":"wandb-client-artifact://ahnabe2pew2e5vzjjzhxpgfcb2npn24ye9qzmwr4v94c41igcwxjdxnacatuxfy9d3orm9z22x44ufnumccsrlphxnmwkvf2h1is83sfnb15hgs6gtrvyqidtvazke56:latest/val_probs_labels.table.json","path":"media/table/val_probs_labels_39_5215b6559886f1d7414e.table.json","ncols":2,"nrows":2553,"_type":"table-file"},"_runtime":3006.599105603,"test_total":1011,"train_percent_used":0.6,"epoch":40,"train_loss":0.03128843836687641,"val_loss":0.09919235901907086,"test_correct":990,"specificity":0.9825641025540249,"_step":40,"test_accuracy":97.92284866468842,"test_sensitivity":0.975247524736382,"val_accuracy":97.64982373678026,"test_incorrect":21,"auc":0.9958961359721815,"_timestamp":1.7493349180020776e+09}