{"_runtime":195.279856883,"test_incorrect":125,"train_loss":0.051989562499026455,"no_tumor_train":1276,"val_probs_labels":{"sha256":"99065e45ec06b2dca0f8fc78f314bc80cc8eda3cf0ad2ea4dd26440efef2821d","size":22318,"artifact_path":"wandb-client-artifact://x1b103wib9997szodr4o9lnwmln4z96oi63dox0484vb65l92hieo7h49xock0uumhxd4nn8ocdopju304bwsduedimzm6e81rk6g2m5u0b6mgprax8cvbrk77l4wuq1/val_probs_labels.table.json","_latest_artifact_path":"wandb-client-artifact://3r6hv0jnhes9rro4y5eutxw0232nxz41iikelnh0de2f65cpnnca4ki9wvn7brsnxe4shhbhnmzc0y1x722t1ulehd7vzi6pf33z09fiwrfgjff19osqef29prencuvm:latest/val_probs_labels.table.json","path":"media/table/val_probs_labels_20_99065e45ec06b2dca0f8.table.json","ncols":2,"nrows":851,"_type":"table-file"},"val_loss":0.4147963247128895,"test_specificity":0.8419753086211857,"auc":0.9883211162702996,"epoch":21,"tumor_train":212,"test_auc":0.9480625840361814,"test_accuracy":87.63600395647873,"test_correct":886,"specificity":0.9968652037305058,"_step":21,"sensitivity":0.936090225546314,"test_sensitivity":0.8993399339785587,"test_total":1011,"_wandb":{"runtime":195},"val_accuracy":95.88719153936546,"_timestamp":1.7504401646304228e+09,"train_samples_used":1488}