{"_timestamp":1.7504451329340718e+09,"no_tumor_train":1276,"epoch":12,"test_specificity":0.9999999999753086,"val_accuracy":62.51468860164512,"test_incorrect":606,"val_loss":0.6931437339101519,"test_accuracy":40.0593471810089,"test_sensitivity":0,"_runtime":250.527980375,"auc":0.5,"specificity":0,"val_probs_labels":{"nrows":851,"_type":"table-file","sha256":"50a4b45332c4c5978a0887368835ee64da14fb837d08209cc96eb78a4299c0f9","size":21315,"artifact_path":"wandb-client-artifact://9ac7uae6qphs3iryezfrwxlhttn4taln370jg5na0671fyfcxd0nnynadvui19e5nthdnc6kmn8wzby72dqu2nf2s35h4s5cbybj1xbpszao4yzmsl0drazkqaf7tihh/val_probs_labels.table.json","_latest_artifact_path":"wandb-client-artifact://ovmj66lqjn938c5pwjtqlgz1wfhyibidviiyslixmncc4uoatc657fkdkd626eqwbry7dz5gos8i8yj6c1pdkwncc9sz2q5gv1w1yhtrygxcnp0qocyvhd5thy3tivhf:latest/val_probs_labels.table.json","path":"media/table/val_probs_labels_11_50a4b45332c4c5978a08.table.json","ncols":2},"test_auc":0.5,"sensitivity":0.999999999981203,"test_total":1011,"train_loss":0.693345601911898,"_wandb":{"runtime":250},"_step":12,"train_samples_used":3404,"test_correct":405,"tumor_train":2128}