{"test_sensitivity":0.9273927392586239,"val_accuracy":96.3572267920094,"test_auc":0.98444362954814,"test_specificity":0.9555555555319616,"test_incorrect":62,"epoch":28,"_step":28,"specificity":0.9451612902920915,"val_probs_labels":{"sha256":"d300e78207aaf6ac9f238261889c4b3fea0b7f6badd830c8110f9bbd6c3bae7a","size":22041,"artifact_path":"wandb-client-artifact://u7afp0fmps0cytevrrg2znjotxb3n5bduyaixi8575pay82qtrqfdkpz1fk5mvabac8mxoaihepkj49sz5u81gmm9nyzzrshi24i7iixzyc0qhwedka7tphj30yv2ut3/val_probs_labels.table.json","_latest_artifact_path":"wandb-client-artifact://vjpwp3rgq225nbmha9frkpnqk9szecuau4nx1fvdvd2j3tjo8rk38x5ko79texanq2vbnxuka7mmhev3c7iosjk7cve9rlu1mydinwkimn8frzs66l9alztyik4m3nh3:latest/val_probs_labels.table.json","path":"media/table/val_probs_labels_27_d300e78207aaf6ac9f23.table.json","ncols":2,"nrows":851,"_type":"table-file"},"train_loss":0.054139776057318637,"val_loss":0.14520920387336186,"_timestamp":1.749763916156787e+09,"test_accuracy":93.86745796241345,"auc":0.9913600858625007,"sensitivity":0.9741219962851364,"_runtime":416.81766532,"test_total":1011,"_wandb":{"runtime":416},"train_percent_used":0.7,"train_samples_used":2382,"test_correct":949}