{"train_loss":0.06376441746183178,"val_loss":0.522108773390452,"val_correct":481,"val_total":532,"val_accuracy":90.41353383458647,"sensitivity":0.9655172413423173,"_timestamp":1.7481222286267354e+09,"auc":0.9659060383707286,"_runtime":305.294752893,"train_samples_used":2128,"specificity":0.8450184501533203,"epoch":32,"val_incorrect":51,"checkpoint_path":"Checkpoints/Hyperparametersuch-Gli-Men/amber-sweep-70/checkpoint_epoch_030.pt","_step":34,"val_probs_labels":{"nrows":532,"_type":"table-file","sha256":"6cd49ce7de91cec4d2b9c998656e053681798ceaea6f9bc4d995059d726d391e","size":12793,"artifact_path":"wandb-client-artifact://z9eb64rhoh7lhj5lgh2t2do9y6ps3in8fdknzxrn9a7c3uoz83ofh44t1vlgerzqz5ls39cghzlhmagl3pd66clcsnx364x2fyfqi6oz08rxul9lhdkb8t0rsapybiwh/val_probs_labels.table.json","_latest_artifact_path":"wandb-client-artifact://mh7ebm1igza00sx1zqfj2p68b8w3qi4aiy4k3rca230bnaq4f6au9oxug8v9ontcirx4keurnf8odcwau024tbx8jlvufrnro6h5jmu1ol93zh0wu0q9p5cueo0j96li:latest/val_probs_labels.table.json","path":"media/table/val_probs_labels_34_6cd49ce7de91cec4d2b9.table.json","ncols":2},"_wandb":{"runtime":305}}