{"auc":0.9703833999165224,"_wandb":{"runtime":100},"val_correct":797,"val_incorrect":54,"_step":11,"_timestamp":1.7485279835582175e+09,"val_accuracy":93.6545240893067,"val_probs_labels":{"_latest_artifact_path":"wandb-client-artifact://yep1nqbmr6gdl2gqqzs6nl9egqd7zywyrybr5ywpio5tbomx4h17pt7q46vpybp2bdxb8vb5i7gs87dicypasu33m4fwkvs2hzdfwezz52pfxfv1gcrw1tlshpaivl6m:latest/val_probs_labels.table.json","path":"media/table/val_probs_labels_10_f9ebff41f4df001530c0.table.json","ncols":2,"nrows":851,"_type":"table-file","sha256":"f9ebff41f4df001530c01670c7fbf2f03dbbdc24137087c60bf796dc7251b99e","size":21568,"artifact_path":"wandb-client-artifact://22axv2qljut9m9cfkxckdlyumqca2h9g59ysxwk00grxo6bhrl5frl3stabyd1yxlrj9bgy9ehj38v5bndhp0q2mpimqt28lpxcbozl0x9ge9h6sc0ykj850wa2aqymg/val_probs_labels.table.json"},"best_model_path":"Checkpoints/Messung-noTu-Tu/trainsample_3404/best_model.pt","train_samples_used":3404,"val_total":851,"train_loss":0.22594858540429008,"specificity":0.9290322580345474,"_runtime":98.023069812,"epoch":6,"sensitivity":0.9408502772469344,"val_loss":0.197286171572549}