{"checkpoint_path":"Checkpoints/Messungen-noTu-Tu/trainsample_3404/checkpoint_epoch_080.pt","epoch":81,"val_total":851,"val_probs_labels":{"artifact_path":"wandb-client-artifact://kcp3gh1y5lmxsiso277kfqy1g6e1vce2g0cymxm8fvu7j414b2gurm3wl63747134iq7kfml3iy6opctb8yhn44pfi8thgdxwznv26wcqv2xhp69l55uxsamow775ay6/val_probs_labels.table.json","_latest_artifact_path":"wandb-client-artifact://uhj9awfdsttanlr12jshb3fpdcprr0qol8ou9s8w0aclqh0to0ersakg8fgodyprnav2sdjt3wadasf777mbdn33nqnz6jotgvdwf395eq8svf7nawv7bszfetgdop3o:latest/val_probs_labels.table.json","path":"media/table/val_probs_labels_116_9e2ae1b1676d9973b058.table.json","ncols":2,"nrows":851,"_type":"table-file","sha256":"9e2ae1b1676d9973b0583bc4c4b65e38168cb363b61fb89fc8739543a93b17be","size":20972},"val_accuracy":97.64982373678026,"train_loss":0.02129288162622187,"best_model_path":"Checkpoints/Messungen-noTu-Tu/trainsample_3404/best_model.pt","val_loss":0.07135482504963875,"auc":0.9976805199451434,"_wandb":{"runtime":1125},"specificity":0.9903225806132154,"_step":116,"val_incorrect":20,"train_samples_used":3404,"val_correct":831,"_timestamp":1.7486441752882702e+09,"_runtime":1125.169292135,"sensitivity":0.9685767097787694}