{"train_samples_used":2128,"epoch":64,"checkpoint_path":"Checkpoints/Hyperparametersuch-Gli-Men/noble-sweep-68/checkpoint_epoch_060.pt","_runtime":606.947829227,"val_loss":0.4292334384388394,"val_incorrect":110,"val_total":532,"val_accuracy":79.32330827067669,"_wandb":{"runtime":606},"val_probs_labels":{"nrows":532,"_type":"table-file","sha256":"2a19ca5710c7d740e6cc538476af71b5fa581d1d6655528f0f59c8fa9b25e524","size":13537,"artifact_path":"wandb-client-artifact://5edpuml90wq0xzqobfyp0wfsn2aphveaqex56ja9xuuoyoa1a107pdqlmj76ufvr6j9ygjb2l34q500h0m1fz5xgjw62arcjugqf7i1r64gk9h3qa3ogn5svhu4jt5gk/val_probs_labels.table.json","_latest_artifact_path":"wandb-client-artifact://378ic6sn6dfi9qfiexv3jn3qctkknlcfollp34k5m065i17qafegkw6rtqecgy10es5756pw1czntxz6vu1b3jq1zsqejykbhnzxfsedtb31cwcluhw21r19bx96ey9g:latest/val_probs_labels.table.json","path":"media/table/val_probs_labels_69_2a19ca5710c7d740e6cc.table.json","ncols":2},"train_loss":0.3495215309016845,"auc":0.9055788833750408,"specificity":0.9077490774572786,"sensitivity":0.6743295018898724,"_step":69,"val_correct":422,"_timestamp":1.7481216603331196e+09}