{"checkpoint_path":"Checkpoints/Hyperparametersuch-Gli-Men/dulcet-sweep-6/checkpoint_epoch_040.pt","train_samples_used":2128,"val_correct":488,"val_accuracy":91.72932330827066,"val_total":532,"auc":0.9698152153935331,"sensitivity":0.9042145593523289,"val_incorrect":44,"_step":44,"train_loss":0.09676637769417655,"val_probs_labels":{"sha256":"e4d71f126b7955eec123c407fb69b2cd52f5309a0e8754efe233a48acd9eb834","size":13725,"artifact_path":"wandb-client-artifact://flz3ynwca6zvivo7osrstq9x4p8qxgngaiz6nfsqv7daro28wqigomfoddtkxy6htg2k5m6phrj72cmnzeocjgt75biw6kao0vijpj0im5ezzfd10vcuuird84r2g69s/val_probs_labels.table.json","_latest_artifact_path":"wandb-client-artifact://l0htvsheqdscieyz2g3y2lt6kv2qawf21iqrnxyksi7ea1v01bvjfnir0ji9t9bfx5uhr315dpdw6dv4t0ash3yb0247bibkcmyi7nyqisdwfh6kxa8ei6kesthpq8b1:latest/val_probs_labels.table.json","path":"media/table/val_probs_labels_44_e4d71f126b7955eec123.table.json","ncols":2,"nrows":532,"_type":"table-file"},"val_loss":0.2618216038270689,"specificity":0.9298892988586757,"_timestamp":1.748101783415429e+09,"epoch":41,"_wandb":{"runtime":378},"_runtime":378.50256568}