{"val_incorrect":25,"_step":54,"val_loss":0.16828103150640214,"train_loss":0.03663494571810588,"val_total":851,"_wandb":{"runtime":351},"specificity":0.9612903225496358,"auc":0.9918013237135532,"epoch":38,"best_model_path":"Checkpoints/Messungen-noTu-Tu/trainsample_2042/best_model.pt","val_correct":826,"sensitivity":0.9759704251205921,"train_samples_used":2042,"_timestamp":1.7486526046883793e+09,"_runtime":351.944697322,"val_accuracy":97.06227967097533,"checkpoint_path":"Checkpoints/Messungen-noTu-Tu/trainsample_2042/checkpoint_epoch_030.pt","val_probs_labels":{"_type":"table-file","sha256":"078533b0c11d5899b4b7a3d8f7c01431a08fb590795fa56442fd135d93c94bb3","size":21370,"artifact_path":"wandb-client-artifact://p47jxeossjxqtgdiqjxkj9rajx4z3x4n5idlbmc0g7jvljwfi0saze3726dfmucoeoq2navvj2kz1la21moqij6g10m4o73td14m7dscpo2gn2e8sl2wmc07m4vtbglg/val_probs_labels.table.json","_latest_artifact_path":"wandb-client-artifact://aa7sbowadjz372bmpoovbjzb7jtvcyynwubva9ga7pnlduqk8pt7jked7xndov2q6k0i6s14bbytp6h9ey2mubpsu7kazvzc2el6rwas2l2yzp4j6vbrh7zydwslq3ll:latest/val_probs_labels.table.json","path":"media/table/val_probs_labels_54_078533b0c11d5899b4b7.table.json","ncols":2,"nrows":851}}