{"test_incorrect":74,"train_samples_used":1702,"val_accuracy":94.71210340775558,"_timestamp":1.749777196895554e+09,"val_loss":0.21531755477190018,"train_percent_used":0.5,"_step":31,"_wandb":{"runtime":371},"test_total":1011,"test_accuracy":92.68051434223541,"test_specificity":0.9679012345440025,"test_sensitivity":0.8993399339785587,"val_probs_labels":{"_latest_artifact_path":"wandb-client-artifact://9v0lsb7kl257src2og5liz7p2vq27v8agfu7ut2p6tc82k8nu0d7347x118igaw7czk14y9t86ompnlrzay7rjra55a6gakhv57s47jnwhoc10dc3ab209ivikdh0091:latest/val_probs_labels.table.json","path":"media/table/val_probs_labels_30_38e265c17654507792fa.table.json","ncols":2,"nrows":851,"_type":"table-file","sha256":"38e265c17654507792fa2bba5f8c28ea12f892c621b5e23d5c228092ba3272c5","size":21186,"artifact_path":"wandb-client-artifact://vjgt6ysn15v7n4ji794jlcu7d4062h5t2nv99x4ft3fw6ruejyhbimu2zec4ek6r01ed9vv24l128zulmabxyd7y3bgl4ygukvtdifthaafyaz24j2k1opumscddkwaf/val_probs_labels.table.json"},"specificity":0.8870967741649324,"auc":0.9861159143760061,"test_correct":937,"test_auc":0.9746282035610968,"_runtime":371.32308661,"train_loss":0.028166075702756643,"sensitivity":0.981515711626959,"epoch":31}